date,node_id,viewed_assets,status,issue,action,next
2026-07-04,CO_2009_002,question-01.png; solution-01.png,pass,本次对话题图与解析图已转入详情库；正式层只保留安全摘要,创建详情卡并刷新桥接快照,后续补 MarginNote 定位或稳定题源定位
2026-07-01,CO_2015_004,question-01.png; solution-01.png,pass,题图较薄但可读；解析长图可读,未修改,后续可复核来源 ID
2026-07-01,CO_2017_001,question-01.png; solution-01.png,partial_pass,题图清晰；解析图 1 可读；solution-02.png 未复核,未修改,继续查看 solution-02.png
2026-07-01,CO_UNK_009,question-01.png; solution-01.png,fixed,原 solution-01.png 与题图重复,删除重复解析图并重排解析图编号,继续查看重排后的 solution-02.png 和 solution-03.png
2026-07-01,DS_2014_003,question-01.png; solution-01.png,pass,用户手动补图可读，题图与解析匹配,未修改,无
2026-07-01,DS_2015_002,question-01.png; solution-01.png,pass,题图与解析图一致,未修改,无
2026-07-01,DS_2015_003,question-01.png; solution-01.png,pass,题图与解析图一致,未修改,无
2026-07-01,DS_2017_004,question-01.png; solution-01.png,pass,题图与解析图一致,未修改,无
2026-07-01,DS_2018_002,question-01.png; solution-01.png,pass,题图与解析图一致,未修改,无
2026-07-01,DS_2019_001,question-01.png; solution-01.png,pass,题图与解析图一致,未修改,无
2026-07-01,CN_2013_001,question-01.png; solution-01.png; solution-02.png,fixed,解析图片串入其他题；解析文字末尾混入其他题内容,错误解析图移入隔离目录，卡片移除错误引用与混入文字,后续补正确解析图时再登记
2026-07-01,OS_2018_005,question-01.png,partial_pass,题图较薄但可读；无解析图,未修改,后续复核解析文字
2026-07-01,CO_2024_004,question-01.png,needs_original_scan,MarginNote 文字卡渲染图，可复做但不是原题扫描,未修改,如能定位 MarginNote 原图，替换为原题扫描
2026-07-01,OS_UNK_015,question-01.png,partial_pass,题图较薄但可读，含来源标记痕迹,未修改,后续复核解析文字
2026-07-01,CO_UNK_006,question/solution hash check; representative images viewed,fixed_by_hash_duplicate_check,解析图片与题图文件内容完全重复,重复解析图移入隔离目录；详情页移除重复解析图引用；保留解析文字,后续抽查解析文字是否对应当前题
2026-07-01,CO_UNK_008,question/solution hash check; representative images viewed,fixed_by_hash_duplicate_check,解析图片与题图文件内容完全重复,重复解析图移入隔离目录；详情页移除重复解析图引用；保留解析文字,后续抽查解析文字是否对应当前题
2026-07-01,CO_UNK_015,question/solution hash check; representative images viewed,fixed_by_hash_duplicate_check,解析图片与题图文件内容完全重复,重复解析图移入隔离目录；详情页移除重复解析图引用；保留解析文字,后续抽查解析文字是否对应当前题
2026-07-01,CO_UNK_017,question/solution hash check; representative images viewed,fixed_by_hash_duplicate_check,解析图片与题图文件内容完全重复,重复解析图移入隔离目录；详情页移除重复解析图引用；保留解析文字,后续抽查解析文字是否对应当前题
2026-07-01,CO_UNK_020,question/solution hash check; representative images viewed,fixed_by_hash_duplicate_check,解析图片与题图文件内容完全重复,重复解析图移入隔离目录；详情页移除重复解析图引用；保留解析文字,后续抽查解析文字是否对应当前题
2026-07-01,CO_UNK_025,question/solution hash check; representative images viewed,fixed_by_hash_duplicate_check,解析图片与题图文件内容完全重复,重复解析图移入隔离目录；详情页移除重复解析图引用；保留解析文字,后续抽查解析文字是否对应当前题
2026-07-01,CO_UNK_027,question/solution hash check; representative images viewed,fixed_by_hash_duplicate_check,解析图片与题图文件内容完全重复,重复解析图移入隔离目录；详情页移除重复解析图引用；保留解析文字,后续抽查解析文字是否对应当前题
2026-07-01,CO_UNK_028,question/solution hash check; representative images viewed,fixed_by_hash_duplicate_check,解析图片与题图文件内容完全重复,重复解析图移入隔离目录；详情页移除重复解析图引用；保留解析文字,后续抽查解析文字是否对应当前题
2026-07-01,CO_UNK_037,question/solution hash check; representative images viewed,fixed_by_hash_duplicate_check,解析图片与题图文件内容完全重复,重复解析图移入隔离目录；详情页移除重复解析图引用；保留解析文字,后续抽查解析文字是否对应当前题
2026-07-01,CO_UNK_038,question/solution hash check; representative images viewed,fixed_by_hash_duplicate_check,解析图片与题图文件内容完全重复,重复解析图移入隔离目录；详情页移除重复解析图引用；保留解析文字,后续抽查解析文字是否对应当前题
2026-07-01,CO_UNK_039,question/solution hash check; representative images viewed,fixed_by_hash_duplicate_check,解析图片与题图文件内容完全重复,重复解析图移入隔离目录；详情页移除重复解析图引用；保留解析文字,后续抽查解析文字是否对应当前题
2026-07-01,CO_UNK_040,question/solution hash check; representative images viewed,fixed_by_hash_duplicate_check,解析图片与题图文件内容完全重复,重复解析图移入隔离目录；详情页移除重复解析图引用；保留解析文字,后续抽查解析文字是否对应当前题
2026-07-01,CO_UNK_041,question/solution hash check; representative images viewed,fixed_by_hash_duplicate_check,解析图片与题图文件内容完全重复,重复解析图移入隔离目录；详情页移除重复解析图引用；保留解析文字,后续抽查解析文字是否对应当前题
2026-07-01,CO_UNK_042,question/solution hash check; representative images viewed,fixed_by_hash_duplicate_check,解析图片与题图文件内容完全重复,重复解析图移入隔离目录；详情页移除重复解析图引用；保留解析文字,后续抽查解析文字是否对应当前题
2026-07-01,CO_UNK_043,question/solution hash check; representative images viewed,fixed_by_hash_duplicate_check,解析图片与题图文件内容完全重复,重复解析图移入隔离目录；详情页移除重复解析图引用；保留解析文字,后续抽查解析文字是否对应当前题
2026-07-01,CO_UNK_044,question/solution hash check; representative images viewed,fixed_by_hash_duplicate_check,解析图片与题图文件内容完全重复,重复解析图移入隔离目录；详情页移除重复解析图引用；保留解析文字,后续抽查解析文字是否对应当前题
2026-07-01,CO_UNK_045,question/solution hash check; representative images viewed,fixed_by_hash_duplicate_check,解析图片与题图文件内容完全重复,重复解析图移入隔离目录；详情页移除重复解析图引用；保留解析文字,后续抽查解析文字是否对应当前题
2026-07-01,CO_UNK_046,question/solution hash check; representative images viewed,fixed_by_hash_duplicate_check,解析图片与题图文件内容完全重复,重复解析图移入隔离目录；详情页移除重复解析图引用；保留解析文字,后续抽查解析文字是否对应当前题
2026-07-01,CO_UNK_047,question/solution hash check; representative images viewed,fixed_by_hash_duplicate_check,解析图片与题图文件内容完全重复,重复解析图移入隔离目录；详情页移除重复解析图引用；保留解析文字,后续抽查解析文字是否对应当前题
2026-07-01,CO_UNK_048,question/solution hash check; representative images viewed,fixed_by_hash_duplicate_check,解析图片与题图文件内容完全重复,重复解析图移入隔离目录；详情页移除重复解析图引用；保留解析文字,后续抽查解析文字是否对应当前题
2026-07-01,CO_UNK_049,question/solution hash check; representative images viewed,fixed_by_hash_duplicate_check,解析图片与题图文件内容完全重复,重复解析图移入隔离目录；详情页移除重复解析图引用；保留解析文字,后续抽查解析文字是否对应当前题
2026-07-01,CO_UNK_050,question/solution hash check; representative images viewed,fixed_by_hash_duplicate_check,解析图片与题图文件内容完全重复,重复解析图移入隔离目录；详情页移除重复解析图引用；保留解析文字,后续抽查解析文字是否对应当前题
2026-07-01,CO_UNK_051,question/solution hash check; representative images viewed,fixed_by_hash_duplicate_check,解析图片与题图文件内容完全重复,重复解析图移入隔离目录；详情页移除重复解析图引用；保留解析文字,后续抽查解析文字是否对应当前题
2026-07-01,CO_UNK_054,question/solution hash check; representative images viewed,fixed_by_hash_duplicate_check,解析图片与题图文件内容完全重复,重复解析图移入隔离目录；详情页移除重复解析图引用；保留解析文字,后续抽查解析文字是否对应当前题
2026-07-01,CO_UNK_055,question/solution hash check; representative images viewed,fixed_by_hash_duplicate_check,解析图片与题图文件内容完全重复,重复解析图移入隔离目录；详情页移除重复解析图引用；保留解析文字,后续抽查解析文字是否对应当前题
2026-07-01,CO_UNK_057,question/solution hash check; representative images viewed,fixed_by_hash_duplicate_check,解析图片与题图文件内容完全重复,重复解析图移入隔离目录；详情页移除重复解析图引用；保留解析文字,后续抽查解析文字是否对应当前题
2026-07-01,CO_UNK_059,question/solution hash check; representative images viewed,fixed_by_hash_duplicate_check,解析图片与题图文件内容完全重复,重复解析图移入隔离目录；详情页移除重复解析图引用；保留解析文字,后续抽查解析文字是否对应当前题
2026-07-01,OS_UNK_004,question/solution hash check; representative images viewed,fixed_by_hash_duplicate_check,解析图片与题图文件内容完全重复,重复解析图移入隔离目录；详情页移除重复解析图引用；保留解析文字,后续抽查解析文字是否对应当前题
2026-07-01,OS_UNK_009,question/solution hash check; representative images viewed,fixed_by_hash_duplicate_check,解析图片与题图文件内容完全重复,重复解析图移入隔离目录；详情页移除重复解析图引用；保留解析文字,后续抽查解析文字是否对应当前题
2026-07-01,OS_UNK_012,question/solution hash check; representative images viewed,fixed_by_hash_duplicate_check,解析图片与题图文件内容完全重复,重复解析图移入隔离目录；详情页移除重复解析图引用；保留解析文字,后续抽查解析文字是否对应当前题
2026-07-01,OS_UNK_035,question/solution hash check; representative images viewed,fixed_by_hash_duplicate_check,解析图片与题图文件内容完全重复,重复解析图移入隔离目录；详情页移除重复解析图引用；保留解析文字,后续抽查解析文字是否对应当前题
2026-07-01,OS_UNK_043,question/solution hash check; representative images viewed,fixed_by_hash_duplicate_check,解析图片与题图文件内容完全重复,重复解析图移入隔离目录；详情页移除重复解析图引用；保留解析文字,后续抽查解析文字是否对应当前题
2026-07-01,OS_UNK_046,question/solution hash check; representative images viewed,fixed_by_hash_duplicate_check,解析图片与题图文件内容完全重复,重复解析图移入隔离目录；详情页移除重复解析图引用；保留解析文字,后续抽查解析文字是否对应当前题
2026-07-01,OS_UNK_047,question/solution hash check; representative images viewed,fixed_by_hash_duplicate_check,解析图片与题图文件内容完全重复,重复解析图移入隔离目录；详情页移除重复解析图引用；保留解析文字,后续抽查解析文字是否对应当前题
2026-07-01,CN_2016_001,question-01.png; solution-01..03 contact sheet,fixed,solution-02/03 为编码方法课件图，不是当前香农公式题的直接解析,移入隔离目录，仅保留直接解析图 solution-01.png,后续复核解析文字
2026-07-01,CN_UNK_049,question-01.png; solution-01..02 contact sheet,fixed,解析图为 802.1Q/802.11 图，不是当前以太网 MAC 服务题的直接解析,移入隔离目录，解析区保留解析文字,后续补正确解析图时再登记
2026-07-01,CO_2024_001,question-01.png; solution-01..04 contact sheet,fixed,解析图为其他 I/O/DMA 大题或手写过程，不是当前 DMA 控制通路选择题的直接解析,移入隔离目录，解析区保留解析文字,后续补正确解析图时再登记
2026-07-01,CO_2024_002,question-01.png; solution-01..02 contact sheet,fixed,解析图为其他 I/O 大题，不是当前中断 I/O 概念题的直接解析,移入隔离目录，解析区保留解析文字,后续补正确解析图时再登记
2026-07-01,CO_UNK_001,question-01.png; solution-01..03.png,quarantined_wrong_binding,原题图和解析图围绕 Cache 容量/地址位数计算，与当前正式节点 Cache 失效时的数据传送粒度不一致,原卡和原图移入 wrong_question_binding_2026-07-01 隔离区，当前详情页改为题图与解析待补,从 MarginNote 或历史来源补回正确题图与解析
2026-07-01,DS_2009_001,question-01..02; solution-01..03 contact sheet,partial_fixed,solution-03 为哈夫曼编码图，和完全二叉树结点数题不对应,移除明显串图；保留完全二叉树相关图,后续复核保留图是否仍属于直接解析
2026-07-01,DS_2009_001,question-01.png; question-02.png; solution-01.png; solution-02.png,fixed_question_hint_and_mismatched_solution,question-02 为完全二叉树概念图不应默认显示在题目区；solution-01/02 为二叉堆示意不是当前题直接解析,将 question-02 移为 solution-01；二叉堆串图移入 mismatched_or_supplemental_solution 隔离目录,后续只需核对解析文字是否继续可读
2026-07-01,DS_2017_003,question-01.png; solution-01..02 contact sheet,fixed,解析图为主存/Cache 映射图，不是 B+ 树应用题解析,移入隔离目录，解析区保留解析文字,后续补正确解析图时再登记
2026-07-01,DS_2022_002,question-01.png; solution-01..04 contact sheet,fixed,solution-02/03/04 为其他排序/外部排序内容，不是当前直接插入排序对比题的直接解析,移除串入图，仅保留直接解析图 solution-01.png,后续复核解析文字
2026-07-01,CO_UNK_055,question-01.png; solution-01..03 contact sheet,pass,流水线结构图与当前流水线技术题同专题，未见明显串题,未修改,后续逐图放大复核文字细节
2026-07-01,CO_UNK_055,question-01.png; solution-01..03.png,fixed_duplicate_solution_images,三张解析图均为五段式流水线图，前两张无标注且信息重复，第三张带转发路径标注更贴近当前 RAW/流水线相关题,前两张无标注图移入 mismatched_or_supplemental_solution 隔离目录；带标注图重排为 solution-01.png,后续只需核对解析文字是否继续可读
2026-07-01,DS_2014_002,small-question contact sheet; original image where needed,pass_small_question_image,题图尺寸较小或较薄，但直接查看后题目主体可读,未修改题图,若复做时仍觉得题图不完整，再从 MarginNote 原卡补原图
2026-07-01,OS_2009_002,small-question contact sheet; original image where needed,pass_small_question_image,题图尺寸较小或较薄，但直接查看后题目主体可读,未修改题图,若复做时仍觉得题图不完整，再从 MarginNote 原卡补原图
2026-07-01,OS_UNK_002,small-question contact sheet; original image where needed,pass_small_question_image,题图尺寸较小或较薄，但直接查看后题目主体可读,未修改题图,若复做时仍觉得题图不完整，再从 MarginNote 原卡补原图
2026-07-01,OS_UNK_016,small-question contact sheet; original image where needed,pass_small_question_image,题图尺寸较小或较薄，但直接查看后题目主体可读,未修改题图,若复做时仍觉得题图不完整，再从 MarginNote 原卡补原图
2026-07-01,OS_UNK_017,small-question contact sheet; original image where needed,pass_small_question_image,题图尺寸较小或较薄，但直接查看后题目主体可读,未修改题图,若复做时仍觉得题图不完整，再从 MarginNote 原卡补原图
2026-07-01,OS_UNK_018,small-question contact sheet; original image where needed,pass_small_question_image,题图尺寸较小或较薄，但直接查看后题目主体可读,未修改题图,若复做时仍觉得题图不完整，再从 MarginNote 原卡补原图
2026-07-01,OS_UNK_020,small-question contact sheet; original image where needed,duplicate_candidate,题图主体可读，但与另一节点题图完全重复，需进入重复映射复核,未修改题图,核查 duplicate-question-image-candidates.csv 后再决定是否合并/排除
2026-07-01,OS_UNK_025,small-question contact sheet; original image where needed,pass_small_question_image,题图尺寸较小或较薄，但直接查看后题目主体可读,未修改题图,若复做时仍觉得题图不完整，再从 MarginNote 原卡补原图
2026-07-01,OS_UNK_026,small-question contact sheet; original image where needed,duplicate_candidate,题图主体可读，但与另一节点题图完全重复，需进入重复映射复核,未修改题图,核查 duplicate-question-image-candidates.csv 后再决定是否合并/排除
2026-07-01,OS_UNK_027,small-question contact sheet; original image where needed,pass_small_question_image,题图尺寸较小或较薄，但直接查看后题目主体可读,未修改题图,若复做时仍觉得题图不完整，再从 MarginNote 原卡补原图
2026-07-01,OS_UNK_028,small-question contact sheet; original image where needed,pass_small_question_image,题图尺寸较小或较薄，但直接查看后题目主体可读,未修改题图,若复做时仍觉得题图不完整，再从 MarginNote 原卡补原图
2026-07-01,OS_UNK_029,small-question contact sheet; original image where needed,pass_small_question_image,题图尺寸较小或较薄，但直接查看后题目主体可读,未修改题图,若复做时仍觉得题图不完整，再从 MarginNote 原卡补原图
2026-07-01,OS_UNK_030,small-question contact sheet; original image where needed,pass_small_question_image,题图尺寸较小或较薄，但直接查看后题目主体可读,未修改题图,若复做时仍觉得题图不完整，再从 MarginNote 原卡补原图
2026-07-01,OS_UNK_031,small-question contact sheet; original image where needed,pass_small_question_image,题图尺寸较小或较薄，但直接查看后题目主体可读,未修改题图,若复做时仍觉得题图不完整，再从 MarginNote 原卡补原图
2026-07-01,DS_2015_001,question-01.png; question-02.png,fixed_answer_image_in_question,第二张题图实际是解析/公式说明图，放在题目区会提前暴露做法,将 question-02.png 移为 solution-01.png，并更新详情页引用,后续复核解析文字是否还含答案暴露位置，但详情库允许解析折叠显示
2026-07-01,DUP_GROUP_01,duplicate-question-groups-2026-07-01/dup-group-01.png,duplicate_question_image_candidate,不同节点存在完全相同题图，可能是历史/正式重复映射或详情入口错绑,生成 duplicate-question-image-candidates.csv；本轮不删除正式节点,后续按 group_id 核查节点总表、来源 ID 和安全卡后再决定处理
2026-07-01,DUP_GROUP_02,duplicate-question-groups-2026-07-01/dup-group-02.png,duplicate_question_image_candidate,不同节点存在完全相同题图，可能是历史/正式重复映射或详情入口错绑,生成 duplicate-question-image-candidates.csv；本轮不删除正式节点,后续按 group_id 核查节点总表、来源 ID 和安全卡后再决定处理
2026-07-01,DUP_GROUP_03,duplicate-question-groups-2026-07-01/dup-group-03.png,duplicate_question_image_candidate,不同节点存在完全相同题图，可能是历史/正式重复映射或详情入口错绑,生成 duplicate-question-image-candidates.csv；本轮不删除正式节点,后续按 group_id 核查节点总表、来源 ID 和安全卡后再决定处理
2026-07-01,DUP_GROUP_04,duplicate-question-groups-2026-07-01/dup-group-04.png,duplicate_question_image_candidate,不同节点存在完全相同题图，可能是历史/正式重复映射或详情入口错绑,生成 duplicate-question-image-candidates.csv；本轮不删除正式节点,后续按 group_id 核查节点总表、来源 ID 和安全卡后再决定处理
2026-07-01,DUP_GROUP_05,duplicate-question-groups-2026-07-01/dup-group-05.png,duplicate_question_image_candidate,不同节点存在完全相同题图，可能是历史/正式重复映射或详情入口错绑,生成 duplicate-question-image-candidates.csv；本轮不删除正式节点,后续按 group_id 核查节点总表、来源 ID 和安全卡后再决定处理
2026-07-01,DUP_GROUP_06,duplicate-question-groups-2026-07-01/dup-group-06.png,duplicate_question_image_candidate,不同节点存在完全相同题图，可能是历史/正式重复映射或详情入口错绑,生成 duplicate-question-image-candidates.csv；本轮不删除正式节点,后续按 group_id 核查节点总表、来源 ID 和安全卡后再决定处理
2026-07-01,DUP_GROUP_07,duplicate-question-groups-2026-07-01/dup-group-07.png,duplicate_question_image_candidate,不同节点存在完全相同题图，可能是历史/正式重复映射或详情入口错绑,生成 duplicate-question-image-candidates.csv；本轮不删除正式节点,后续按 group_id 核查节点总表、来源 ID 和安全卡后再决定处理
2026-07-01,DUP_GROUP_08,duplicate-question-groups-2026-07-01/dup-group-08.png,duplicate_question_image_candidate,不同节点存在完全相同题图，可能是历史/正式重复映射或详情入口错绑,生成 duplicate-question-image-candidates.csv；本轮不删除正式节点,后续按 group_id 核查节点总表、来源 ID 和安全卡后再决定处理
2026-07-01,DUP_GROUP_09,duplicate-question-groups-2026-07-01/dup-group-09.png,duplicate_question_image_candidate,不同节点存在完全相同题图，可能是历史/正式重复映射或详情入口错绑,生成 duplicate-question-image-candidates.csv；本轮不删除正式节点,后续按 group_id 核查节点总表、来源 ID 和安全卡后再决定处理
2026-07-01,CN_2009_002,question-01.png,quarantined_wrong_binding,题图与 CN_UNK_031 完全相同，且与当前节点元信息不一致,原卡和原图移入 wrong_question_binding_2026-07-01 隔离区，当前详情页改为题图与解析待补,从 MarginNote 或历史来源补回正确题图与解析
2026-07-01,CO_UNK_003,question-01.png; solution-01.png,quarantined_wrong_binding,题图与 CO_2010_002 完全相同，且与当前节点元信息不一致,原卡和原图移入 wrong_question_binding_2026-07-01 隔离区，当前详情页改为题图与解析待补,从 MarginNote 或历史来源补回正确题图与解析
2026-07-01,OS_2020_002,question-01.png; solution-01.png,quarantined_wrong_binding,题图与 CO_2015_002 完全相同，且与当前节点元信息不一致,原卡和原图移入 wrong_question_binding_2026-07-01 隔离区，当前详情页改为题图与解析待补,从 MarginNote 或历史来源补回正确题图与解析
2026-07-01,OS_UNK_095,question-01.png,quarantined_wrong_binding,题图与 CO_2016_001 完全相同，且与当前节点元信息不一致,原卡和原图移入 wrong_question_binding_2026-07-01 隔离区，当前详情页改为题图与解析待补,从 MarginNote 或历史来源补回正确题图与解析
2026-07-01,CO_UNK_004,question-01.png; solution-01.png,quarantined_wrong_binding,题图与 CO_UNK_001 完全相同，且与当前节点元信息不一致,原卡和原图移入 wrong_question_binding_2026-07-01 隔离区，当前详情页改为题图与解析待补,从 MarginNote 或历史来源补回正确题图与解析
2026-07-01,CO_UNK_005,question-01.png; solution-01.png,quarantined_wrong_binding,题图与 CO_UNK_001 完全相同，且与当前节点元信息不一致,原卡和原图移入 wrong_question_binding_2026-07-01 隔离区，当前详情页改为题图与解析待补,从 MarginNote 或历史来源补回正确题图与解析
2026-07-01,CO_UNK_020,question-01.png,quarantined_wrong_binding,题图与 CO_UNK_017 完全相同，且与当前节点元信息不一致,原卡和原图移入 wrong_question_binding_2026-07-01 隔离区，当前详情页改为题图与解析待补,从 MarginNote 或历史来源补回正确题图与解析
2026-07-01,CO_UNK_019,question-01.png; solution-01.png,quarantined_wrong_binding,题图与 CO_UNK_018 完全相同，且与当前节点元信息不一致,原卡和原图移入 wrong_question_binding_2026-07-01 隔离区，当前详情页改为题图与解析待补,从 MarginNote 或历史来源补回正确题图与解析
2026-07-01,OS_UNK_020,question-01.png,quarantined_wrong_binding,题图与 OS_UNK_026 完全相同，且与当前节点元信息不一致,原卡和原图移入 wrong_question_binding_2026-07-01 隔离区，当前详情页改为题图与解析待补,从 MarginNote 或历史来源补回正确题图与解析
2026-07-01,DUP_GROUP_08,duplicate-question-groups-2026-07-01/dup-group-08.png,pending_formal_review,两节点均属于死锁相关范围，仅靠题图无法判断哪一个是错绑,暂不改图也不合并正式节点,结合历史定位和安全卡进一步确认
2026-07-01,CN_2009_001,question-01.png; solution-01.png,pass,题图与解析图主题一致：OSI 参考模型端到端服务层次,未修改,继续后续抽检
2026-07-01,CN_2015_001,question-01.png; solution-01.png,pass,题图与解析图主题一致：线路编码波形识别,未修改,继续后续抽检
2026-07-01,CN_2020_001,question-01.png; solution-01.png,pass,题图与解析图主题一致：协议三要素与时序图,未修改,继续后续抽检
2026-07-01,CN_2024_001,question-01.png; solution-01.png,pass,题图与解析图主题一致：多段链路吞吐量,未修改,继续后续抽检
2026-07-01,CN_UNK_048,question-01.png; solution-01.png,needs_solution_image,题图为 MAC 确认机制；原解析图为以太网 MAC 帧结构，主题不一致,solution-01.png 移入 mismatched_or_supplemental_solution/CN_UNK_048；详情卡移除图片引用并标记解析图待补,后续从 MarginNote 或手动截图补正确解析图
2026-07-01,CO_2010_002,question-01.png; solution-01.png,wrong_binding_quarantined,正式节点记录为 2010 年来源；原详情题图显示为 2011 年题，年份/题源不一致,原详情卡和图片移入 wrong_question_binding_2026-07-01；当前详情卡改为题图与解析待补,后续从 MarginNote 或手动截图补 CO_2010_002 正确题图与解析
2026-07-01,CO_2012_003,question-01.png; solution-01.png,pass,题图与解析图主题一致：中断处理与子程序调用现场保护,未修改,继续后续抽检
2026-07-01,CO_2012_005,question-01.png; solution-01.png,pass,题图与解析图主题一致：小端存储、边界对齐与结构体地址,未修改,继续后续抽检
2026-07-01,CO_2013_002,question-01.png; solution-01.png,wrong_binding_quarantined,正式节点为 ISA/指令系统判断；原详情题图和解析为数据结构树/WPL，科目和主题不一致,原详情卡和图片移入 wrong_question_binding_2026-07-01；当前详情卡改为题图与解析待补,后续从 MarginNote 或历史定位补 CO_2013_002 正确题图与解析
2026-07-01,CO_2013_004,question-01.png; solution-01.png,pass,题图与解析图主题一致：开机后操作系统加载位置,未修改,继续后续抽检
2026-07-01,CO_2014_001,question-01.png; solution-01.png,pass,题图与解析图主题一致：DRAM 芯片地址/数据引脚计算,未修改,继续后续抽检
2026-07-01,CO_2015_002,question-01.png; solution-01.png,pass,题图与解析图主题一致：外部中断现场保护,未修改,继续后续抽检
2026-07-01,CO_2015_005,question-01.png; solution-01.png,pass,题图与解析图主题一致：四体交叉编址访问冲突,未修改,继续后续抽检
2026-07-01,CO_2016_002,question-01.png; solution-01.png,needs_solution_image,题图为 I/O 硬件机制识别；原解析图为数据结构败者树，主题不一致,solution-01.png 移入 mismatched_or_supplemental_solution/CO_2016_002；详情卡移除图片引用并保留解析文字,后续从 MarginNote 或手动截图补正确解析图
2026-07-01,CO_2018_002,question-01.png; solution-01.png,needs_solution_image,题图为减法 CF/OF 标志位判断；原解析图为无符号乘法电路，主题不一致,solution-01.png 移入 mismatched_or_supplemental_solution/CO_2018_002；详情卡移除图片引用并保留解析文字,后续从 MarginNote 或手动截图补正确解析图
2026-07-01,CO_2018_004,question-01.png; solution-01.png,needs_solution_image,题图为机器码/小端/补码；原解析图为边界对齐示意，主题不一致,solution-01.png 移入 mismatched_or_supplemental_solution/CO_2018_004；详情卡移除图片引用并保留解析文字,后续从 MarginNote 或手动截图补正确解析图
2026-07-01,CO_2018_005,question-01.png; solution-01.png,pass,题图与解析图主题一致：DRAM 行列组织与刷新开销,未修改,继续后续抽检
2026-07-01,CO_2019_001,question-01.png; solution-01.png,needs_solution_image,题图为 DMA 控制器寄存器；原解析图和混入段落为外排序败者树，主题不一致,solution-01.png 移入 mismatched_or_supplemental_solution/CO_2019_001；详情卡移除图片引用并删除混入败者树段落,后续从 MarginNote 或手动截图补正确解析图
2026-07-01,CO_2021_001,question-01.png; solution-01.png,pass,题图与解析图主题一致：机器字长与部件宽度,未修改,继续后续抽检
2026-07-01,CO_2022_003,question-01.png; solution-01.png,wrong_binding_quarantined,题图与解析图彼此匹配，但显示为 2023 年题；正式节点记录为 2022 年来源，年份/题源不一致,原详情卡和图片移入 wrong_question_binding_2026-07-01；当前详情卡改为题图与解析待补,后续从 MarginNote 或手动截图补 CO_2022_003 正确题图与解析
2026-07-01,CO_UNK_002,question-01.png; solution-01.png,pass,题图与解析图主题一致：Flash 存储器性质辨析,未修改,继续后续抽检
2026-07-01,CO_UNK_018,question-01.png; solution-01.png,pass,题图与解析图主题一致：变址寻址与数组访问,未修改,继续后续抽检
2026-07-01,CO_UNK_061,question-01.png; solution-01.png,needs_solution_image,题图为异步传输场景辨析；原解析图为 I/O 总览补充图，不是直接解析图,solution-01.png 移入 mismatched_or_supplemental_solution/CO_UNK_061；详情卡移除图片引用并保留解析文字,后续从 MarginNote 或手动截图补正确解析图
2026-07-01,CO_UNK_065,question-01.png; solution-01.png,needs_solution_image,题图为 DMA 周期挪用；原解析图为另一道 DMA 判断题，主题不一致,solution-01.png 移入 mismatched_or_supplemental_solution/CO_UNK_065；详情卡移除图片引用并删除混入题段,后续从 MarginNote 或手动截图补正确解析图
2026-07-01,CO_UNK_068,question-01.png; solution-01.png,needs_solution_image,题图为 Cache 编址关系；原解析图为流水线图且重复引用，主题不一致,solution-01.png 移入 mismatched_or_supplemental_solution/CO_UNK_068；详情卡移除重复图片引用并删除混入性能/流水线段落,后续从 MarginNote 或手动截图补正确解析图
2026-07-01,DS_2009_002,question-01.png; solution-01.png,pass,题图与解析图主题一致：小根堆插入后调整,未修改,继续后续抽检
2026-07-01,DS_2009_003,question-01.png; solution-01.png,pass,题图与解析图主题一致：第二趟排序结果反推排序算法,未修改,继续后续抽检
2026-07-01,DS_2011_003,question-01.png; solution-01.png,pass,题图与解析图主题一致：树与对应二叉树结点计数关系,未修改,继续后续抽检
2026-07-01,DS_2012_005,question-01.png; solution-01.png,pass,题图与解析图主题一致：3 阶 B 树删除关键字后的最右叶结点,未修改,继续后续抽检
2026-07-01,DS_2013_002,question-01.png; solution-01.png,pass,题图与解析图主题一致：高度为 2 的 5 阶 B 树最少关键字数,未修改,继续后续抽检
2026-07-01,DS_2020_003,question-01.png; solution-01.png,pass,题图与解析图主题一致：4 阶 B 树插入与分裂过程,未修改,继续后续抽检
2026-07-01,DS_2021_001,question-01.png; solution-01.png,pass,题图与解析图主题一致：AVL 插入后树形调整,未修改,继续后续抽检
2026-07-01,DS_2021_002,question-01.png; solution-01.png,pass,题图与解析图主题一致：3 阶 B 树结点数上界示意,未修改,继续后续抽检
2026-07-01,DS_2022_001,question-01.png; solution-01.png,pass,题图与解析图主题一致：5 阶 B 树删除后的根关键字调整,未修改,继续后续抽检
2026-07-01,DS_2023_002,question-01.png; solution-01.png,needs_solution_image,题图为顺序有序表操作复杂度；原解析图为顺序表串讲海报，不是本题直接解析图,solution-01.png 移入 mismatched_or_supplemental_solution/DS_2023_002；详情卡移除图片引用并保留解析文字,后续从 MarginNote 或手动截图补正确解析图
2026-07-01,DS_2023_004,question-01.png; solution-01.png,needs_solution_image,题图为非空 B 树性质辨析；原解析图为 B+ 树结构示意图，不是本题直接解析图,solution-01.png 移入 mismatched_or_supplemental_solution/DS_2023_004；详情卡移除图片引用并保留解析文字,后续从 MarginNote 或手动截图补正确解析图
2026-07-01,OS_2009_001,question-01.png; solution-01.png,pass,题图与解析图主题一致：单处理机系统可并行项,未修改,继续后续抽检
2026-07-01,OS_2010_001,question-01.png; solution-01.png,pass,题图与解析图主题一致：操作系统提供给应用程序的接口,未修改,继续后续抽检
2026-07-01,OS_2011_001,question-01.png; solution-01.png,pass,题图与解析图主题一致：逻辑地址到物理地址转换阶段,未修改,继续后续抽检
2026-07-01,OS_2012_001,question-01.png; solution-01.png,pass,题图与解析图主题一致：进程与线程基本叙述,未修改,继续后续抽检
2026-07-01,OS_2014_001,question-01.png; solution-01.png,pass,题图与解析图主题一致：用户态可执行指令辨析,未修改,继续后续抽检
2026-07-01,OS_2021_002,question-01.png; solution-01.png,pass,题图与解析图主题一致：内核态执行指令辨析,未修改,继续后续抽检
2026-07-01,OS_2021_003,question-01.png; solution-01.png,pass,题图与解析图主题一致：系统调用完成的操作,未修改,继续后续抽检
2026-07-01,OS_2022_002,question-01.png; solution-01.png,pass,题图与解析图主题一致：多道程序系统基本特征,未修改,继续后续抽检
2026-07-01,OS_2022_003,question-01.png; solution-01.png,pass,题图与解析图主题一致：系统调用过程中硬件与操作系统分工,未修改,继续后续抽检
2026-07-01,DS_2011_001,question-01.png; question-02.png,pass_question_bundle,两张题图主题一致：循环队列题图与循环数组示意图；无解析图但有解析文字,未修改,继续抽检题图-only 卡
2026-07-01,DS_2016_002,question-01.png; question-02.png,pass_question_bundle,两张题图主题一致：森林结点边数题图与森林概念示意图；无解析图但有解析文字,未修改,继续抽检题图-only 卡
2026-07-01,CN_2010_001,question-01.png,pass_question_only,题图清晰且主题一致：分组交换存储转发时间计算；有红色标记但不遮挡题设参数,未修改,继续抽检题图-only 卡
2026-07-01,CN_2014_001,question-01.png,pass_question_only,题图清晰且主题一致：信道数据传输速率影响因素；有红色标记但不遮挡题目,未修改,继续抽检题图-only 卡
2026-07-01,CN_2023_001,question-01.png,pass_question_only,题图可读且主题一致：含传播时延的分组交换时间计算；红色标记覆盖左侧但关键题设参数可读,未修改,继续抽检题图-only 卡
2026-07-01,CN_2024_002,question-01.png,pass_question_only,题图可读且主题一致：二进制数字调制方式辨析；顶部有上一题边缘残留但不影响本题,未修改,继续抽检题图-only 卡
2026-07-01,CN_UNK_001,question-01.png,pass_question_only,题图清晰且主题一致：OSI 参考模型描述辨析；有红色标记但不遮挡题干主体,未修改,继续抽检题图-only 卡
2026-07-01,CN_UNK_002,question-01.png,pass_question_only,题图清晰且主题一致：OSI 物理层功能辨析；有红色标记但不遮挡题干主体,未修改,继续抽检题图-only 卡
2026-07-01,CN_UNK_003,question-01.png,pass_question_only,题图清晰且主题一致：数据链路层功能辨析；有红色标记但不遮挡题目,未修改,继续抽检题图-only 卡
2026-07-01,CN_UNK_004,question-01.png,pass_question_only,题图清晰且主题一致：OSI 端到端功能层次定位；有红色标记但不遮挡题目,未修改,继续抽检题图-only 卡
2026-07-01,CN_UNK_005,question-01.png,pass_question_only,题图可读且主题一致：OSI 网络层服务类型辨析；红色标记偏重但未遮挡题干主体和选项,未修改,继续抽检题图-only 卡
2026-07-01,CN_UNK_006,question-01.png,pass_question_only,题图清晰且主题一致：表示层功能辨析；有红色标记但不遮挡题目,未修改,继续抽检题图-only 卡
2026-07-01,CN_UNK_007,question-01.png,pass_question_only,题图清晰且主题一致：OSI 数据封装过程辨析；有红色标记但不遮挡选项文字,未修改,继续抽检题图-only 卡
2026-07-01,CN_UNK_008,question-01.png,pass_question_only,题图清晰且主题一致：OSI 各层功能定位组合题；有红色标记但不遮挡题设,未修改,继续抽检题图-only 卡
2026-07-01,CN_UNK_009,question-01.png,pass_question_only,题图清晰且主题一致：OSI 各层差错控制场景归属；有红色标记但不影响读取,未修改,继续抽检题图-only 卡
2026-07-01,CN_UNK_010,question-01.png,pass_question_only,题图清晰且主题一致：TCP 首部与协议三要素；有红色标记但不影响图示,未修改,继续抽检题图-only 卡
2026-07-01,CN_UNK_011,question-01.png,pass_question_only,题图清晰且主题一致：服务访问点 SAP；红色标记靠近题干左侧但不遮挡文字,未修改,继续抽检题图-only 卡
2026-07-01,CN_UNK_012,question-01.png,pass_question_only,题图可读且主题一致：数据报方式特点辨析；红色标记在左侧但不遮挡题干和选项,未修改,继续抽检题图-only 卡
2026-07-01,CN_UNK_013,question-01.png,pass_question_only,题图清晰且主题一致：网络结构模型辨析；有红色标记但不遮挡题目,未修改,继续抽检题图-only 卡
2026-07-01,CN_UNK_014,question-01.png,pass_question_only,题图清晰且主题一致：互联网核心技术；有红色标记但不遮挡题目,未修改,继续抽检题图-only 卡
2026-07-01,CN_UNK_015,question-01.png,pass_question_only,题图清晰且主题一致：计算机网络功能辨析；有红色标记但不遮挡题目主体,未修改,继续抽检题图-only 卡
2026-07-01,CN_UNK_016,question-01.png,pass_question_only,题图清晰且主题一致：链路带宽与网卡速率瓶颈；红色标记不遮挡关键数值,未修改,继续抽检题图-only 卡
2026-07-01,CN_UNK_017,question-01.png,pass_question_only,题图清晰且主题一致：发送时延与传播时延关系；红色标记不遮挡关键条件,未修改,继续抽检题图-only 卡
2026-07-01,CN_UNK_018,question-01.png,pass_question_only,题图清晰且主题一致：存储转发分组交换含处理时延；红色标记不遮挡参数,未修改,继续抽检题图-only 卡
2026-07-01,CN_UNK_019,question-01.png,pass_question_only,题图可读且主题一致：三种交换方式时延比较；左上红色标记较大但不遮挡题干主体或图示,未修改,继续抽检题图-only 卡
2026-07-01,CN_UNK_022,question-01.png,pass_question_only,题图清晰且主题一致：网络中计算机的组成与独立性；有红色标记但不遮挡题目,未修改,继续抽检题图-only 卡
2026-07-01,CN_UNK_023,question-01.png,pass_question_only,题图清晰且主题一致：同轴电缆以太网通信方式；有红色标记但不遮挡题干,未修改,继续抽检题图-only 卡
2026-07-01,CN_UNK_024,question-01.png,pass_question_only,题图清晰且主题一致：同轴电缆与双绞线对比；红色标记在题号左侧但不遮挡题目,未修改,继续抽检题图-only 卡
2026-07-01,CN_UNK_025,question-01.png,pass_question_only,题图清晰且主题一致：单模光纤原理；红色标记靠近题号但不遮挡题干关键词,未修改,继续抽检题图-only 卡
2026-07-01,CN_UNK_026,question-01.png,pass_question_only,题图清晰且主题一致：物理层接口过程特性；红色标记不遮挡关键问法,未修改,继续抽检题图-only 卡
2026-07-01,CN_UNK_027,question-01.png,pass_question_only,题图清晰且主题一致：奈奎斯特定理速率计算；红色标记只覆盖题号附近,未修改,继续抽检题图-only 卡
2026-07-01,CN_UNK_028,question-01.png,pass_question_only,题图清晰且主题一致：二进制信号下香农与奈奎斯特约束；红色标记不遮挡关键条件,未修改,继续抽检题图-only 卡
2026-07-01,CN_UNK_029,question-01.png,pass_question_only,题图清晰且主题一致：香农定理信噪比计算；红色标记不遮挡功率和频率范围,未修改,继续抽检题图-only 卡
2026-07-01,CN_UNK_031,question-01.png,pass_question_only,题图清晰且主题一致：波特率与比特率换算；顶部有上一题选项残留但不遮挡本题,未修改,继续抽检题图-only 卡
2026-07-01,CN_UNK_032,question-01.png,pass_question_only,题图清晰且主题一致：中继器可连接的局域网类型；红色标记靠题号左侧但不遮挡题目,未修改,继续抽检题图-only 卡
2026-07-01,CN_UNK_033,question-01.png,pass_question_only,题图清晰且主题一致：集线器平均带宽分配；红色标记不遮挡题目主体,未修改,继续抽检题图-only 卡
2026-07-01,CN_UNK_034,question-01.png,pass_question_only,题图清晰且主题一致：集线器信号转发方式；红色标记不遮挡题干和选项,未修改,继续抽检题图-only 卡
2026-07-01,CN_UNK_035,question-01.png,pass_question_only,题图清晰且主题一致：中继器与集线器特点辨析；红色标记在题号和题干左上但不遮挡选项,未修改,Tutor 检测范围：CN02-30 中继器
2026-07-01,CN_UNK_036,question-01.png,pass_question_only,题图可读且主题一致：信道与波特率概念辨析；顶部有上一题残留且红色标记较大但不遮挡关键问法和主要选项,未修改,Tutor 检测范围：CN02-13 波特率
2026-07-01,CN_UNK_037,question-01.png,pass_question_only,题图可读且主题一致：波特率与比特率换算；有水印和红色标记但不影响关键条件,未修改,Tutor 检测范围：CN02-13 波特率
2026-07-01,CN_UNK_038,question-01.png,pass_question_only,题图清晰且主题一致：波特率与比特率计算；红色标记不遮挡题目,未修改,Tutor 检测范围：CN02-13 波特率
2026-07-01,CN_UNK_039,question-01.png,pass_question_only,题图清晰且主题一致：奈奎斯特定理与码元电平；红色标记不遮挡关键条件,未修改,Tutor 检测范围：CN02-15 奈奎斯特定理
2026-07-01,CN_UNK_041,question-01.png,pass_question_only,题图清晰且主题一致：数据链路层功能与拥塞控制边界；红色标记不遮挡正文,未修改,Tutor 检测范围：CN03-01 数据链路层功能
2026-07-01,CN_UNK_042,question-01.png,pass_question_only,题图清晰且主题一致：数据链路层协议功能辨析；红色标记只靠题号附近,未修改,Tutor 检测范围：CN03-01 数据链路层功能
2026-07-01,CN_UNK_043,question-01.png,pass_question_only,题图清晰且主题一致：数据链路层避免帧丢失方法；红色标记不遮挡关键文字,未修改,Tutor 检测范围：CN03 数据链路层机制边界
2026-07-01,CN_UNK_044,question-01.png,pass_question_only,题图清晰且主题一致：流量控制的控制对象；红色标记靠左侧但不影响复做,未修改,Tutor 检测范围：CN03-08 流量控制
2026-07-01,CN_UNK_045,question-01.png,pass_question_only,题图清晰且主题一致：以太网交换机转发决策使用的地址口径；红色标记不遮挡题干和选项,未修改,Tutor 检测范围：CN03-21 以太网
2026-07-01,CN_UNK_046,question-01.png,pass_question_only,题图可读且主题一致：CSMA/CD 最短帧长与传播距离；顶部有上一题边缘残留和水印但不遮挡关键条件,未修改,Tutor 检测范围：CN03-17 CSMA/CD
2026-07-01,CN_UNK_047,question-01.png,pass_question_only,题图清晰且主题一致：CSMA/CD 最小帧长与单向传播时延；红色标记不遮挡关键条件,未修改,Tutor 检测范围：CN03-17 CSMA/CD
2026-07-01,CN_UNK_050,question-01.png,pass_question_only,题图清晰且主题一致：停止等待协议效率条件辨析；红色标记不遮挡题干和选项,未修改,Tutor 检测范围：CN03-10 停止等待协议
2026-07-01,CN_UNK_051,question-01.png,pass_question_only,题图清晰且主题一致：停止等待协议帧丢失与死锁解决；顶部有上一题残留但不遮挡本题,未修改,Tutor 检测范围：CN03-10 停止等待协议
2026-07-01,CN_UNK_052,question-01.png,pass_question_only,题图清晰且主题一致：连续 ARQ 与 GBN 特性辨析；左侧红色标记不遮挡题干主体,未修改,Tutor 检测范围：CN03-12 后退 N 帧 GBN
2026-07-01,CN_UNK_053,question-01.png,pass_question_only,题图可读且主题一致：GBN 窗口移动与编号位数；蓝色水印较大但不遮挡关键条件,未修改,Tutor 检测范围：CN03-12 后退 N 帧 GBN
2026-07-01,CN_UNK_054,question-01.png,pass_question_only,题图清晰且主题一致：停止等待协议信道利用率；红色标记较大但不遮挡关键数值,未修改,Tutor 检测范围：CN03-10 停止等待协议
2026-07-01,CN_UNK_055,question-01.png,pass_question_only,题图清晰且主题一致：CRC 循环冗余校验说法辨析；红色标记在左上不影响正文,未修改,Tutor 检测范围：CN03-07 CRC 循环冗余校验
2026-07-01,CN_UNK_056,question-01.png,pass_question_only,题图清晰且主题一致：CRC 数据与生成多项式计算；红色标记不遮挡数据和选项,未修改,Tutor 检测范围：CN03-07 CRC 循环冗余校验
2026-07-01,CN_UNK_057,question-01.png,pass_question_only,题图清晰且主题一致：选择重传协议接收窗口与帧序号；红色标记不遮挡关键条件,未修改,Tutor 检测范围：CN05-26 接收窗口
2026-07-01,CN_UNK_058,question-01.png,pass_question_only,题图清晰且主题一致：选择重传协议重传帧判断；红色标记不遮挡确认和超时条件,未修改,Tutor 检测范围：CN05-26 接收窗口
2026-07-01,CN_UNK_059,question-01.png,pass_question_only,题图可读且主题一致：SR 滑动窗口时序图；红色标记不遮挡题设主体和图示,未修改,Tutor 检测范围：CN05-26 接收窗口
2026-07-01,CN_UNK_060,question-01.png,pass_question_only,题图清晰且主题一致：TCP-IP 网络层服务类型；红色标记不遮挡关键问法,未修改,Tutor 检测范围：CN04-02 数据报服务
2026-07-01,CN_UNK_061,question-01.png,pass_question_only,题图清晰且主题一致：虚电路网络特性辨析；红色标记仅靠题号附近,未修改,Tutor 检测范围：CN04-03 虚电路服务
2026-07-01,CN_UNK_062,question-01.png,pass_question_only,题图清晰且主题一致：SDN 架构接口；红色标记不影响正文,未修改,Tutor 检测范围：CN04-33 SDN
2026-07-01,CN_UNK_063,question-01.png,pass_question_only,题图清晰且主题一致：跨网络发送 IP 数据报时的 MAC 地址变化；红色标记不遮挡拓扑和地址,未修改,Tutor 检测范围：CN04 网络层数据转发边界
2026-07-01,CN_UNK_064,question-01.png,pass_question_only,题图可读且主题一致：网络地址与子网掩码判断；水印和红色标记不遮挡关键数值,未修改,Tutor 检测范围：CN04-18 网络地址
2026-07-01,CO_2009_001,question-01.png,pass_question_only,题图清晰且主题一致：浮点数加法过程；无独立解析图文件,未修改,Tutor 检测范围：CO02-22 浮点数加减运算
2026-07-01,CO_2010_001,question-01.png,pass_question_only,题图清晰且主题一致：缩短 CPU 执行时间的影响因素；无独立解析图文件,未修改,Tutor 检测范围：CO01-14 CPU 执行时间
2026-07-01,CO_2011_001,question-01.png,pass_question_only,题图清晰且主题一致：IEEE 754 单精度表示；无独立解析图文件,未修改,Tutor 检测范围：CO02-20 IEEE 754
2026-07-02,CO_2012_001,question-01.png,pass_question_only,题图清晰且主题一致：用户态进入内核态入口机制；水印不遮挡关键问法；无独立解析图文件,未修改,Tutor 检测范围：OS01-17 系统调用入口层；CO05-20 中断响应；CO06-11 程序中断方式
2026-07-02,CO_2012_002,question-01.png,pass_question_only,题图清晰且主题一致：CPU 局部提速后的总运行时间重算；关键数值可读；无独立解析图文件,未修改,Tutor 检测范围：CO01-14 CPU 执行时间
2026-07-02,CO_2012_004,question-01.png,pass_question_only,题图清晰且主题一致：IEEE 754 单精度最大有限数边界；指数表达可读；无独立解析图文件,未修改,Tutor 检测范围：CO02-20 IEEE 754
2026-07-02,CO_2013_001,question-01.png,pass_metadata_fixed,题图清晰且核心考点为磁盘调度算法与页面置换算法类别辨析；已将正式安全卡和元信息从 CO06-18 DMA 方式修正到 OS05-26 磁盘调度并命中 OS03-27 页面置换,已修正正式安全卡/索引/关系边/详情卡元信息,Tutor 检测范围：OS05-26 先来先服务 FCFS 磁盘调度；OS03-27 页面置换；不按 DMA 题喂给 Tutor
2026-07-02,CO_2013_003,question-01.png,pass_question_only,题图清晰且主题一致：平均 CPI 加权计算与 MIPS 换算；表格字段可读；无独立解析图文件,未修改,Tutor 检测范围：CO01-13 CPI；CO01-14 CPU 执行时间
2026-07-02,CO_2015_001,question-01.png,pass_question_only,题图清晰且主题一致：硬件直接执行对象与语言层次辨析；无独立解析图文件,未修改,Tutor 检测范围：CO01-06 高级语言到机器语言的转换
2026-07-02,CO_2015_003,question-01.png,pass_question_only,题图主体可读且主题一致：浮点加减阶段与阶码溢出边界；顶部边缘裁切不影响关键文字；无独立解析图文件,未修改,Tutor 检测范围：CO02-22 浮点数加减运算
2026-07-02,CO_2016_001,question-01.png,pass_question_only,题图清晰且主题一致：I/O 接口功能和结构辨析；无独立解析图文件,未修改,Tutor 检测范围：CO06-06 I/O 接口
2026-07-02,CO_2016_003,question-01.png,pass_question_only,题图清晰且主题一致：编译、汇编、链接、解释程序功能边界；无独立解析图文件,未修改,Tutor 检测范围：CO01-06 高级语言到机器语言的转换
2026-07-02,CO_2018_001,question-01.png,pass_question_only,题图清晰且主题一致：冯诺依曼结构中二进制编码原因；无独立解析图文件,未修改,Tutor 检测范围：CO01-03 冯诺依曼结构
2026-07-02,CO_2018_003,question-01.png,needs_original_scan,文字重排卡可读且主题一致：IEEE 754 最小规格化正数边界；不是原题扫描；无独立解析图文件,未修改,Tutor 检测范围：CO02-20 IEEE 754
2026-07-02,CO_2019_002,question-01.png,pass_question_only,题图清晰且主题一致：冯诺依曼结构中指令、数据、存储程序与按地址访问的关系；无独立解析图文件,未修改,Tutor 检测范围：CO01-03 冯诺依曼结构
2026-07-02,CO_2022_001,question-01.png,pass_question_only,题图清晰且主题一致：中断 I/O 方式边界；无独立解析图文件,未修改,Tutor 检测范围：CO06-11 程序中断方式
2026-07-02,CO_2022_002,question-01.png,pass_question_only,题图清晰且主题一致：高级语言源程序到可执行目标文件阶段顺序；无独立解析图文件,未修改,Tutor 检测范围：CO01-06 高级语言到机器语言的转换
2026-07-02,CO_2023_001,question-01.png,pass_question_only,题图清晰且主题一致：查询、中断、DMA 等 I/O 控制方式边界；无独立解析图文件,未修改,Tutor 检测范围：CO06-18 DMA 方式；OS05-05 I/O 控制方式
2026-07-02,CO_2023_002,question-01.png,pass_question_only,题图清晰且主题一致：硬件异常与中断检测时机、请求信号和结束信号边界；无独立解析图文件,未修改,Tutor 检测范围：CO06-11 程序中断方式；CO05-18 异常
2026-07-02,CO_2023_003,question-01.png,partial_pass,题图主体可读且主题一致：DMA 请求条件；左上边缘裁切缺少题号和少量开头信息但不影响复做；无独立解析图文件,未修改,Tutor 检测范围：CO06-18 DMA 方式；CO06-19 DMA 控制器
2026-07-02,CO_2023_004,question-01.png,pass_metadata_fixed,题图清晰且主题为中断源类型辨析；正式元信息已修复为中断源与内外中断/异常源分类边界,已修复安全卡、正式索引、知识点、关系边、专题链和详情页混入噪音,Tutor 检测范围：CO05-18 异常；CO05-19 中断；CO06-11 程序中断方式
2026-07-02,CO_2023_005,question-01.png,pass_question_only,题图清晰且主题一致：定点整数减法后的 OF 与 CF 标志位边界；无独立解析图文件,未修改,Tutor 检测范围：CO02-14 标志位
2026-07-02,CO_2024_003,question-01.png,pass_question_only,题图清晰且主题一致：DMA 预处理与后处理；红色标记较大但不遮挡关键题设；无独立解析图文件,未修改,Tutor 检测范围：CO06-20 DMA 传送过程
2026-07-02,CO_UNK_007,question-01.png,pass_metadata_fixed,题图清晰可读；已将正式主知识点从补码校准为机器级代码，并补充小端方式、指令格式、补码和标志位命中；无独立解析图文件,已同步正式安全卡、知识点命中索引、关系边、专题链和 Tutor 安全材料,Tutor 检测范围：CO04-22 机器级代码；CO04-02 指令格式；CO04-19 小端方式；CO02-07 补码；CO02-14 标志位
2026-07-02,CO_UNK_010,question-01.png,needs_original_scan,MarginNote 文字重排卡可读且主题一致：不同寻址方式的目的；不是原题扫描；卡片底部已提示待原题图复核；无独立解析图文件,未修改,Tutor 检测范围：CO04-08 寻址方式
2026-07-02,CO_UNK_011,question-01.png,needs_original_scan,MarginNote 文字重排卡可读且主题为直接转移与相对转移边界；不是原题扫描；当前元信息可后续核对相对寻址和寄存器边界；无独立解析图文件,未修改,Tutor 检测范围：CO04-08 寻址方式；CO04-16 相对寻址；CO05-05 寄存器
2026-07-02,CO_UNK_013,question-01.png,pass_metadata_fixed_source_conflict_open,MarginNote 文字重排卡可读且主题为 ISA 与指令系统判断；正式主知识点已校准为 CO04-01；无独立解析图文件；来源路径污染仍待人工确认是否与 CO_2013_002 合并,已同步正式安全卡、知识点命中、关系边、概念词典和 Tutor 安全材料,Tutor 检测范围：CO04-01 指令系统基本概念；CO04-02 指令格式；CO04-08 寻址方式；CO04-22 机器级代码
2026-07-02,CO_UNK_016,question-01.png,needs_original_scan,MarginNote 文字重排卡可读且主题一致：变址间接寻址有效地址表达；不是原题扫描；无独立解析图文件,未修改,Tutor 检测范围：CO04-08 寻址方式；CO04-14 基址寻址
2026-07-02,CO_UNK_021,question-01.png,partial_pass,扫描题图主体清晰且主题一致：通用寄存器功能边界；题号和来源头部被裁掉但不影响复做；无独立解析图文件,未修改,Tutor 检测范围：CO05-05 寄存器
2026-07-02,CO_UNK_022,question-01.png,partial_pass,扫描题图主体清晰且主题一致：n 位 CPU 含义；题号和来源头部被裁掉但不影响复做；无独立解析图文件,未修改,Tutor 检测范围：CO05-02 CPU 基本结构；CO01-17 机器字长
2026-07-02,CO_UNK_023,question-01.png,partial_pass,扫描题图主体清晰且主题一致：指令从主存读取时地址来源边界；题号和来源头部被裁掉但不影响复做；无独立解析图文件,未修改,Tutor 检测范围：CO05-05 寄存器；CO01-08 指令执行过程
2026-07-02,CO_UNK_024,question-01.png,partial_pass,扫描题图主体清晰且主题一致：程序计数器 PC 作用与转移指令执行时 PC 更新规则；题号和来源头部被裁掉但不影响复做；无独立解析图文件,未修改,Tutor 检测范围：CO05-05 寄存器；CO01-08 指令执行过程
2026-07-02,CO_UNK_026,question-01.png,partial_pass,扫描题图主体清晰且主题一致：通用寄存器位数与机器字长口径；题号和来源头部被裁掉但不影响复做；无独立解析图文件,未修改,Tutor 检测范围：CO05-05 寄存器；CO01-17 机器字长
2026-07-02,CO_UNK_029,question-01.png,partial_pass,扫描题图主体清晰且主题一致：PC 位数与指令按字边界对齐条件；题号和来源头部被裁掉但不影响复做；无独立解析图文件,未修改,Tutor 检测范围：CO05-05 寄存器；CO01-17 机器字长
2026-07-02,CO_UNK_030,question-01.png,partial_pass,扫描题图主体清晰且主题一致：多核处理器语义、MIMD 分类与单线程加速边界；题号和来源头部被裁掉但不影响复做；无独立解析图文件,未修改,Tutor 检测范围：CO05-32 多处理器基本概念
2026-07-02,CO_UNK_031,question-01.png,partial_pass,扫描题图主体清晰且主题一致：SIMD 与 SISD 分类边界；题号和来源头部被裁掉但不影响复做；无独立解析图文件,未修改,Tutor 检测范围：CO05-32 多处理器基本概念
2026-07-02,CO_UNK_032,question-01.png,partial_pass,扫描题图主体清晰且主题一致：多核 CPU 与 Cache 组织边界；题号和来源头部被裁掉但不影响复做；无独立解析图文件,未修改,Tutor 检测范围：CO05-32 多处理器基本概念
2026-07-02,CO_UNK_033,question-01.png,partial_pass,扫描题图主体清晰且主题一致：无条件跳转指令周期内 PC 修改事件识别；题号和来源头部被裁掉但不影响复做；无独立解析图文件,未修改,Tutor 检测范围：CO01-08 指令执行过程；CO05-05 寄存器
2026-07-02,CO_UNK_034,question-01.png,partial_pass,扫描题图主体清晰且主题一致：指令执行阶段顺序与控制器职责；题号和来源头部被裁掉但不影响复做；无独立解析图文件,未修改,Tutor 检测范围：CO01-08 指令执行过程
2026-07-02,CO_UNK_035,question-01.png,partial_pass,扫描题图主体清晰且主题一致：CPU 时钟信号、时钟周期与指令周期边界；题号和来源头部被裁掉但不影响复做；轻微斜线痕迹不遮挡关键文字；无独立解析图文件,未修改,Tutor 检测范围：CO01-08 指令执行过程；CO01-14 CPU 执行时间
2026-07-02,CO_UNK_036,question-01.png,partial_pass,扫描题图主体清晰且主题一致：多周期 CPU 中周期数可变与时钟周期长度固定的区分；题号和来源头部被裁掉但不影响复做；淡水印不遮挡关键文字；无独立解析图文件,未修改,Tutor 检测范围：CO01-08 指令执行过程
2026-07-02,CO_UNK_052,question-01.png,partial_pass,扫描题图主体清晰且主题一致：CPU 内部共享总线与部件连接控制器件；题号和来源头部被裁掉但不影响复做；无独立解析图文件,未修改,Tutor 检测范围：CO05-11 数据通路
2026-07-02,CO_UNK_053,question-01.png,partial_pass,扫描题图主体清晰且主题一致：CPU 内部总线信号流动原则；题号和来源头部被裁掉但不影响复做；无独立解析图文件,未修改,Tutor 检测范围：CO05-11 数据通路
2026-07-02,CO_UNK_056,question-01.png,partial_pass,扫描题图主体清晰且主题一致：总线数据传输速率计算；题号和来源头部被裁掉但不影响复做；无独立解析图文件,未修改,Tutor 检测范围：CO06-03 总线性能指标
2026-07-02,CO_UNK_058,question-01.png,partial_pass,扫描题图主体可读且主题一致：计算机内部数据传输方式；红色叉痕在题号附近且不遮挡关键题设；底部有下一题残影但不影响本题复做；无独立解析图文件,未修改,Tutor 检测范围：CO06-01 总线基本概念
2026-07-02,CO_UNK_060,question-01.png,partial_pass,扫描题图主体清晰且主题一致：系统总线地址线功能；题号和来源头部被裁掉但不影响复做；无独立解析图文件,未修改,Tutor 检测范围：CO06-02 总线组成
2026-07-02,CO_UNK_062,question-01.png,partial_pass,扫描题图清晰且主题一致：I/O 接口与主机到外设连接路径；题号和来源头部略裁但不影响复做；无独立解析图文件,未修改,Tutor 检测范围：CO06-06 I/O 接口
2026-07-02,CO_UNK_063,question-01.png,partial_pass,扫描题图清晰且主题一致：DMA 过程阶段与 CPU 参与边界；题号和来源头部略裁但不影响复做；无独立解析图文件,未修改,Tutor 检测范围：CO06-18 DMA 方式；CO06-20 DMA 传送过程
2026-07-02,CO_UNK_064,question-01.png,pass_metadata_fixed,扫描题图清晰且主题为流水线场景下 DMA 请求响应时机；正式层保留主知识点 DMA 方式并已补充 CO05-22 指令流水线命中；无独立解析图文件,已同步安全卡/知识点命中/关系边/wiki/Tutor 安全材料,Tutor 检测范围：CO06-18 DMA 方式；CO05-22 指令流水线；CO06-11 程序中断方式
2026-07-02,CO_UNK_066,question-01.png,partial_pass,扫描题图清晰且主题一致：中断 I/O 请求与 CPU 响应条件；顶部黑边不遮挡关键文字；无独立解析图文件,未修改,Tutor 检测范围：CO06-11 程序中断方式
2026-07-02,CO_UNK_067,question-01.png,partial_pass,扫描题图清晰且主题一致：中断响应周期中允许中断状态关闭归属；题号和来源头部被裁掉但不影响复做；无独立解析图文件,未修改,Tutor 检测范围：CO06-11 程序中断方式；CO05-20 中断响应
2026-07-02,CO_UNK_069,question-01.png,handwriting_overlay,扫描题图清晰且主题一致：流水 CPU 基本概念；红色手写批注横跨局部选项区域但文字仍可读；无独立解析图文件,未修改；登记手写覆盖风险,Tutor 检测范围：CO05-22 指令流水线
2026-07-02,CO_UNK_070,question-01.png,needs_original_scan,MarginNote 文字重排卡可读且主题一致：IEEE 754 机器码反推真值；不是原题扫描；来源 ID 仍为 VISUAL_PENDING 且需要补正式来源定位；无独立解析图文件,未修改；登记原扫描和来源定位待补,Tutor 检测范围：CO02-20 IEEE 754
2026-07-02,CO_UNK_071,question-01.png,needs_original_scan,MarginNote 文字重排卡可读且主题一致：IEEE 754 阶码偏置值与规格化数真值计算；不是原题扫描；来源 ID 仍为 VISUAL_PENDING；无独立解析图但详情卡有解析文字,未修改；登记原扫描和来源定位待补,Tutor 检测范围：CO02-20 IEEE 754
2026-07-02,DS_2010_001,question-01.png,source_locator_pending,扫描题图清晰且主题一致：树的度数统计与叶结点数关系；来源定位仍为 VISUAL_PENDING；无独立解析图但详情卡有解析文字,未修改；登记来源定位待补,Tutor 检测范围：DS05-02 树的基本术语
2026-07-02,DS_2010_002,question-01.png,source_locator_pending,扫描题图清晰且主题一致：无向图保证连通的最少边数；来源定位仍为 VISUAL_PENDING；无独立解析图但详情卡有解析文字,未修改；登记来源定位待补,Tutor 检测范围：DS06-04 连通图与强连通图
2026-07-02,DS_2010_003,question-01.png,source_locator_pending,扫描题图清晰且主题一致：快速排序递归次数与划分平衡性边界；来源定位仍为 VISUAL_PENDING；无独立解析图但详情卡有解析文字,未修改；登记来源定位待补,Tutor 检测范围：DS08-08 快速排序
2026-07-02,DS_2011_002,question-01.png,source_locator_pending,扫描题图清晰且主题一致：先序后序约束下中序序列合法性；来源定位仍为 VISUAL_PENDING；无独立解析图但详情卡有解析文字,未修改；登记来源定位待补,Tutor 检测范围：DS05-13 由遍历序列构造二叉树
2026-07-02,DS_2012_001,question-01.png,source_locator_pending,扫描题图清晰且主题一致：由先序后序推断根结点孩子关系；来源定位仍为 VISUAL_PENDING；无独立解析图但详情卡有解析文字,未修改；登记来源定位待补,Tutor 检测范围：DS05-13 由遍历序列构造二叉树
2026-07-02,DS_2012_002,question-01.png,source_locator_pending,扫描题图清晰且主题一致：最小生成树代价唯一与树形不唯一性质判断；来源定位仍为 VISUAL_PENDING；无独立解析图但详情卡有解析文字,未修改；登记来源定位待补,Tutor 检测范围：DS06-14 最小生成树
2026-07-02,DS_2012_003,question-01.png,source_locator_pending,扫描题图清晰且主题一致：邻接矩阵约束下拓扑序列存在性与唯一性；来源定位仍为 VISUAL_PENDING；无独立解析图但详情卡有解析文字,未修改；登记来源定位待补,Tutor 检测范围：DS06-20 拓扑排序
2026-07-02,DS_2012_004,question-01.png,source_locator_pending,扫描题图清晰且主题一致：AVL 高度与平衡因子递推结点总数；来源定位仍为 VISUAL_PENDING；无独立解析图但详情卡有解析文字,未修改；登记来源定位待补,Tutor 检测范围：DS07-10 平衡二叉树 AVL
2026-07-02,DS_2013_001,question-01.png,source_locator_pending,扫描题图清晰且主题一致：AOE 网关键活动选择与缩短工期；来源定位仍为 VISUAL_PENDING；无独立解析图但详情卡有解析文字,未修改；登记来源定位待补,Tutor 检测范围：DS06-21 关键路径
2026-07-02,DS_2014_004,question-01.png,source_locator_pending,扫描题图清晰且主题一致：B 树阶数、关键字数与结点数极值；来源定位仍为 VISUAL_PENDING；无独立解析图但详情卡有解析文字,未修改；登记来源定位待补,Tutor 检测范围：DS07-13 B 树
2026-07-02,DS_2014_005,question-01.png,source_locator_pending,扫描题图清晰且主题一致：散列表线性探测堆积现象影响；有淡水印但不遮挡关键文字；来源定位仍为 VISUAL_PENDING；无独立解析图但详情卡有解析文字,未修改；登记来源定位待补,Tutor 检测范围：DS07-22 散列表查找性能分析
2026-07-02,DS_2015_004,question-01.png,source_locator_pending,扫描题图清晰且主题一致：小根堆删除堆顶后的比较次数统计；浅蓝痕迹不遮挡关键题设；来源定位仍为 VISUAL_PENDING；无独立解析图但详情卡有解析文字,未修改；登记来源定位待补,Tutor 检测范围：DS05-22 堆的插入与删除
2026-07-02,DS_2015_005,question-01.png,source_locator_pending,扫描题图清晰且主题一致：排序算法移动次数与初始状态关系；来源定位仍为 VISUAL_PENDING；无独立解析图但详情卡有解析文字,未修改；登记来源定位待补,Tutor 检测范围：DS08-17 排序算法移动次数
2026-07-02,DS_2016_001,question-01.png,pass_question_only,扫描题图清晰且主题一致：单链表存储状态、链接地址与插入操作；来源定位 HDS_0004 / 2.3.33 已有；无独立解析图但详情卡有解析文字,未修改,Tutor 检测范围：DS02-06 单链表
2026-07-02,DS_2017_001,question-01.png,source_locator_pending,扫描题图清晰且主题一致：无向图握手定理与最少顶点数极值；来源定位仍为 VISUAL_PENDING；无独立解析图但详情卡有解析文字,未修改；登记来源定位待补,Tutor 检测范围：DS06-01 图的基本概念
2026-07-02,DS_2017_002,question-01.png,source_locator_pending,扫描题图清晰且主题一致：折半查找判定树形态判断；来源定位仍为 VISUAL_PENDING；无独立解析图但详情卡有解析文字,未修改；登记来源定位待补,Tutor 检测范围：DS07-04 折半查找
2026-07-02,DS_2018_001,question-01.png,source_locator_pending,扫描题图清晰且主题一致：B 树高度与最少关键字数计算；来源定位仍为 VISUAL_PENDING；无独立解析图但详情卡有解析文字,未修改；登记来源定位待补,Tutor 检测范围：DS07-13 B 树
2026-07-02,DS_2019_002,question-01.png,source_locator_pending,扫描题图清晰且主题一致：线性探测查找失败 ASL 入口数与分母判断；来源定位仍为 VISUAL_PENDING；无独立解析图但详情卡有解析文字,未修改；登记来源定位待补,Tutor 检测范围：DS07-22 散列表查找性能分析
2026-07-02,DS_2020_001,question-01.png,locator_marker_pending,扫描题图清晰且主题一致：特殊矩阵压缩存储中的对称矩阵索引计算；来源 ID HDS_0002 已有但定位标记未提取；无独立解析图但详情卡有解析文字,未修改；登记定位标记待补,Tutor 检测范围：DS03-15 特殊矩阵压缩存储
2026-07-02,DS_2020_002,question-01.png,source_locator_pending,扫描题图清晰且主题一致：Kruskal 按边权递增选边并跳过成环边；来源定位仍为 VISUAL_PENDING；无独立解析图但详情卡有解析文字,未修改；登记来源定位待补,Tutor 检测范围：DS06-16 Kruskal 算法
2026-07-02,DS_2023_001,question-01.png,locator_marker_pending,扫描题图清晰且主题一致：稀疏矩阵三元组表外还需保存的结构信息；来源 ID HDS_0003 已有但定位标记未提取；无独立解析图但详情卡有解析文字,未修改；登记定位标记待补,Tutor 检测范围：DS03-16 稀疏矩阵
2026-07-02,DS_2023_003,question-01.png,source_locator_pending,扫描题图清晰且主题一致：无权连通图中单源最短路径算法辨析；有浅水印但不遮挡关键题设；来源定位仍为 VISUAL_PENDING；无独立解析图但详情卡有解析文字,未修改；登记来源定位待补,Tutor 检测范围：DS06-17 最短路径
2026-07-02,DS_2023_005,question-01.png,source_locator_pending,扫描题图清晰且主题一致：开放定址线性探查删除标记后的失败 ASL；来源定位仍为 VISUAL_PENDING；无独立解析图但详情卡有解析文字,未修改；登记来源定位待补,Tutor 检测范围：DS07-20 开放定址法
2026-07-02,DS_2024_002,question-01.png,source_locator_pending,扫描题图清晰且主题一致：折半查找适用条件与链式存储的随机定位限制；来源定位仍为 VISUAL_PENDING；无独立解析图但详情卡有解析文字,未修改；登记来源定位待补,Tutor 检测范围：DS07-04 折半查找
2026-07-02,OS_2010_002,question-01.png,source_locator_pending,扫描题图清晰且主题一致：创建新进程的典型触发事件辨析；来源定位仍为 VISUAL_PENDING；无独立解析图但详情卡有解析文字,未修改；登记来源定位待补,Tutor 检测范围：OS02-07 进程创建
2026-07-02,OS_2010_003,question-01.png,source_locator_pending,扫描题图清晰且主题一致：二级页表页目录表项数计算；图片带边框和轻微水印但题设完整；来源定位仍为 VISUAL_PENDING；无独立解析图但详情卡有解析文字,未修改；登记来源定位待补,Tutor 检测范围：OS03-17 页表
2026-07-02,OS_2012_002,question-01.png,source_locator_pending,扫描题图清晰且主题一致：处理机调度时机与临界区边界辨析；来源定位仍为 VISUAL_PENDING；无独立解析图但详情卡有解析文字,未修改；登记来源定位待补,Tutor 检测范围：OS02-22 调度时机
2026-07-02,OS_2013_001,question-01.png,metadata_review_needed,题图清晰但含红色手写叉号；图面主题是资源分配顺序下的死锁可能性判断；详情卡主知识点标为 OS02-48 银行家算法；建议复核是否应转为死锁基本概念或死锁检测相关节点；无独立解析图但详情卡有解析文字,未修改正式库；登记元数据复核和手写痕迹提示,Tutor 检测范围：OS02-44 死锁基本概念 / OS02-47 死锁避免 / OS02-49 死锁检测 / OS02-48 银行家算法
2026-07-02,OS_2013_002,question-01.png,pass_question_only,扫描题图清晰且主题一致：CPU 与 I/O 时间比例下的优先级设置原则；已有 HOS_0047 / 2.2.8 定位；底部有少量解析区域残留但题目主体完整；无独立解析图但详情卡有解析文字,未修改,Tutor 检测范围：OS02-29 优先级调度
2026-07-02,OS_2014_002,question-01.png,source_locator_pending,扫描题图清晰且主题一致：读磁盘操作完成后的进程状态转换；来源定位仍为 VISUAL_PENDING；无独立解析图但详情卡有解析文字,未修改；登记来源定位待补,Tutor 检测范围：OS02-05 进程状态转换
2026-07-02,OS_2014_003,question-01.png,source_locator_pending,扫描题图清晰且主题一致：管道通信的阻塞与传输性质辨析；来源定位仍为 VISUAL_PENDING；无独立解析图但详情卡有解析文字,未修改；登记来源定位待补,Tutor 检测范围：OS02-18 管道
2026-07-02,OS_2015_001,question-01.png,pass_question_only,扫描题图清晰且主题一致：死锁避免和死锁检测方法差异辨析；已有 HOS_0035 来源定位；无独立解析图但详情卡有解析文字,未修改,Tutor 检测范围：OS02-47 死锁避免 / OS02-49 死锁检测
2026-07-02,OS_2016_001,question-01.png,handwriting_overlay,题图主体清晰且主题一致：并发线程中互斥执行的操作判断；图上有黄色标记和旁注但不遮挡关键题设；已有 HOS_0015 来源定位；无独立解析图但详情卡有解析文字,未修改；登记标注痕迹提示,Tutor 检测范围：OS02-32 同步与互斥
2026-07-02,OS_2016_002,question-01.png,pass_question_only,扫描题图清晰且主题一致：管程性质辨析；已有 HOS_0016 / 2.3.8 定位；无独立解析图但详情卡有解析文字,未修改,Tutor 检测范围：OS02-32 同步与互斥 / OS02-40 条件变量
2026-07-02,OS_2016_003,question-01.png,pass_question_only,扫描题图清晰且主题一致：资源需求关系下死锁进程数判断；已有 HOS_0036 来源与段落定位；无独立解析图但详情卡有解析文字,未修改,Tutor 检测范围：OS02-44 死锁基本概念
2026-07-02,OS_2016_004,question-01.png,handwriting_overlay,题图主体清晰且主题一致：C-SCAN 磁盘调度移动距离计算；图上有明显红色手写叉号但不遮挡主体；已有 HOS_0139 / 5.3.6 定位；无独立解析图但详情卡有解析文字,未修改；登记手写痕迹提示,Tutor 检测范围：OS05-29 C-SCAN
2026-07-02,OS_2017_001,question-01.png,pass_question_only,扫描题图清晰且主题一致：时间片轮转调度性质辨析；已有 HOS_0051 / 2.2.8 定位；无独立解析图但详情卡有解析文字,未修改,Tutor 检测范围：OS02-28 时间片轮转 RR
2026-07-02,OS_2017_002,question-01.png,source_locator_pending,扫描题图清晰且主题一致：最佳适应算法下分区回收合并与空闲链重排；来源定位仍为 VISUAL_PENDING；无独立解析图但详情卡有解析文字,未修改；登记来源定位待补,Tutor 检测范围：OS03-10 动态分区分配
2026-07-02,OS_2018_001,question-01.png,handwriting_overlay,题图主体清晰且主题一致：管程条件变量 wait 操作语义；图上有红色下划痕迹但不遮挡主体；已有 HOS_0017 / 2.3.8 定位；无独立解析图但详情卡有解析文字,未修改；登记手写痕迹提示,Tutor 检测范围：OS02-39 V 操作 / OS02-40 条件变量
2026-07-02,OS_2018_003,question-01.png,pass_question_only,扫描题图清晰且主题一致：非抢占式优先级调度平均周转时间计算；已有 HOS_0048 / 2.2.8 定位；无独立解析图但详情卡有解析文字,未修改,Tutor 检测范围：OS02-29 优先级调度
2026-07-02,OS_2019_006,question-01.png,metadata_corrected,直接查看确认：题图清晰且主题为共享段表和分段存储；图面年份为 2019；已将旧占位 ID 校准为 OS_2019_006；无独立解析图但详情卡有解析文字,已同步详情卡、图片目录、安全卡、正式索引、关系边、wiki 概念页和 Tutor 安全检测范围,Tutor 检测范围：OS03-21 段表 / OS03-20 段式管理
2026-07-02,OS_2019_001,question-01.png,pass_question_only,扫描题图清晰且主题一致：死锁叙述、解除/预防/避免边界辨析；已有 HOS_0018 / 2.4.6 定位；无独立解析图但详情卡有解析文字,未修改,Tutor 检测范围：OS02-44 死锁基本概念 / OS02-46 死锁预防 / OS02-47 死锁避免 / OS02-48 银行家算法
2026-07-02,OS_2019_002,question-01.png,pass_question_only,扫描题图清晰且主题一致：动态分区分配算法与内存碎片倾向辨析；已有 HOS_0079 / 3.1.7 定位；无独立解析图但详情卡有解析文字,未修改,Tutor 检测范围：OS03-12 最佳适应算法 / OS03-07 连续分配管理
2026-07-02,OS_2019_003,question-01.png,source_locator_pending,扫描题图清晰且主题一致：可能唤醒进程的事件辨析；来源定位仍为 VISUAL_PENDING；无独立解析图但详情卡有解析文字,未修改；登记来源定位待补,Tutor 检测范围：OS02-05 进程状态转换
2026-07-02,OS_2019_004,question-01.png,source_locator_pending,扫描题图清晰且主题一致：用户级线程与内核级线程性质辨析；来源定位仍为 VISUAL_PENDING；无独立解析图但详情卡有解析文字,未修改；登记来源定位待补,Tutor 检测范围：OS02-12 用户级线程 / OS02-11 线程基本概念
2026-07-02,OS_2019_005,question-01.png,source_locator_pending,扫描题图清晰且主题一致：LRU 页面置换模拟中缺页与置换次数区分；来源定位仍为 VISUAL_PENDING；无独立解析图但详情卡有解析文字,未修改；登记来源定位待补,Tutor 检测范围：OS03-30 最近最久未使用 LRU
2026-07-02,OS_2021_001,question-01.png,pass_question_only,扫描题图清晰且主题一致：改进型 Clock 置换与页表项字段下的地址转换；已有 HOS_0142 / 3.2.11 定位；无独立解析图但详情卡有解析文字,未修改,Tutor 检测范围：OS03-32 改进型 Clock 置换 / OS03-19 基本地址变换机构
2026-07-02,OS_2021_004,question-01.png,source_locator_pending,扫描题图清晰且主题一致：二级页表中页表基址寄存器内容辨析；来源定位仍为 VISUAL_PENDING；无独立解析图但详情卡有解析文字,未修改；登记来源定位待补,Tutor 检测范围：OS03-19 基本地址变换机构 / OS03-17 页表
2026-07-02,OS_2022_001,question-01.png,annotation_overlay,题图主体清晰且主题一致：基于优先级的抢占式调度过程次数判断；图上有红色文字强调和轻微水印但不遮挡主体；已有 HOS_0052 / 2.2.8 定位；无独立解析图但详情卡有解析文字,未修改；登记彩色标注提示,Tutor 检测范围：OS02-22 调度时机 / OS02-29 优先级调度
2026-07-02,OS_2023_001,question-01.png,pass_question_only,题图清晰且主题一致：抢占式优先权调度下的平均周转时间计算；已有 HOS_0049 / 2.2.8 定位；无独立解析图但详情卡有解析文字,未修改,Tutor 检测范围：OS02-21 调度目标 / OS02-29 优先级调度
2026-07-02,OS_2023_002,question-01.png,rendered_question_pending,当前题图为 MarginNote 文字卡渲染替代图而非原题截图；主题与虚拟地址空间一致；底部已提示待原题图复核；无独立解析图但详情卡有解析文字,未修改；登记原题图复核,Tutor 检测范围：OS03-23 虚拟内存基本概念
2026-07-02,OS_2023_003,question-01.png,question_binding_quarantined,原题图和解析内容与当前节点元信息不一致：图片内容为抖动处理方向而当前节点为工作集/页框分配；已移入隔离区；当前详情页改为题图与解析待补,隔离错绑题图和原详情卡；更新待补清单,Tutor 检测范围：OS03-34 工作集；后续补正确题图与解析并确认年份/题源
2026-07-02,OS_2024_001,question-01.png,handwriting_overlay,题图主体清晰且主题一致：页面置换缺页次数下界辨析；图上有红色叉形标注但不遮挡主体；已有 HOS_0141 / 3.2.11 定位；无独立解析图但详情卡有解析文字,未修改；登记手写/标注痕迹提示,Tutor 检测范围：OS03-27 页面置换
2026-07-02,OS_UNK_001,question-01.png,annotation_overlay,题图清晰且主题一致：实时操作系统目标辨析；已有 HOS_0001 / 1.2.7 定位；图上有轻微笔迹但不遮挡主体；无独立解析图但详情卡有解析文字,未修改；登记轻微标注提示,Tutor 检测范围：OS01-02 操作系统目标
2026-07-02,OS_UNK_003,question-01.png,annotation_overlay,题图清晰且主题一致：分时系统目标辨析；已有 HOS_0003 / 1.2.7 定位；图上有轻微笔迹但不遮挡主体；无独立解析图但详情卡有解析文字,未修改；登记轻微标注提示,Tutor 检测范围：OS01-04 操作系统发展历程 / OS01-02 操作系统目标
2026-07-02,OS_UNK_005,question-01.png,pass_question_only,题图清晰且主题一致：微内核结构下服务放置边界辨析；已有 HOS_0005 / 1.6.2 定位；无独立解析图但详情卡有解析文字,未修改,Tutor 检测范围：OS01-08 操作系统结构 / OS01-12 微内核
2026-07-02,OS_UNK_006,question-01.png,pass_question_only,题图清晰且主题一致：微内核与大内核缺点边界辨析；已有 HOS_0006 / 1.6.2 定位；无独立解析图但详情卡有解析文字,未修改,Tutor 检测范围：OS01-12 微内核 / OS01-08 操作系统结构
2026-07-02,OS_UNK_007,question-01.png,pass_question_only,题图可读且主题一致：操作系统管理对象辨析；已有 HOS_0007 / 1.1.4 定位；图片宽幅裁剪但主体完整；无独立解析图但详情卡有解析文字,未修改,Tutor 检测范围：OS01-01 操作系统基本概念
2026-07-02,OS_UNK_008,question-01.png,annotation_overlay,题图清晰且主题一致：操作系统关注问题边界辨析；已有 HOS_0008 / 1.1.4 定位；图上有轻微笔迹但不遮挡主体；无独立解析图但详情卡有解析文字,未修改；登记轻微标注提示,Tutor 检测范围：OS01-01 操作系统基本概念
2026-07-02,OS_UNK_010,question-01.png,annotation_overlay,题图清晰且主题一致：系统调用命令和陷入入口边界辨析；已有 HOS_0010 / 1.3.4 定位；图上有红点标注但不遮挡主体；无独立解析图但详情卡有解析文字,未修改；登记轻微标注提示,Tutor 检测范围：OS01-17 系统调用
2026-07-02,OS_UNK_011,question-01.png,annotation_overlay,题图清晰且主题一致：系统调用与一般过程调用的运行态和现场保存差异；已有 HOS_0011 / 1.3.4 定位；图上有红点标注但不遮挡主体；无独立解析图但详情卡有解析文字,未修改；登记轻微标注提示,Tutor 检测范围：OS01-17 系统调用
2026-07-02,OS_UNK_013,question-01.png,pass_question_only,题图清晰且主题一致：操作系统引导程序位置辨析；已有 HOS_0013 / 1.6.2 定位；无独立解析图但详情卡有解析文字,未修改,Tutor 检测范围：OS01-22 操作系统引导
2026-07-02,OS_UNK_014,question-01.png,pass_question_only,题图清晰且主题一致：计算机启动和 BIOS 引导顺序辨析；已有 HOS_0014 / 1.6.2 定位；无独立解析图但详情卡有解析文字,未修改,Tutor 检测范围：OS01-22 操作系统引导
2026-07-02,OS_UNK_019,question-01.png,handwriting_overlay,题图主体可读且主题一致：管程 signal 与信号量 V 操作差异；已有 HOS_0024 / 2.3.8 定位；图上有红叉和淡水印但不遮挡主体；无独立解析图但详情卡有解析文字,未修改；登记手写/水印提示,Tutor 检测范围：OS02-40 条件变量 / OS02-37 信号量
2026-07-02,OS_UNK_021,question-01.png,handwriting_overlay,题图可读且主题一致：资源总量和最大需求下的死锁可能性判断；已有 HOS_0026 / 2.3.6 定位；图片尺寸较小且有红叉但关键参数可读；无独立解析图但详情卡有解析文字,未修改；登记小图和手写痕迹提示,Tutor 检测范围：OS02-47 死锁避免 / OS02-44 死锁基本概念
2026-07-02,OS_UNK_022,question-01.png,annotation_overlay,题图清晰且主题一致：并发代码中信号量导致死锁或饥饿的判断；已有 HOS_0027 / 2.4.6 定位；图上有红叉和蓝色虚线框但不遮挡代码；无独立解析图但详情卡有解析文字,未修改；登记标注痕迹提示,Tutor 检测范围：OS02-33 临界区 / OS02-37 信号量 / OS02-44 死锁基本概念
2026-07-02,OS_UNK_023,question-01.png,annotation_overlay,题图清晰且主题一致：共享资源请求释放序列下是否可能死锁；已有 HOS_0028 / 2.4.6 定位；图上有红叉和水印但不遮挡主体；无独立解析图但详情卡有解析文字,未修改；登记标注和水印提示,Tutor 检测范围：OS02-44 死锁基本概念
2026-07-02,OS_UNK_024,question-01.png,rendered_question_pending,当前题图为 MarginNote 文字卡渲染替代图而非原题截图；主题与信号发送和处理一致；底部已提示待原题图复核；无独立解析图但详情卡有解析文字,未修改；登记原题图复核,Tutor 检测范围：OS02-19 信号
2026-07-02,OS_UNK_032,question-01.png,annotation_overlay,题图清晰且主题一致：信号量初值与当前值推导可用资源数和等待进程数；已有 HOS_0041 / 2.3.8 定位；图上有黄色高亮但不遮挡主体；无独立解析图但详情卡有解析文字,未修改；登记高亮提示,Tutor 检测范围：OS02-37 信号量
2026-07-02,OS_UNK_033,question-01.png,pass_question_only,题图清晰且主题一致：多线程模型并发性比较；已有 HOS_0042 / 2.1.8 定位；无独立解析图但详情卡有解析文字,未修改,Tutor 检测范围：OS02-12 用户级线程 / OS02-11 线程基本概念
2026-07-02,OS_UNK_034,question-01.png,annotation_overlay,题图清晰且主题一致：线程优点辨析；已有 HOS_0043 / 2.1.8 定位；图上有红点标注但不遮挡主体；无独立解析图但详情卡有解析文字,未修改；登记轻微标注提示,Tutor 检测范围：OS02-11 线程基本概念
2026-07-02,OS_UNK_036,question-01.png,pass_question_only,题图清晰且主题一致：线程并发执行属性辨析；已有 HOS_0045 / 2.1.8 定位；无独立解析图但详情卡有解析文字,未修改,Tutor 检测范围：OS02-11 线程基本概念
2026-07-02,OS_UNK_037,question-01.png,rendered_question_pending,当前题图为 MarginNote 文字卡渲染替代图而非原题截图；主题与线程属性一致；底部已提示待原题图复核；无独立解析图但详情卡有解析文字,未修改；登记原题图复核,Tutor 检测范围：OS02-11 线程基本概念
2026-07-02,OS_UNK_038,question-01.png,cropped_but_readable,题图可读且主题一致：调度算法设计指标辨析；已有 HOS_0050 / 2.2.8 定位；裁切较窄且下方露出下一题开头但本题主体完整；无独立解析图但详情卡有解析文字,未修改；登记裁剪提示,Tutor 检测范围：OS02-21 调度目标
2026-07-02,OS_UNK_039,question-01.png,pass_question_only,题图清晰且主题一致：选择新进程运行的直接原因辨析；已有 HOS_0053 / 2.2.8 定位；无独立解析图但详情卡有解析文字,未修改,Tutor 检测范围：OS02-22 调度时机 / OS02-21 调度目标
2026-07-02,OS_UNK_040,question-01.png,watermark_overlay,题图清晰且主题一致：TSL 锁实现互斥与忙等边界；已有 HOS_0054 / 2.3.8 定位；有淡水印但不遮挡主体；无独立解析图但详情卡有解析文字,未修改；登记水印提示,Tutor 检测范围：OS02-36 锁 / OS02-33 临界区
2026-07-02,OS_UNK_041,question-01.png,watermark_overlay,题图可读且主题一致：父子进程关系和进程创建辨析；已有 HOS_0056 / 2.1.8 定位；水印较明显但不遮挡主体；无独立解析图但详情卡有解析文字,未修改；登记水印提示,Tutor 检测范围：OS02-06 进程控制 / OS02-07 进程创建
2026-07-02,OS_UNK_042,question-01.png,rendered_question_pending,当前题图为 MarginNote 文字卡渲染替代图而非原题截图；主题与进程切换条件一致；底部已提示待原题图复核；无独立解析图但详情卡有解析文字,未修改；登记原题图复核,Tutor 检测范围：OS02-06 进程控制 / OS02-05 进程状态转换
2026-07-02,OS_UNK_044,question-01.png,rendered_question_pending,当前题图为 MarginNote 文字卡渲染替代图而非原题截图；主题与 PCB 组成和进程基本概念一致；底部已提示待原题图复核；无独立解析图但详情卡有解析文字,未修改；登记原题图复核,Tutor 检测范围：OS02-01 进程基本概念
2026-07-02,OS_UNK_045,question-01.png,rendered_question_metadata_resolved,当前题图为 MarginNote 文字卡渲染替代图而非原题截图；主题为进程创建原语；第五十批已将正式主知识点校准为 OS02-07；原题扫描图仍可后续补,未修改图片；登记原题图待补但主知识点复核已完成,Tutor 检测范围：OS02-07 进程创建 / OS02-06 进程控制 / OS02-03 PCB
2026-07-02,OS_UNK_048,question-01.png,handwriting_overlay,扫描题图清晰且主题一致：段式管理中程序分段决定时机；已有 HOS_0064 / 3.1.6 定位；图上有红叉但不遮挡主体；无独立解析图但详情卡有解析文字,未修改；登记手写痕迹提示,Tutor 检测范围：OS03-20 段式管理
2026-07-02,OS_UNK_049,question-01.png,annotation_overlay,扫描题图清晰且主题一致：段式管理性质与段表项边界；已有 HOS_0065 / 3.1.6 定位；图上有红叉和虚线框但不遮挡主体；无独立解析图但详情卡有解析文字,未修改；登记标注痕迹提示,Tutor 检测范围：OS03-20 段式管理 / OS03-21 段表
2026-07-02,OS_UNK_050,question-01.png,handwriting_overlay,扫描题图清晰且主题一致：段页式管理地址映射表组织；已有 HOS_0066 / 3.1.6 定位；图上有红叉但不遮挡主体；无独立解析图但详情卡有解析文字,未修改；登记手写痕迹提示,Tutor 检测范围：OS03-22 段页式管理
2026-07-02,OS_UNK_051,question-01.png,annotation_overlay,扫描题图清晰且主题一致：段页式管理结合分页和分段思想；已有 HOS_0067 / 3.1.6 定位；图上有红叉且顶部略有裁切但不影响主体；无独立解析图但详情卡有解析文字,未修改；登记标注和裁切提示,Tutor 检测范围：OS03-22 段页式管理 / OS03-20 段式管理
2026-07-02,OS_UNK_052,question-01.png,handwriting_overlay,扫描题图可读且主题一致：虚拟存储器容量与地址位数边界；已有 HOS_0068 / 3.2.11 定位；图上红叉靠左不遮挡关键参数；无独立解析图但详情卡有解析文字,未修改；登记手写痕迹提示,Tutor 检测范围：OS03-23 虚拟内存基本概念
2026-07-02,OS_UNK_053,question-01.png,annotation_overlay,扫描题图清晰且主题一致：虚拟设备/SPOOLing 含义辨析；已有 HOS_0069 / 5.1.6 定位；图上有红叉和虚线框但不遮挡主体；无独立解析图但详情卡有解析文字,未修改；登记标注痕迹提示,Tutor 检测范围：OS05-23 SPOOLing 技术
2026-07-02,OS_UNK_054,question-01.png,redo_protection_risk,扫描题图可读且主题一致：请求分页下页大小变化与缺页次数关系；已有 HOS_0070 / 3.2.11 定位；题图有红叉且选项区域附近有红点标注，可能影响复做保护；无独立解析图但详情卡有解析文字,未修改；登记干净题图待补,Tutor 检测范围：OS03-24 请求分页管理
2026-07-02,OS_UNK_055,question-01.png,redo_protection_risk,扫描题图清晰且主题一致：TLB 命中率下平均访存次数计算；已有 HOS_0071 / 3.2.11 定位；选项区域附近有红点标注，可能暴露选择痕迹；无独立解析图但详情卡有解析文字,未修改；登记干净题图待补,Tutor 检测范围：OS03-18 快表 TLB / OS03-19 基本地址变换机构
2026-07-02,OS_UNK_056,question-01.png,watermark_overlay,扫描题图可读且主题一致：分页地址转换与页框号映射；已有 HOS_0072 / 3.2.11 定位；图上有红叉和淡水印但不遮挡主体；当前主知识点 OS03-24 可用但细分可后续复核；无独立解析图但详情卡有解析文字,未修改；登记水印和细分提示,Tutor 检测范围：OS03-24 请求分页管理 / OS03-19 基本地址变换机构
2026-07-02,OS_UNK_057,question-01.png,handwriting_overlay,扫描题图可读且主题一致：请求分页页表项扩充字段判断；已有 HOS_0073 / 3.2.11 定位；左侧红叉覆盖题号附近但不遮挡主体；无独立解析图但详情卡有解析文字,未修改；登记手写痕迹提示,Tutor 检测范围：OS03-24 请求分页管理 / OS03-17 页表
2026-07-02,OS_UNK_058,question-01.png,watermark_overlay,扫描题图可读且主题一致：请求分页管理方式特点辨析；已有 HOS_0074 / 3.2.11 定位；蓝色水印横跨选项区域且有红叉，但主体仍可读；无独立解析图但详情卡有解析文字,未修改；登记水印提示,Tutor 检测范围：OS03-24 请求分页管理
2026-07-02,OS_UNK_059,question-01.png,handwriting_overlay,扫描题图清晰且主题一致：页面换进换出效率影响因素辨析；已有 HOS_0075 / 3.2.11 定位；图上红叉不遮挡主体；无独立解析图但详情卡有解析文字,未修改；登记手写痕迹提示,Tutor 检测范围：OS03-27 页面置换 / OS03-24 请求分页管理
2026-07-02,OS_UNK_060,question-01.png,handwriting_overlay,扫描题图清晰且主题一致：存储管理目标辨析；已有 HOS_0076 / 3.1.7 定位；图上红叉不遮挡主体；无独立解析图但详情卡有解析文字,未修改；登记手写痕迹提示,Tutor 检测范围：OS03-01 内存管理基本概念
2026-07-02,OS_UNK_061,question-01.png,redo_protection_risk,扫描题图可读且主题一致：多进程互不干扰运行所依赖的内存管理机制；已有 HOS_0077 / 3.1.7 定位；红叉覆盖左侧并接近首个选项，可能影响复做保护；无独立解析图但详情卡有解析文字,未修改；登记干净题图待补,Tutor 检测范围：OS03-01 内存管理基本概念 / OS03-05 内存保护
2026-07-02,OS_UNK_062,question-01.png,handwriting_overlay,扫描题图清晰且主题一致：多道程序设计下存储管理方式适用性；已有 HOS_0078 / 3.1.7 定位；图上红叉不遮挡主体；无独立解析图但详情卡有解析文字,未修改；登记手写痕迹提示,Tutor 检测范围：OS03-01 内存管理基本概念 / OS03-07 连续分配管理
2026-07-02,OS_UNK_063,question-01.png,annotation_overlay,扫描题图清晰且主题一致：页式管理地址转换和页表内容读取；已有 HOS_0081 / 3.1.6 定位；紫色虚线框住页表但不遮挡参数；无独立解析图但详情卡有解析文字,未修改；登记标注痕迹提示,Tutor 检测范围：OS03-14 页式管理 / OS03-17 页表 / OS03-19 基本地址变换机构
2026-07-02,OS_UNK_064,question-01.png,handwriting_overlay,扫描题图清晰且主题一致：段式管理中段表数量辨析；已有 HOS_0082 / 3.1.6 定位；左侧红叉靠近题号但不遮挡主体；无独立解析图但详情卡有解析文字,未修改；登记手写痕迹提示,Tutor 检测范围：OS03-21 段表 / OS03-20 段式管理
2026-07-02,OS_UNK_065,question-01.png,metadata_corrected,直接查看确认：题图主体可读但左上红叉靠近题号；主题为内外部碎片与存储管理方式辨析；原核心考点“段式存储管理中的三种异常”偏离题面,已将正式主知识点校准为 OS03-01 并同步安全卡/索引/关系边/wiki coverage；原题干净扫描图可后续补；Tutor 检测范围：OS03-01 内存管理基本概念 / OS03-20 段式管理 / OS03-14 页式管理 / OS03-09 固定分区分配 / OS03-22 段页式管理,后续如有干净原题图可再替换
2026-07-02,OS_UNK_066,question-01.png,metadata_corrected,直接查看确认：题图清晰且主题为硬件地址变换机构适用场景；已有 HOS_0084 / 3.1.7 定位；原主知识点 OS03-07 偏窄，已将正式主知识点校准为 OS03-04 地址变换，并把连续分配、固定分区、动态分区、页式管理、基本地址变换机构和虚拟内存作为命中知识点；图上红叉和红点不遮挡主体；无独立解析图但详情卡有解析文字,已同步安全卡/索引/关系边/wiki coverage；登记元数据校准,Tutor 检测范围：OS03-04 地址变换 / OS03-19 基本地址变换机构 / OS03-07 连续分配管理 / OS03-14 页式管理 / OS03-23 虚拟内存基本概念
2026-07-02,OS_UNK_067,question-01.png,handwriting_overlay,扫描题图清晰且主题一致：固定分区中分区大小设置口径；已有 HOS_0085 / 3.1.7 定位；红叉靠近题号但不遮挡主体；无独立解析图但详情卡有解析文字,未修改；登记手写痕迹提示,Tutor 检测范围：OS03-07 连续分配管理
2026-07-02,OS_UNK_068,question-01.png,handwriting_overlay,扫描题图清晰且主题一致：程序装入的动态重定位方式描述辨析；已有 HOS_0086 / 3.1.7 定位；红叉较大但在左侧题号附近且不遮挡主体；无独立解析图但详情卡有解析文字,未修改；登记手写痕迹提示,Tutor 检测范围：OS03-04 地址变换 / OS03-07 连续分配管理
2026-07-02,OS_UNK_069,question-01.png,handwriting_overlay,扫描题图清晰且主题一致：动态重定位依赖对象辨析；已有 HOS_0087 / 3.1.7 定位；红叉靠近题号但不遮挡关键题设；无独立解析图但详情卡有解析文字,未修改；登记手写痕迹提示,Tutor 检测范围：OS03-04 地址变换 / OS03-07 连续分配管理
2026-07-02,OS_UNK_070,question-01.png,handwriting_overlay,扫描题图清晰且主题一致：可变分区管理中的拼接技术目的；已有 HOS_0088 / 3.1.7 定位；红叉靠近题号但不遮挡主体；无独立解析图但详情卡有解析文字,未修改；登记手写痕迹提示,Tutor 检测范围：OS03-07 连续分配管理
2026-07-02,OS_UNK_071,question-01.png,metadata_corrected,直接查看确认：题图清晰且主题为存储管理方式实现代价比较；已有 HOS_0089 / 3.1.7 定位；原主知识点 OS03-07 偏窄，已将正式主知识点校准为 OS03-01 内存管理基本概念，并把连续分配、页式、段式和段页式作为命中知识点；无独立解析图但详情卡有解析文字,已同步安全卡/索引/关系边/wiki coverage；登记元数据校准,Tutor 检测范围：OS03-01 内存管理基本概念 / OS03-07 连续分配管理 / OS03-14 页式管理 / OS03-20 段式管理 / OS03-22 段页式管理
2026-07-02,OS_UNK_072,question-01.png,handwriting_overlay,扫描题图清晰且主题一致：硬链接与符号链接下引用计数和打开语义；已有 HOS_0090 / 4.2.7 定位；红叉在左侧边缘不遮挡主体；无独立解析图但详情卡有解析文字,未修改；登记手写痕迹提示,Tutor 检测范围：OS04-22 硬链接 / OS04-23 软链接
2026-07-02,OS_UNK_073,question-01.png,metadata_corrected_superseded,扫描题图清晰且主题为逻辑文件到存储介质上的组织形式影响因素；已有 HOS_0091 / 4.1.8 定位；当前主知识点 OS04-15 索引分配偏窄，后续已校准为 OS04-12 文件物理结构；无独立解析图但详情卡有解析文字,旧待复核记录已由后续 metadata_corrected 行覆盖；不再计入待办,Tutor 检测范围：OS04-12 文件物理结构 / OS04-13 连续分配 / OS04-14 链接分配 / OS04-15 索引分配
2026-07-02,OS_UNK_074,question-01.png,handwriting_overlay,扫描题图清晰且主题一致：文件存储空间管理对象辨析；已有 HOS_0092 / 4.3.6 定位；红叉在左侧不遮挡主体；无独立解析图但详情卡有解析文字,未修改；登记手写痕迹提示,Tutor 检测范围：OS04-25 外存空闲空间管理
2026-07-02,OS_UNK_075,question-01.png,handwriting_overlay,扫描题图清晰且主题一致：空闲盘块号栈对应的外存空闲空间管理方法；已有 HOS_0093 / 4.3.6 定位；红叉靠近题号但不遮挡主体；无独立解析图但详情卡有解析文字,未修改；登记手写痕迹提示,Tutor 检测范围：OS04-28 成组链接法 / OS04-25 外存空闲空间管理
2026-07-02,OS_UNK_076,question-01.png,metadata_corrected_superseded,扫描题图清晰且主题为 FAT32 文件目录项内容辨析；已有 HOS_0094 / 4.1.8 定位；当前主知识点 OS04-12 文件物理结构不够贴合，后续已校准为 OS04-17 目录基本概念；无独立解析图但详情卡有解析文字,旧待复核记录已由后续 metadata_corrected 行覆盖；不再计入待办,Tutor 检测范围：OS04-02 文件属性 / OS04-03 文件元数据 / OS04-17 目录基本概念 / OS04-12 文件物理结构
2026-07-02,OS_UNK_077,question-01.png,handwriting_overlay,扫描题图清晰且主题一致：FAT 表占用空间计算；已有 HOS_0095 / 4.1.8 定位；顶部有轻微裁边和蓝色虚线残留，左侧红叉不遮挡主体；无独立解析图但详情卡有解析文字,未修改；登记手写痕迹提示,Tutor 检测范围：OS04-12 文件物理结构 / OS04-14 链接分配
2026-07-02,OS_UNK_078,question-01.png,metadata_corrected,扫描题图清晰且主题为打开文件操作主要工作；已有 HOS_0096 / 4.1.8 定位；已将主知识点从 OS04-05 文件操作校准到 OS04-06 文件打开与关闭；无独立解析图但详情卡有解析文字,已更新正式安全卡、节点表、知识点索引、错因索引、关系边和 Tutor 安全材料,Tutor 检测范围：OS04-06 文件打开与关闭 / OS04-05 文件操作 / OS01-17 系统调用
2026-07-02,OS_UNK_079,question-01.png,handwriting_overlay,扫描题图清晰且主题一致：open() 系统调用和文件打开表语义；已有 HOS_0097 / 4.1.8 定位；红叉在左侧不遮挡主体；无独立解析图但详情卡有解析文字,未修改；登记手写痕迹提示,Tutor 检测范围：OS01-17 系统调用 / OS04-06 文件打开与关闭
2026-07-02,OS_UNK_080,question-01.png,metadata_corrected,扫描题图可读且主题为关闭文件操作主要工作；已有 HOS_0098 / 4.1.8 定位；顶部带上一题残留和裁切边但不影响主体；已将正式主知识点从 OS04-04 inode 校准到 OS04-06 文件打开与关闭；无独立解析图但详情卡有解析文字,已更新正式安全卡/节点表/知识点索引/错因索引/关系边/专题链；登记元数据已校准,Tutor 检测范围：OS04-06 文件打开与关闭 / OS04-05 文件操作 / OS04-04 inode / OS04-07 文件读写
2026-07-02,OS_UNK_081,question-01.png,handwriting_overlay,扫描题图清晰且主题一致：读文件操作步骤顺序；已有 HOS_0099 / 4.1.8 定位；红叉靠近题号但不遮挡主体；无独立解析图但详情卡有解析文字,未修改；登记手写痕迹提示,Tutor 检测范围：OS04-05 文件操作 / OS04-07 文件读写 / OS05-12 设备驱动程序
2026-07-02,OS_UNK_082,question-01.png,handwriting_overlay,扫描题图清晰且主题一致：索引分配中每个文件建立索引表；已有 HOS_0100 / 4.1.8 定位；红叉靠近题号但不遮挡主体；无独立解析图但详情卡有解析文字,未修改；登记手写痕迹提示,Tutor 检测范围：OS04-15 索引分配
2026-07-02,OS_UNK_083,question-01.png,handwriting_overlay,扫描题图清晰且主题一致：目录检索方式辨析；已有 HOS_0101 / 4.2.7 定位；左上红叉较大但不遮挡主体；无独立解析图但详情卡有解析文字,未修改；登记手写痕迹提示,Tutor 检测范围：OS04-21 目录操作 / OS04-17 目录基本概念
2026-07-02,OS_UNK_084,question-01.png,handwriting_overlay,扫描题图清晰且主题一致：多级目录结构目的；已有 HOS_0102 / 4.2.7 定位；底部有轻微下一行残留但主体完整；无独立解析图但详情卡有解析文字,未修改；登记手写痕迹提示,Tutor 检测范围：OS04-20 树形目录 / OS04-17 目录基本概念
2026-07-02,OS_UNK_085,question-01.png,metadata_corrected,扫描题图清晰且主题为文件系统综合常识辨析；已有 HOS_0103 / 4.2.7 定位；题图跨文件物理结构、文件保护、树形目录和存取控制矩阵；已将正式主知识点从 OS04-24 文件系统布局校准到 OS04-08 文件保护；无独立解析图但详情卡有解析文字,已更新正式安全卡/节点表/知识点索引/关系边/专题链；登记元数据已校准,Tutor 检测范围：OS04-08 文件保护 / OS04-12 文件物理结构 / OS04-20 树形目录 / OS04-24 文件系统布局
2026-07-02,OS_UNK_086,question-01.png,handwriting_overlay,扫描题图清晰且主题一致：硬链接下文件描述符和打开文件表关系；已有 HOS_0104 / 4.2.7 定位；红叉在左侧不遮挡主体；无独立解析图但详情卡有解析文字,未修改；登记手写痕迹提示,Tutor 检测范围：OS04-22 硬链接 / OS04-06 文件打开与关闭
2026-07-02,OS_UNK_087,question-01.png,handwriting_overlay,扫描题图可读且主题一致：设备分配考虑因素；已有 HOS_0105 / 5.1.6 定位；左侧红叉较大但不遮挡主体，底部有下一题残留；无独立解析图但详情卡有解析文字,未修改；登记手写和裁切残留提示,Tutor 检测范围：OS05-22 设备分配
2026-07-02,OS_UNK_088,question-01.png,handwriting_overlay,扫描题图清晰且主题一致：中断驱动 I/O 的 CPU 占用计算；已有 HOS_0106 / 5.1.6 定位；红叉在题号附近不遮挡关键参数；无独立解析图但详情卡有解析文字,未修改；登记手写痕迹提示,Tutor 检测范围：OS05-07 中断方式 / OS05-05 I/O 控制方式
2026-07-02,OS_UNK_089,question-01.png,metadata_corrected,扫描题图清晰且主题为通道、设备控制器和设备之间的层级控制关系；已有 HOS_0107 / 5.1.6 定位；正式层保留主知识点 OS05-05 I/O 控制方式 并补充相关命中 OS05-03 I/O 接口；无独立解析图但详情卡有解析文字,已同步安全卡、正式表、知识点命中、关系边、专题链、wiki 和 Tutor 安全材料,Tutor 检测范围：OS05-03 I/O 接口 / OS05-05 I/O 控制方式
2026-07-02,OS_UNK_090,question-01.png,annotation_overlay,扫描题图清晰且主题一致：设备绝对号和设备识别；已有 HOS_0108 / 5.1.6 定位；蓝色虚线框横跨题干但不遮挡文字，红叉不遮挡主体；无独立解析图但详情卡有解析文字,未修改；登记标注痕迹提示,Tutor 检测范围：OS05-09 I/O 软件层次结构 / OS05-11 设备独立性软件
2026-07-02,OS_UNK_091,question-01.png,handwriting_overlay,扫描题图清晰且主题一致：系统调用参数到设备操作命令的翻译；已有 HOS_0109 / 5.1.6 定位；红叉靠近题号不遮挡主体；无独立解析图但详情卡有解析文字,未修改；登记手写痕迹提示,Tutor 检测范围：OS01-17 系统调用 / OS05-12 设备驱动程序 / OS05-09 I/O 软件层次结构
2026-07-02,OS_UNK_092,question-01.png,redo_protection_risk,扫描题图可读且主题一致：向设备寄存器写命令所在的软件层；已有 HOS_0110 / 5.1.6 定位；红叉非常大并覆盖首个选项区域附近，可能影响复做保护；无独立解析图但详情卡有解析文字,未修改；登记干净题图待补,Tutor 检测范围：OS05-12 设备驱动程序
2026-07-02,OS_UNK_093,question-01.png,handwriting_overlay,扫描题图清晰且主题一致：输入设备中断处理中的软硬件分工；已有 HOS_0111 / 5.1.6 定位；红叉靠近题号但不遮挡主体；无独立解析图但详情卡有解析文字,未修改；登记手写痕迹提示,Tutor 检测范围：OS05-13 中断处理程序
2026-07-02,OS_UNK_094,question-01.png,redo_protection_risk,扫描题图可读且主题一致：设备独立性含义；已有 HOS_0112 / 5.2.8 定位；红叉覆盖左上并靠近首个选项区域，可能影响复做保护；无独立解析图但详情卡有解析文字,未修改；登记干净题图待补,Tutor 检测范围：OS05-11 设备独立性软件
2026-07-02,OS_UNK_096,question-01.png,handwriting_overlay,扫描题图清晰且主题一致：设备驱动程序功能辨析；已有 HOS_0114 / 5.2.8 定位；红叉靠近题号不遮挡主体；无独立解析图但详情卡有解析文字,未修改；登记手写痕迹提示,Tutor 检测范围：OS05-12 设备驱动程序
2026-07-02,OS_UNK_097,question-01.png,metadata_corrected,扫描题图清晰，主题已校准为 I/O 子系统四层软件结构顺序；已有 HOS_0115 / 5.2.8 定位；原历史题名“磁盘 I/O 的处理流程”仅保留为定位线索；无独立解析图但详情卡有长解析文字，后半部分包含磁盘调度扩展，不能驱动正式主知识点,已修改正式库安全卡、知识点、错因、关系边、专题链与 Tutor 安全材料,Tutor 检测范围：OS05-09 I/O 软件层次结构 / OS05-10 用户层 I/O 软件 / OS05-11 设备独立性软件 / OS05-12 设备驱动程序 / OS05-13 中断处理程序
2026-07-02,OS_UNK_098,question-01.png,handwriting_overlay,扫描题图清晰且主题一致：并发进程输入输出适合的缓冲结构；已有 HOS_0116 / 5.2.8 定位；红叉靠近题号但不遮挡主体；无独立解析图但详情卡有解析文字,未修改；登记手写痕迹提示,Tutor 检测范围：OS05-21 缓冲池
2026-07-02,OS_UNK_099,question-01.png,handwriting_overlay,扫描题图清晰且主题一致：支持双向传送设备的缓冲技术选择；已有 HOS_0117 / 5.2.8 定位；红叉靠近题号但不遮挡主体；无独立解析图但详情卡有解析文字,未修改；登记手写痕迹提示,Tutor 检测范围：OS05-19 双缓冲
2026-07-02,OS_UNK_100,question-01.png,annotation_overlay,扫描题图清晰且主题一致：单缓冲下数据块处理时间计算；已有 HOS_0118 / 5.2.8 定位；红叉靠近题号且底部有蓝色虚线残留但不遮挡关键参数；无独立解析图但详情卡有解析文字,未修改；登记标注痕迹提示,Tutor 检测范围：OS05-18 单缓冲
2026-07-02,OS_UNK_101,question-01.png,handwriting_overlay,扫描题图清晰且主题一致：单用户计算机上 I/O 操作是否需要缓冲技术；已有 HOS_0119 / 5.2.8 定位；红叉靠近题号但不遮挡主体；无独立解析图但详情卡有解析文字,未修改；登记手写痕迹提示,Tutor 检测范围：OS05-17 缓冲区管理 / OS05-21 缓冲池
2026-07-02,OS_UNK_102,question-01.png,handwriting_overlay,扫描题图清晰且主题一致：设备分配中 DCT、COCT、CHCT、SDT 的访问顺序；已有 HOS_0120 / 5.2.8 定位；红叉靠近题号但不遮挡关键数据结构名；无独立解析图但详情卡有解析文字,未修改；登记手写痕迹提示,Tutor 检测范围：OS05-22 设备分配
2026-07-02,OS_UNK_103,question-01.png,annotation_overlay,扫描题图可读且主题一致：独占设备与共享设备辨析；已有 HOS_0121 / 5.2.8 定位；有浅蓝水印和红叉但文字主体清楚；无独立解析图但详情卡有解析文字,未修改；登记水印和手写痕迹提示,Tutor 检测范围：OS05-02 设备分类
2026-07-02,OS_UNK_104,question-01.png,metadata_corrected,扫描题图清晰，主题已校准为设备独立性软件可完成的管理工作；已有 HOS_0122 / 5.2.8 定位；原主知识点 OS05-10 用户层 I/O 软件改为 OS05-11 设备独立性软件；无独立解析图但详情卡有解析文字,已修改正式库安全卡、知识点、错因、关系边、专题链与 Tutor 安全材料,Tutor 检测范围：OS05-11 设备独立性软件 / OS05-10 用户层 I/O 软件 / OS05-12 设备驱动程序 / OS05-17 缓冲区管理
2026-07-02,OS_UNK_105,question-01.png,handwriting_overlay,扫描题图清晰且主题一致：提高单机资源利用率的关键技术；已有 HOS_0123 / 5.2.8 定位；红叉靠近题号但不遮挡主体；无独立解析图但详情卡有解析文字,未修改；登记手写痕迹提示,Tutor 检测范围：OS05-23 SPOOLing 技术
2026-07-02,OS_UNK_106,question-01.png,handwriting_overlay,扫描题图清晰且主题一致：SPOOLing 系统中打印结果首先送达的位置；已有 HOS_0124 / 5.2.8 定位；红叉靠近题号但不遮挡主体；无独立解析图但详情卡有解析文字,未修改；登记手写痕迹提示,Tutor 检测范围：OS05-23 SPOOLing 技术
2026-07-02,OS_UNK_107,question-01.png,handwriting_overlay,扫描题图清晰且主题一致：SPOOLing 系统组成；已有 HOS_0125 / 5.2.8 定位；红叉靠近题号但不遮挡主体；无独立解析图但详情卡有解析文字,未修改；登记手写痕迹提示,Tutor 检测范围：OS05-23 SPOOLing 技术
2026-07-02,OS_UNK_108,question-01.png,handwriting_overlay,扫描题图清晰且主题一致：SPOOLing 系统条件和机制辨析；已有 HOS_0126 / 5.2.8 定位；红叉靠近题号但不遮挡主体；无独立解析图但详情卡有解析文字,未修改；登记手写痕迹提示,Tutor 检测范围：OS05-23 SPOOLing 技术
2026-07-02,OS_UNK_109,question-01.png,handwriting_overlay,扫描题图清晰且主题一致：操作系统中以空间换取时间的技术辨析；已有 HOS_0127 / 5.2.8 定位；红叉靠近题号但不遮挡主体；无独立解析图但详情卡有解析文字,未修改；登记手写痕迹提示,Tutor 检测范围：OS05-23 SPOOLing 技术
2026-07-02,OS_UNK_110,question-01.png,handwriting_overlay,扫描题图清晰且主题一致：固态硬盘 SSD 特点辨析；已有 HOS_0128 / 5.3.6 定位；红叉靠近题号但不遮挡主体；无独立解析图但详情卡有解析文字,未修改；登记手写痕迹提示,Tutor 检测范围：OS05-32 固态硬盘 SSD
2026-07-02,OS_UNK_111,question-01.png,annotation_overlay,扫描题图清晰且主题一致：SSD 磨损均衡与性能辨析；已有 HOS_0129 / 5.3.6 定位；题面有小红点靠近选项区域但未形成明确答案标记；无独立解析图但详情卡有长解析文字,未修改；登记标注痕迹和长解析文字提示,Tutor 检测范围：OS05-32 固态硬盘 SSD
2026-07-02,OS_UNK_112,question-01.png,image_quality_review_needed,扫描题图可读且主题一致：柱面、盘面、扇区到逻辑记录号的映射计算；已有 HOS_0130 / 5.3.6 定位；题干左侧有大红叉遮挡开头区域，关键参数仍可识别但建议补干净题图；无独立解析图但详情卡有解析文字,未修改；登记干净题图待补,Tutor 检测范围：OS05-24 磁盘结构
2026-07-02,OS_UNK_113,question-01.png,handwriting_overlay,扫描题图可读且主题一致：磁盘转速和扇区划分下的扇区读取时间；已有 HOS_0131 / 5.3.6 定位；红叉压到题号和题干最左侧但核心参数清楚；无独立解析图但详情卡有解析文字,未修改；登记手写痕迹提示,Tutor 检测范围：OS05-25 磁盘访问时间
2026-07-02,OS_UNK_114,question-01.png,handwriting_overlay,扫描题图清晰且主题一致：磁盘数据传输率计算；已有 HOS_0132 / 5.3.6 定位；红叉靠近题号但不遮挡主体；无独立解析图但详情卡有解析文字,未修改；登记手写痕迹提示,Tutor 检测范围：OS05-25 磁盘访问时间
2026-07-02,OS_UNK_115,question-01.png,metadata_corrected,扫描题图清晰且主题为磁带记录密度、块间隙、总占用长度和利用率口径；已有 HOS_0133 / 5.3.6 定位；本地标签表无单独磁带/外存介质标签，正式层保留 OS05-24 磁盘结构并按磁带顺序介质记录组织特例处理；无独立解析图但详情卡有解析文字,已同步安全卡、正式表、知识点命中、关系边、wiki 和 Tutor 安全材料,Tutor 检测范围：OS05-24 磁盘结构 / 磁带记录组织 / 块间隙与利用率口径
2026-07-02,OS_UNK_116,question-01.png,handwriting_overlay,扫描题图清晰且主题一致：操作系统引导扇区产生阶段；已有 HOS_0134 / 5.3.6 定位；红叉靠近题号但不遮挡主体；无独立解析图但详情卡有解析文字,未修改；登记手写痕迹提示,Tutor 检测范围：OS01-22 操作系统引导
2026-07-02,OS_UNK_117,question-01.png,handwriting_overlay,扫描题图清晰且主题一致：扇区头尾控制信息的创建阶段；已有 HOS_0135 / 5.3.6 定位；红叉靠近题号但不遮挡主体；无独立解析图但详情卡有解析文字,未修改；登记手写痕迹提示,Tutor 检测范围：OS05-24 磁盘结构
2026-07-02,OS_UNK_118,question-01.png,handwriting_overlay,扫描题图清晰且主题一致：磁盘访问时间组成中的主导因素；已有 HOS_0136 / 5.3.6 定位；红叉靠近题号但不遮挡主体；无独立解析图但详情卡有解析文字,未修改；登记手写痕迹提示,Tutor 检测范围：OS05-25 磁盘访问时间
2026-07-02,OS_UNK_119,question-01.png,handwriting_overlay,扫描题图清晰且主题一致：旋转延迟影响因素辨析；已有 HOS_0137 / 5.3.6 定位；红叉靠近题号但不遮挡主体；无独立解析图但详情卡有解析文字,未修改；登记手写痕迹提示,Tutor 检测范围：OS05-25 磁盘访问时间
2026-07-02,OS_UNK_120,question-01.png,handwriting_overlay,扫描题图清晰且主题一致：磁盘调度算法与磁头运动方向变化；已有 HOS_0138 / 5.3.6 定位；红叉靠近题号但不遮挡主体；无独立解析图但详情卡有解析文字,未修改；登记手写痕迹提示,Tutor 检测范围：OS05-26 先来先服务 FCFS 磁盘调度
2026-07-02,OS_UNK_121,question-01.png,visual_pending_rendered_card,当前题图为 MarginNote 文字卡渲染替代图：死锁处理策略分类；来源定位为 VISUAL_PENDING / 未提取；图中已标注待原题图复核；无独立解析图但详情卡有解析文字,未修改；登记原题图和来源定位待补,Tutor 检测范围：OS02-47 死锁避免 / 死锁处理策略
2026-07-02,OS_UNK_122,question-01.png,visual_pending_rendered_card,当前题图为 MarginNote 文字卡渲染替代图：纯分段地址结构与段内偏移；来源定位为 VISUAL_PENDING / 未提取；图中已标注待原题图复核；无独立解析图但详情卡有解析文字,未修改；登记原题图和来源定位待补,Tutor 检测范围：OS03-20 段式管理
2026-07-02,CO_2010_002,question-01.png; solution-01.png,fixed_from_corpus,此前因年份/题源错绑被隔离，当前从 CO03 语料 CO03-Q042 找到明确同题题图与解析图,复制题图与解析图到 assets/CO_2010_002 并更新详情卡,P0 待补题图清单移除该节点；后续只需正式层来源ID如有需要再单独复核
2026-07-02,OS_UNK_112,question-01.png,image_quality_review_needed,直接查看确认：扫描题图主题匹配且关键参数可识别，但左侧大红叉遮挡题干开头，不适合作为长期干净题图,未修改图片；继续保留当前题图作为阶段性复做图,从 MarginNote 补干净原题图；Tutor 检测范围：OS05-24 磁盘结构
2026-07-02,CO_UNK_068,question-01.png,visual_pending_rendered_card,直接查看确认：当前题图为文字卡渲染替代图，主题与 Cache 编址关系匹配，但不是原题扫描；且正确解析图仍待补,未修改图片；继续保留当前题图作为阶段性复做图,从 MarginNote 补原题图和正确解析图；Tutor 检测范围：CO03-14 Cache 地址划分
2026-07-02,OS_UNK_121,question-01.png,visual_pending_rendered_card,直接查看确认：当前题图为文字卡渲染替代图，主题与死锁处理策略分类匹配，来源定位仍为 VISUAL_PENDING,未修改图片；继续保留当前题图作为阶段性复做图,从 MarginNote 补原题图和来源定位；Tutor 检测范围：OS02-47 死锁避免 / 死锁处理策略
2026-07-02,OS_UNK_122,question-01.png,visual_pending_rendered_card,直接查看确认：当前题图为文字卡渲染替代图，主题与段式管理地址结构匹配，来源定位仍为 VISUAL_PENDING,未修改图片；继续保留当前题图作为阶段性复做图,从 MarginNote 补原题图和来源定位；Tutor 检测范围：OS03-20 段式管理
2026-07-02,OS_UNK_054,question-01.png,redo_protection_cleaned,直接查看确认：原题图存在靠近题号或选项区域的红色标注；v2 去红候选复核后题面主体仍可读,已替换当前题图并隔离备份原图,后续如有 MarginNote 原始干净扫描图可再替换；Tutor 检测范围：OS03-24 请求分页管理
2026-07-02,OS_UNK_055,question-01.png,redo_protection_cleaned,直接查看确认：原题图存在靠近题号或选项区域的红色标注；v2 去红候选复核后题面主体仍可读,已替换当前题图并隔离备份原图,后续如有 MarginNote 原始干净扫描图可再替换；Tutor 检测范围：OS03-18 快表 TLB
2026-07-02,OS_UNK_061,question-01.png,redo_protection_cleaned,直接查看确认：原题图存在靠近题号或首个选项区域的红色标注；v2 去红候选复核后题面主体仍可读,已替换当前题图并隔离备份原图,后续如有 MarginNote 原始干净扫描图可再替换；Tutor 检测范围：OS03-01 内存管理基本概念
2026-07-02,OS_UNK_092,question-01.png,redo_protection_cleaned,直接查看确认：原题图存在靠近题号或首个选项区域的红色标注；v2 去红候选复核后题面主体仍可读,已替换当前题图并隔离备份原图,后续如有 MarginNote 原始干净扫描图可再替换；Tutor 检测范围：OS05-12 设备驱动程序
2026-07-02,OS_UNK_094,question-01.png,redo_protection_cleaned,直接查看确认：原题图存在靠近题号或首个选项区域的红色标注；v2 去红候选复核后题面主体仍可读,已替换当前题图并隔离备份原图,后续如有 MarginNote 原始干净扫描图可再替换；Tutor 检测范围：OS05-11 设备独立性软件
2026-07-02,DUP_GROUP_08,p2-duplicate-os-2013-001-os-unk-023-2026-07-02.png,duplicate_resolved,直接查看确认：OS_2013_001 与 OS_UNK_023 的题图哈希完全相同；图面定位与 OS_UNK_023 来源匹配,隔离 OS_2013_001 错绑题图；OS_UNK_023 保留当前题图；不合并或删除正式节点,OS_2013_001 从 MarginNote 或历史来源补正确题图；Tutor 检测范围：死锁基本概念 / 死锁避免 / 死锁检测 / 银行家算法
2026-07-02,OS_2013_001,question-01.png,question_image_quarantined_wrong_binding,直接查看确认：原 question-01.png 与 OS_UNK_023 完全相同，且与 OS_2013_001 来源定位不一致,已移入 assets/_quarantine/wrong_question_binding_2026-07-02/OS_2013_001；详情卡题目区改为正确题图待补,从 MarginNote 或历史来源补 HOS_0034 对应正确题图；解析文字暂保留在详情库折叠区
2026-07-02,OS_UNK_023,question-01.png,duplicate_reference_retained,直接查看确认：当前题图与 OS_UNK_023 来源定位匹配,保留当前题图；不修改正式库,后续仅需按常规补解析图，如有原始干净图可再替换
2026-07-02,OS_UNK_045,question-01.png,metadata_corrected,直接查看确认：当前题图虽为 MarginNote 文字卡渲染替代图但主题明确为进程创建原语职责边界；原正式主知识点 OS02-05 偏宽且易误导,已将正式主知识点校准为 OS02-07 并同步安全卡/关系边/wiki coverage,原题扫描图仍可后续补；Tutor 检测范围：OS02-07 进程创建 / OS02-06 进程控制 / OS02-03 PCB
2026-07-02,OS_UNK_073,question-01.png,metadata_corrected,直接查看确认：题图主题为逻辑文件到存储介质上的组织形式影响因素；原正式主知识点 OS04-15 偏窄且 E05 单位换算不贴合,已将正式主知识点校准为 OS04-12 并同步安全卡/关系边/wiki coverage,无独立解析图但详情卡有解析文字；Tutor 检测范围：OS04-12 文件物理结构 / OS04-09 文件逻辑结构 / OS04-15 索引分配
2026-07-02,OS_UNK_076,question-01.png,metadata_corrected,直接查看确认：题图主题为 FAT32 文件目录项字段范围辨析；原正式主知识点 OS04-12 偏向文件物理组织且 E05/E10 不贴合,已将正式主知识点校准为 OS04-17 并同步安全卡/关系边/wiki coverage,无独立解析图但详情卡有解析文字；Tutor 检测范围：OS04-17 目录基本概念 / OS04-02 文件属性 / OS04-03 文件元数据 / OS04-12 文件物理结构 / OS04-14 链接分配
2026-07-02,OS_UNK_112,question-01.png,clean_rendered_question,直接查看确认：原扫描题图左侧红叉遮挡题干开头；已用详情卡题面生成干净文字版题图替换当前题图；原扫描图已备份到 assets/_quarantine/dirty_question_original_2026-07-02/OS_UNK_112；无独立解析图但详情卡有解析文字,已替换题图并移出题干遮挡队列,Tutor 检测范围：OS05-24 磁盘结构 / 磁盘三元地址线性映射
2026-07-02,CN_UNK_048,question-01.png,question_red_trace_cleaned_solution_pending,直接查看确认：题图主题与 MAC 确认机制匹配；原图有红色作答痕迹；正确解析图缺失且旧解析图已判定不匹配,已清理当前题图红色痕迹并隔离备份原图；安全卡登记正确解析图待补,从 MarginNote 补正确解析图；Tutor 检测范围：CN03-17 CSMA/CD / CSMA-CA ACK 边界
2026-07-02,CO_2016_002,question-01.png,question_red_trace_cleaned_solution_pending,直接查看确认：题图主题与硬件 I/O 机制识别匹配；原图有红色作答痕迹；正确解析图缺失且旧解析图已判定不匹配,已清理当前题图红色痕迹并隔离备份原图；安全卡登记正确解析图待补,从 MarginNote 补正确解析图；Tutor 检测范围：CO06-06 I/O 接口 / 通道硬件机制
2026-07-02,CO_2018_002,question-01.png,question_matched_solution_pending,直接查看确认：题图清晰且主题与 CF/OF 标志位判断匹配；正确解析图缺失且旧解析图已判定不匹配,未改图片；安全卡登记正确解析图待补,从 MarginNote 补正确解析图并补来源定位；Tutor 检测范围：CO02-14 标志位 / CF OF 边界
2026-07-02,CO_2018_004,question-01.png,question_matched_solution_pending,直接查看确认：题图清晰且主题与机器级代码立即数字段和小端存放匹配；正确解析图缺失且旧解析图已判定不匹配,未改图片；安全卡登记正确解析图待补,从 MarginNote 补正确解析图并补来源定位；Tutor 检测范围：CO04-22 机器级代码 / 小端方式 / 补码
2026-07-02,CO_2019_001,question-01.png,question_red_trace_cleaned_solution_pending,直接查看确认：题图主题与 DMA 控制器寄存器匹配；原图有红色作答痕迹；正确解析图缺失且旧解析图已判定不匹配,已清理当前题图红色痕迹并隔离备份原图；安全卡登记正确解析图待补,从 MarginNote 补正确解析图；Tutor 检测范围：CO06-19 DMA 控制器 / CPU 寄存器边界
2026-07-02,CO_UNK_061,question-01.png,question_matched_solution_pending,直接查看确认：题图清晰且主题与异步传输/总线定时方式匹配；正确解析图缺失且旧解析图已判定不匹配,未改图片；安全卡登记正确解析图待补,从 MarginNote 补正确解析图；Tutor 检测范围：CO06-05 总线定时 / 异步定时握手边界
2026-07-02,CO_UNK_065,question-01.png,question_matched_solution_pending,直接查看确认：题图清晰且主题与 DMA 周期挪用匹配；正确解析图缺失且旧解析图已判定不匹配,未改图片；安全卡登记正确解析图待补,从 MarginNote 补正确解析图；Tutor 检测范围：CO06-18 DMA 方式 / 存取周期与指令周期边界
2026-07-02,CO_UNK_068,question-01.png,rendered_question_solution_pending,直接查看确认：当前题图为 MarginNote 文字卡渲染替代图且主题与 Cache 编址关系匹配；正确解析图仍缺失,未改图片；保留阶段性复做图；安全卡已登记原题扫描图和正确解析图待补,从 MarginNote 补原题扫描图和正确解析图；Tutor 检测范围：CO03-14 Cache 地址划分
2026-07-02,DS_2023_002,question-01.png,question_matched_solution_pending,直接查看确认：题图清晰且主题与顺序表操作复杂度匹配；正确解析图缺失且旧解析图已判定不匹配,未改图片；安全卡登记正确解析图待补,从 MarginNote 补正确解析图；Tutor 检测范围：DS01-11 时间复杂度分析 / 顺序表访问与搬移成本
2026-07-02,DS_2023_004,question-01.png,question_matched_solution_pending,直接查看确认：题图清晰且主题与非空 B 树操作性质辨析匹配；正确解析图缺失且旧解析图已判定不匹配,未改图片；安全卡登记正确解析图待补,从 MarginNote 补正确解析图并补来源定位；Tutor 检测范围：DS07-13 B 树 / B 树与 B+ 树边界
2026-07-02,OS_UNK_121,question-01.png,visual_pending_rendered_card_reviewed,直接查看确认：当前题图为 MarginNote 文字卡渲染图，主题与死锁处理策略分类匹配；路径候选含 2019 年真题，但来源 ID/正式年份待确认,未改图片；安全卡记录路径候选、原题扫描图待补和无独立解析图,从 MarginNote 补原题扫描图和来源定位；Tutor 检测范围：OS02-47 死锁避免 / 死锁处理策略分类
2026-07-02,OS_UNK_122,question-01.png,visual_pending_rendered_card_reviewed,直接查看确认：当前题图为 MarginNote 文字卡渲染图，主题与纯分段地址结构和段内偏移匹配；路径候选含 2009 年真题，但来源 ID/正式年份待确认,未改图片；安全卡记录路径候选、原题扫描图待补和无独立解析图,从 MarginNote 补原题扫描图和来源定位；Tutor 检测范围：OS03-20 段式管理 / 段内偏移位数
2026-07-02,CO_UNK_013,question-01.png,rendered_question_source_conflict_open,直接查看确认：当前题图为 MarginNote 文字卡渲染图，主题与 ISA/指令系统判断匹配；来源路径污染仍待人工确认,未改图片；安全卡补附件登记并保留来源链冲突，不自动合并 CO_2013_002,从 MarginNote 补原题扫描图；Tutor 检测范围：CO04-01 指令系统基本概念 / CO04-02 指令格式 / CO04-08 寻址方式 / CO04-22 机器级代码
2026-07-02,CO_2017_001,question-01.png; solution-01.png; solution-02.png,pass_multi_solution_verified,多解析图复核：题图与四体交叉编址未对齐访问场景匹配；两张解析图均为本道题解析/示意，未发现错绑,保留全部当前图片；详情页和安全卡补 QA/附件登记,后续可补解析文字；Tutor 检测范围：CO03-09 多模块存储器 / 未对齐访问 / 总线传输粒度
2026-07-02,CO_UNK_009,question-01.png; solution-01.png; solution-02.png; solution-03.png,wrong_solution_images_quarantined,三张解析图均不是调用指令单选题直接解析，而是机器级代码大题或寻址方式补充材料,将三张错绑解析图移入 _quarantine/wrong_solution_binding_2026-07-02/CO_UNK_009；详情页只保留本道题文字解析；安全卡登记正确解析图待补,从 MarginNote 补本道题正确解析图；Tutor 检测范围：CO04-25 函数调用机器级表示 / 调用目标与返回地址
2026-07-02,CO_UNK_038,question-01.png; question-02.png,question_aux_image_reclassified_to_solution,第二张题图实际为流水线时序/空操作解析示意图，题目区提前显示解析辅助信息,将第二张图归入折叠解析区；详情页和安全卡补 QA/附件登记,Tutor 检测范围：CO05-22 指令流水线 / RAW 相关 / 转发与停顿
2026-07-02,CO_UNK_050,question-01.png; question-02.png,question_aux_image_reclassified_to_solution,第二张题图实际为硬布线/组合逻辑控制器结构解析示意图，题目区提前显示解析辅助信息,将第二张图归入折叠解析区；详情页和安全卡补 QA/附件登记,Tutor 检测范围：CO05-14 硬布线控制器 / 微操作控制信号形成
2026-07-02,DS_2011_001,question-01.png; question-02.png,question_aux_image_reclassified_to_solution,第二张题图实际为循环数组/循环队列辅助示意图，题目区提前显示解析辅助信息,将第二张图归入折叠解析区；详情页和安全卡补 QA/附件登记,Tutor 检测范围：DS03-09 循环队列 / front-rear 语义 / 初始化倒推
2026-07-02,DS_2014_002,question-01.png; question-02.png,question_aux_image_reclassified_to_solution,第二张题图实际为循环数组编号辅助示意图，题目区提前显示解析辅助信息,将第二张图归入折叠解析区；详情页和安全卡补 QA/附件登记,Tutor 检测范围：DS03-09 循环队列 / 保留空位 / end1-end2 空满条件
2026-07-02,DS_2016_002,question-01.png; question-02.png,question_aux_image_reclassified_to_solution,第二张题图实际为森林概念/结构辅助示意图，题目区提前显示概念提示图,将第二张图归入折叠解析区；详情页和安全卡补 QA/附件登记,Tutor 检测范围：DS05-01 树的基本概念 / 森林边数与树棵数关系
2026-07-02,CO_UNK_058,question-01.png,red_trace_cleaned,直接查看确认：题号附近红叉痕迹影响复做页面干净度但不属于题源内容,备份原图到 assets/_quarantine/red_trace_original_2026-07-02_followup 并替换为去红题图；题面主体保持可读,后续若能从 MarginNote 导出原始干净扫描图可再替换；Tutor 检测范围：CO06-01 总线基本概念 / 内部数据传输方式
2026-07-02,OS_UNK_015,question-01.png,red_trace_cleaned,直接查看确认：题号附近红色标记影响复做页面干净度但不属于题源内容,备份原图到 assets/_quarantine/red_trace_original_2026-07-02_followup 并替换为去红题图；题面主体保持可读,后续若能从 MarginNote 导出原始干净扫描图可再替换；Tutor 检测范围：OS02-05 进程通信 / 临界区共享对象
2026-07-02,CN_2023_001,question-01.png,red_trace_cleaned,直接查看确认：题图左侧红叉痕迹不属于题源内容且会干扰复做,备份原图到 assets/_quarantine/red_trace_original_2026-07-02_followup 并替换为去红题图；题干与图示主体保持可读,后续若能从 MarginNote 导出原始干净扫描图可再替换；Tutor 检测范围：CN02-09 时延带宽积 / 分组交换传输时延
2026-07-02,CO_UNK_069,question-01.png,red_annotation_removed_black_underline_remaining,直接查看确认：题图含红色手写提示和黑色下划线；红色提示可无损清理；黑色下划线紧贴选项文字无法无损擦除,备份原图到 assets/_quarantine/red_trace_original_2026-07-02_followup 并替换为去红题图；保留题面文字完整；将黑色下划线登记为后续补干净原题图,从 MarginNote 补原始干净题图；Tutor 检测范围：CO05-22 指令流水线 / 流水 CPU 基本概念
2026-07-02,CN_UNK_064,question-01.png,red_trace_cleaned,直接查看确认：题图左侧红叉痕迹不属于题源内容；题面主体和选项可读,备份原图到 assets/_quarantine/red_trace_original_2026-07-02_followup2 并替换为去红题图；红叉曾覆盖题号/年份局部，当前以题面主体可复做为准,后续若能从 MarginNote 导出原始干净扫描图可再替换；Tutor 检测范围：CN04-08 IPv4 地址与子网掩码 / 网络地址计算
2026-07-02,OS_UNK_108,question-01.png,red_trace_cleaned,直接查看确认：题图左侧红叉痕迹不属于题源内容；题面主体和选项可读,备份原图到 assets/_quarantine/red_trace_original_2026-07-02_followup2 并替换为去红题图,后续若能从 MarginNote 导出原始干净扫描图可再替换；Tutor 检测范围：OS05-23 SPOOLing 技术 / SPOOLing 系统基本条件
2026-07-02,CO_2024_003,question-01.png,red_trace_cleaned,直接查看确认：题图左侧红叉痕迹不属于题源内容；题面主体和选项可读,备份原图到 assets/_quarantine/red_trace_original_2026-07-02_followup2 并替换为去红题图,后续若能从 MarginNote 导出原始干净扫描图可再替换；Tutor 检测范围：CO06-18 DMA 方式 / DMA 前后处理边界
2026-07-02,CN_UNK_054,question-01.png,red_trace_cleaned,直接查看确认：题图左侧红叉痕迹不属于题源内容；题面主体和选项可读,备份原图到 assets/_quarantine/red_trace_original_2026-07-02_followup2 并替换为去红题图；红叉曾覆盖题号/年份局部，当前以题面主体可复做为准,后续若能从 MarginNote 导出原始干净扫描图可再替换；Tutor 检测范围：CN03-12 停止-等待协议 / 信道利用率
2026-07-02,OS_UNK_087,question-01.png,red_trace_cleaned,直接查看确认：题图左侧红叉痕迹不属于题源内容；题面主体和选项可读,备份原图到 assets/_quarantine/red_trace_original_2026-07-02_followup2 并替换为去红题图；红叉曾覆盖题号局部，当前以题面主体可复做为准,后续若能从 MarginNote 导出原始干净扫描图可再替换；Tutor 检测范围：OS05-22 设备分配 / 设备分配考虑因素
2026-07-02,OS_UNK_083,question-01.png,red_trace_cleaned,直接查看确认：题图左侧红叉痕迹不属于题源内容；题面主体和选项可读,备份原图到 assets/_quarantine/red_trace_original_2026-07-02_followup2 并替换为去红题图,后续若能从 MarginNote 导出原始干净扫描图可再替换；Tutor 检测范围：OS04-08 文件目录检索 / 顺序检索边界
2026-07-02,OS_UNK_103,question-01.png,red_trace_cleaned,直接查看确认：题图左侧红叉痕迹不属于题源内容；题面主体和选项可读,备份原图到 assets/_quarantine/red_trace_original_2026-07-02_followup2 并替换为去红题图,后续若能从 MarginNote 导出原始干净扫描图可再替换；Tutor 检测范围：OS05-02 设备分类 / 独占设备与共享设备
2026-07-02,OS_UNK_086,question-01.png,red_trace_cleaned,直接查看确认：题图左侧红叉痕迹不属于题源内容；题面主体和选项可读,备份原图到 assets/_quarantine/red_trace_original_2026-07-02_followup2 并替换为去红题图；红叉曾覆盖年份局部，当前以题面主体可复做为准,后续若能从 MarginNote 导出原始干净扫描图可再替换；Tutor 检测范围：OS04-07 文件共享 / 硬链接与文件描述符
2026-07-02,OS_2016_004,question-01.png,year_metadata_conflict_open,直接查看确认：详情卡来源 HOS_0139 与定位 5.3.6（34）匹配 C-SCAN 磁盘调度题，但题图图面年份为 2024，正式节点 ID 和节点总表年份为 2016,未改图片也未改正式 ID；登记为正式层元数据/详情图绑定待复核,后续从 MarginNote 或历史来源确认该题正式年份与 ID；Tutor 检测范围：OS05-29 C-SCAN / 磁盘调度方向与回卷
2026-07-02,OS_2022_001,question-01.png,red_text_source_emphasis_retained,直接查看确认：题图有红色题面强调文字但属于题设信息或来源强调，不是作答痕迹；题图主体与优先级抢占式调度主题匹配,未改图片；无独立解析图但详情卡有解析文字,继续保留当前题图；Tutor 检测范围：OS02-22 调度时机 / 抢占式优先级调度
2026-07-02,OS_UNK_090,question-01.png,red_trace_cleaned,直接查看确认：题图左侧红叉痕迹和蓝色裁剪虚线不属于题源内容；题面主体和选项可读,备份原图到 assets/_quarantine/red_trace_original_2026-07-02_followup3 并替换为去红去边框题图,后续若能从 MarginNote 导出原始干净扫描图可再替换；Tutor 检测范围：OS05-09 I/O 软件层次结构 / 设备编号
2026-07-02,CN_UNK_060,question-01.png,red_trace_cleaned,直接查看确认：题图左侧红叉痕迹不属于题源内容；题面主体和选项可读,备份原图到 assets/_quarantine/red_trace_original_2026-07-02_followup3 并替换为去红题图,后续若能从 MarginNote 导出原始干净扫描图可再替换；Tutor 检测范围：CN04-02 数据报服务 / TCP-IP 网络层服务类型
2026-07-02,OS_UNK_076,question-01.png,red_trace_cleaned,直接查看确认：题图左侧红叉痕迹不属于题源内容；题面主体和选项可读,备份原图到 assets/_quarantine/red_trace_original_2026-07-02_followup3 并替换为去红题图,后续若能从 MarginNote 导出原始干净扫描图可再替换；Tutor 检测范围：OS04-17 目录基本概念 / FAT32 目录项字段边界
2026-07-02,OS_UNK_113,question-01.png,red_trace_cleaned,直接查看确认：题图左侧红叉痕迹不属于题源内容；题面主体和选项可读,备份原图到 assets/_quarantine/red_trace_original_2026-07-02_followup3 并替换为去红题图,后续若能从 MarginNote 导出原始干净扫描图可再替换；Tutor 检测范围：OS05-25 磁盘访问时间 / 旋转延迟与扇区读取时间
2026-07-02,OS_2016_004,question-01.png,red_trace_cleaned_year_conflict_open,直接查看确认：题图左侧红叉痕迹不属于题源内容且会干扰复做；同时图面年份与正式 ID 年份仍冲突,备份原图到 assets/_quarantine/red_trace_original_2026-07-02_followup4 并替换为去红题图；不修改正式 ID 和年份,后续仍需从 MarginNote 或历史来源确认正式年份与详情图绑定；Tutor 检测范围：OS05-29 C-SCAN / 磁盘调度方向与回卷
2026-07-02,OS_2023_001,question-01.png,red_text_source_emphasis_retained,直接查看确认：红色文字为题面强调和来源排版内容；不是作答痕迹,未改图片；题图与调度时间线主题匹配,后续若需要黑白干净题图可从 MarginNote 补原图；Tutor 检测范围：OS02-21 调度目标 / 优先级抢占式调度
2026-07-02,OS_UNK_097,question-01.png,red_scan_false_positive_retained,直接查看确认：红色像素扫描命中但题图未见可清理的红色作答痕迹；题面主体清晰,未改图片；保留现有题图；Tutor 检测范围：OS05-09 I/O 软件层次结构 / I-O 四层顺序,
2026-07-02,CN_UNK_046,question-01.png,red_trace_cleaned,直接查看确认：题图左侧红叉痕迹不属于题源内容；题面主体和选项可读,备份原图到 assets/_quarantine/red_trace_original_2026-07-02_followup4 并替换为去红题图,后续若能从 MarginNote 导出原始干净扫描图可再替换；Tutor 检测范围：CN03-17 CSMA-CD / 最短帧长与传播距离
2026-07-02,CN_2024_002,question-01.png,red_trace_cleaned,直接查看确认：题图左侧红叉痕迹不属于题源内容；题面主体和选项可读,备份原图到 assets/_quarantine/red_trace_original_2026-07-02_followup4 并替换为去红题图,后续若能从 MarginNote 导出原始干净扫描图可再替换；Tutor 检测范围：CN02-18 调制 / 二进制数字调制方式
2026-07-02,OS_UNK_068,question-01.png,red_trace_cleaned,直接查看确认：题图左侧红叉痕迹不属于题源内容；题面主体和选项可读,备份原图到 assets/_quarantine/red_trace_original_2026-07-02_followup4 并替换为去红题图,后续若能从 MarginNote 导出原始干净扫描图可再替换；Tutor 检测范围：OS03-07 连续分配管理 / 动态重定位
2026-07-02,OS_2018_003,question-01.png,red_scan_false_positive_retained_source_color,直接查看确认：扫描命中来自题源表格配色与年份标识；不是作答痕迹；题图主体清晰,未改图片,继续保留当前题图；Tutor 检测范围：OS02 进程调度 / 非抢占式优先级调度
2026-07-02,OS_UNK_040,question-01.png,red_scan_false_positive_retained_source_color,直接查看确认：扫描命中来自题源代码配色与年份标识；不是作答痕迹；题图主体清晰,未改图片,继续保留当前题图；Tutor 检测范围：OS02-35 硬件互斥方法 / TSL 自旋等待
2026-07-02,OS_2016_002,question-01.png,red_text_source_emphasis_retained,直接查看确认：题图只有来源年份标识颜色命中；未见需要清理的作答痕迹；题图主体清晰,未改图片,继续保留当前题图；Tutor 检测范围：OS02-40 条件变量 / 管程边界
2026-07-02,CO_2012_005,question-01.png,red_scan_false_positive_retained,直接查看确认：扫描命中但未见可清理红色作答痕迹；题图主体清晰,未改图片,继续保留当前题图；Tutor 检测范围：CO04 指令系统 / 数据对齐与小端存储
2026-07-02,CO_2015_005,question-01.png,red_scan_false_positive_retained,直接查看确认：扫描命中但未见可清理红色作答痕迹；题图主体清晰,未改图片,继续保留当前题图；Tutor 检测范围：CO03 存储系统 / 四体交叉编址
2026-07-02,OS_2018_001,question-01.png,red_trace_cleaned,直接查看确认：题图左侧选项附近红色下划线不属于题源内容；清理后题面主体可读,备份原图到 assets/_quarantine/red_trace_original_2026-07-02_followup5 并替换为局部去红题图,后续若能从 MarginNote 导出原始干净扫描图可再替换；Tutor 检测范围：OS02-40 条件变量 / 管程 wait 语义
2026-07-02,CO_UNK_015,question-01.png,red_trace_cleaned,直接查看确认：题干中部红色手写线不属于题源内容；清理后题面主体仍可读但被覆盖处无法恢复原始笔画,备份原图到 assets/_quarantine/red_trace_original_2026-07-02_followup5 并替换为局部去红题图,后续若能从 MarginNote 导出原始干净扫描图可再替换；Tutor 检测范围：CO04-13 寄存器间接寻址 / 寻址方式边界
2026-07-02,CN_UNK_063,question-01.png,red_trace_cleaned,直接查看确认：题图左上红叉痕迹不属于题源内容；清理后题面主体和图示可读,备份原图到 assets/_quarantine/red_trace_original_2026-07-02_followup5 并替换为局部去红题图,后续若能从 MarginNote 导出原始干净扫描图可再替换；Tutor 检测范围：CN03-22 MAC 地址 / 路由转发中的链路层地址变化
2026-07-02,OS_UNK_119,question-01.png,red_trace_cleaned,直接查看确认：题图左上红叉痕迹不属于题源内容；清理后题面主体可读,备份原图到 assets/_quarantine/red_trace_original_2026-07-02_followup5 并替换为局部去红题图,后续若能从 MarginNote 导出原始干净扫描图可再替换；Tutor 检测范围：OS05-25 磁盘访问时间 / 旋转延迟影响因素
2026-07-02,CN_UNK_036,question-01.png,red_trace_cleaned,直接查看确认：题图左上红叉痕迹不属于题源内容；清理后题面主体可读,备份原图到 assets/_quarantine/red_trace_original_2026-07-02_followup5 并替换为局部去红题图,后续若能从 MarginNote 导出原始干净扫描图可再替换；Tutor 检测范围：CN02-05 信道 / CN02-13 波特率边界
2026-07-02,OS_UNK_052,question-01.png,red_trace_cleaned,直接查看确认：题图左上红叉痕迹不属于题源内容；清理后题面主体可读,备份原图到 assets/_quarantine/red_trace_original_2026-07-02_followup5 并替换为局部去红题图,后续若能从 MarginNote 导出原始干净扫描图可再替换；Tutor 检测范围：OS03-23 虚拟内存基本概念 / 地址位数边界
2026-07-02,OS_UNK_098,question-01.png,red_trace_cleaned,直接查看确认：题图左上红叉痕迹不属于题源内容；清理后题面主体可读,备份原图到 assets/_quarantine/red_trace_original_2026-07-02_followup5 并替换为局部去红题图,后续若能从 MarginNote 导出原始干净扫描图可再替换；Tutor 检测范围：OS05-21 缓冲池 / 缓冲结构选择
2026-07-02,CO_2009_001,question-01.png,red_scan_false_positive_retained_source_color,直接查看确认：扫描命中来自题源排版颜色与抗锯齿像素；未见可清理作答痕迹；题图主体清晰,未改图片,继续保留当前题图；Tutor 检测范围：CO02-22 浮点数加减运算 / 规格化与溢出判断
2026-07-02,CO_UNK_002,question-01.png,red_scan_false_positive_retained,直接查看确认：扫描命中但题图未见红色作答痕迹；题图主体清晰,未改图片,继续保留当前题图；Tutor 检测范围：CO03-21 平均访存时间 / CPU 直接访问边界
2026-07-02,OS_2019_001,question-01.png,red_text_source_emphasis_retained,直接查看确认：题图有年份标识颜色但属于题源排版内容；不是作答痕迹,未改图片,继续保留当前题图；Tutor 检测范围：OS02-44 死锁基本概念 / 死锁判断边界
2026-07-02,CO_2018_005,question-01.png,red_scan_false_positive_retained_source_color,直接查看确认：扫描命中来自题源排版颜色与抗锯齿像素；未见可清理作答痕迹；题图主体清晰,未改图片,继续保留当前题图；Tutor 检测范围：CO03-04 DRAM / 行列地址与刷新开销
2026-07-02,CN_UNK_059,question-01.png,red_trace_cleaned,直接查看确认：题图左上红叉痕迹不属于题源内容；清理后题面主体和时序图可读,备份原图到 assets/_quarantine/red_trace_original_2026-07-02_followup6 并替换为局部去红题图,后续若能从 MarginNote 导出原始干净扫描图可再替换；Tutor 检测范围：CN05-26 接收窗口 / SR 协议发送窗口
2026-07-02,OS_UNK_102,question-01.png,red_trace_cleaned,直接查看确认：题图左上红叉痕迹不属于题源内容；清理后题面主体可读,备份原图到 assets/_quarantine/red_trace_original_2026-07-02_followup6 并替换为局部去红题图,后续若能从 MarginNote 导出原始干净扫描图可再替换；Tutor 检测范围：OS05-22 设备分配 / 分配数据结构访问顺序
2026-07-02,CN_UNK_019,question-01.png,red_trace_cleaned,直接查看确认：题图左上红叉痕迹不属于题源内容；清理后题面主体和交换方式示意图可读,备份原图到 assets/_quarantine/red_trace_original_2026-07-02_followup6 并替换为局部去红题图,后续若能从 MarginNote 导出原始干净扫描图可再替换；Tutor 检测范围：CN01-10 计算机网络性能指标 / 交换方式时延比较
2026-07-02,OS_UNK_101,question-01.png,red_trace_cleaned,直接查看确认：题图左上红叉痕迹不属于题源内容；清理后题面主体可读,备份原图到 assets/_quarantine/red_trace_original_2026-07-02_followup6 并替换为局部去红题图,后续若能从 MarginNote 导出原始干净扫描图可再替换；Tutor 检测范围：OS05-17 缓冲区管理 / 缓冲技术应用场景
2026-07-02,OS_UNK_074,question-01.png,red_trace_cleaned,直接查看确认：题图左上红叉痕迹不属于题源内容；清理后题面主体可读,备份原图到 assets/_quarantine/red_trace_original_2026-07-02_followup6 并替换为局部去红题图,后续若能从 MarginNote 导出原始干净扫描图可再替换；Tutor 检测范围：OS04-25 外存空闲空间管理 / 存储空间组织对象
2026-07-02,OS_UNK_077,question-01.png,red_trace_cleaned,直接查看确认：题图左上红叉和顶部蓝色裁剪线不属于题源内容；清理后题面主体可读,备份原图到 assets/_quarantine/red_trace_original_2026-07-02_followup6 并替换为局部去红题图,后续若能从 MarginNote 导出原始干净扫描图可再替换；Tutor 检测范围：OS04-12 文件物理结构 / FAT 表空间计算
2026-07-02,OS_UNK_075,question-01.png,red_trace_cleaned,直接查看确认：题图左上红叉痕迹不属于题源内容；清理后题面主体可读,备份原图到 assets/_quarantine/red_trace_original_2026-07-02_followup6 并替换为局部去红题图,后续若能从 MarginNote 导出原始干净扫描图可再替换；Tutor 检测范围：OS04-28 成组链接法 / 空闲盘块号栈
2026-07-02,OS_UNK_069,question-01.png,red_trace_cleaned,直接查看确认：题图左上红叉痕迹不属于题源内容；清理后题面主体可读,备份原图到 assets/_quarantine/red_trace_original_2026-07-02_followup6 并替换为局部去红题图,后续若能从 MarginNote 导出原始干净扫描图可再替换；Tutor 检测范围：OS03-07 连续分配管理 / 动态重定位依赖
2026-07-02,OS_UNK_096,question-01.png,red_trace_cleaned,直接查看确认：题图左上红叉痕迹不属于题源内容；清理后题面主体可读,备份原图到 assets/_quarantine/red_trace_original_2026-07-02_followup6 并替换为局部去红题图,后续若能从 MarginNote 导出原始干净扫描图可再替换；Tutor 检测范围：OS05-12 设备驱动程序 / 设备驱动功能边界
2026-07-02,OS_UNK_091,question-01.png,red_trace_cleaned,直接查看确认：题图左上红叉痕迹不属于题源内容；清理后题面主体可读,备份原图到 assets/_quarantine/red_trace_original_2026-07-02_followup6 并替换为局部去红题图,后续若能从 MarginNote 导出原始干净扫描图可再替换；Tutor 检测范围：OS01-17 系统调用 / 设备操作命令翻译边界
2026-07-02,OS_UNK_114,question-01.png,red_trace_cleaned,直接查看确认：题图左上红叉痕迹不属于题源内容；清理后题面主体可读,备份原图到 assets/_quarantine/red_trace_original_2026-07-02_followup6 并替换为局部去红题图,后续若能从 MarginNote 导出原始干净扫描图可再替换；Tutor 检测范围：OS05-25 磁盘访问时间 / 磁盘数据传输率
2026-07-02,CN_UNK_052,question-01.png,red_trace_cleaned,直接查看确认：题图左侧红叉痕迹不属于题源内容；清理后题面主体可读,备份原图到 assets/_quarantine/red_trace_original_2026-07-02_followup6 并替换为局部去红题图,后续若能从 MarginNote 导出原始干净扫描图可再替换；Tutor 检测范围：CN03-12 后退 N 帧 GBN / 连续 ARQ 接收顺序
2026-07-02,CO_2013_001,question-01.png,red_trace_cleaned,直接查看确认：题图左上红叉痕迹不属于题源内容；清理后题面主体可读,备份原图到 assets/_quarantine/red_trace_original_2026-07-02_followup7 并替换为局部去红题图,后续若能从 MarginNote 导出原始干净扫描图可再替换；Tutor 检测范围：OS05-26 先来先服务 FCFS 磁盘调度 / 算法类别边界
2026-07-02,CN_UNK_057,question-01.png,red_trace_cleaned,直接查看确认：题图左侧红叉痕迹不属于题源内容；清理后题面主体可读,备份原图到 assets/_quarantine/red_trace_original_2026-07-02_followup7 并替换为局部去红题图,后续若能从 MarginNote 导出原始干净扫描图可再替换；Tutor 检测范围：CN05-26 接收窗口 / SR 协议窗口与编号
2026-07-02,OS_UNK_084,question-01.png,red_trace_cleaned,直接查看确认：题图左上红叉痕迹不属于题源内容；清理后题面主体可读,备份原图到 assets/_quarantine/red_trace_original_2026-07-02_followup7 并替换为局部去红题图,后续若能从 MarginNote 导出原始干净扫描图可再替换；Tutor 检测范围：OS04-20 树形目录 / 多级目录目的
2026-07-02,OS_UNK_116,question-01.png,red_trace_cleaned,直接查看确认：题图左侧红叉痕迹不属于题源内容；清理后题面主体可读,备份原图到 assets/_quarantine/red_trace_original_2026-07-02_followup7 并替换为局部去红题图,后续若能从 MarginNote 导出原始干净扫描图可再替换；Tutor 检测范围：OS01-22 操作系统引导 / 引导扇区产生阶段
2026-07-02,OS_UNK_079,question-01.png,red_trace_cleaned,直接查看确认：题图左侧红叉痕迹不属于题源内容；清理后题面主体可读,备份原图到 assets/_quarantine/red_trace_original_2026-07-02_followup7 并替换为局部去红题图,后续若能从 MarginNote 导出原始干净扫描图可再替换；Tutor 检测范围：OS01-17 系统调用 / open 调用语义边界
2026-07-02,CN_UNK_051,question-01.png,red_trace_cleaned,直接查看确认：题图左侧红叉痕迹不属于题源内容；清理后题面主体可读,备份原图到 assets/_quarantine/red_trace_original_2026-07-02_followup7 并替换为局部去红题图,后续若能从 MarginNote 导出原始干净扫描图可再替换；Tutor 检测范围：CN03-10 停止等待协议 / 丢帧等待与超时机制
2026-07-02,OS_UNK_012,question-01.png,red_text_source_emphasis_retained,直接查看确认：红色文字属于题源问法强调不是作答痕迹；题面主体可读,未修改图片,后续若需要纯黑白题图可从 MarginNote 补原始干净扫描图；Tutor 检测范围：OS01-22 操作系统引导
2026-07-02,OS_UNK_056,question-01.png,red_trace_cleaned,直接查看确认：题图左侧红叉痕迹不属于题源内容；清理后题面主体可读,备份原图到 assets/_quarantine/red_trace_original_2026-07-02_followup7 并替换为局部去红题图,后续若能从 MarginNote 导出原始干净扫描图可再替换；Tutor 检测范围：OS03-24 请求分页管理 / 逻辑地址到物理地址
2026-07-02,OS_UNK_022,question-01.png,red_trace_cleaned,直接查看确认：题图左侧红叉和蓝色裁剪/选择痕迹不属于题源内容；清理后题面主体可读,备份原图到 assets/_quarantine/red_trace_original_2026-07-02_followup7 并替换为局部去红去蓝题图,后续若能从 MarginNote 导出原始干净扫描图可再替换；Tutor 检测范围：OS02-33 临界区 / 并发进程死锁饥饿边界
2026-07-02,OS_UNK_088,question-01.png,red_trace_cleaned,直接查看确认：题图左上红叉痕迹不属于题源内容；清理后题面主体可读,备份原图到 assets/_quarantine/red_trace_original_2026-07-02_followup7 并替换为局部去红题图,后续若能从 MarginNote 导出原始干净扫描图可再替换；Tutor 检测范围：OS05-07 中断方式 / 中断驱动 I/O CPU 占用
2026-07-02,CN_UNK_005,question-01.png,red_trace_cleaned,直接查看确认：题图左侧红叉痕迹不属于题源内容；清理后题面主体可读；同时发现并清洗正式安全信息中的答案暴露片段,备份原图到 assets/_quarantine/red_trace_original_2026-07-02_followup7 并替换为局部去红题图；正式层仅做复做保护脱敏,后续若能从 MarginNote 导出原始干净扫描图可再替换；Tutor 检测范围：CN04-03 虚电路服务 / OSI 与 TCP-IP 服务口径边界
2026-07-02,OS_UNK_057,question-01.png,red_trace_cleaned,直接查看确认：题图左侧红叉痕迹不属于题源内容；清理后题面主体可读,备份原图到 assets/_quarantine/red_trace_original_2026-07-02_followup7 并替换为局部去红题图,后续若能从 MarginNote 导出原始干净扫描图可再替换；Tutor 检测范围：OS03-24 请求分页管理 / 页表项字段作用
2026-07-02,CN_2013_001,question-01.png,red_trace_cleaned,直接查看确认：题图左侧红叉痕迹不属于题源内容；清理后题面主体可读,备份原图到 assets/_quarantine/red_trace_original_2026-07-02_followup8 并替换为局部去红题图,后续若能从 MarginNote 导出原始干净扫描图可再替换；Tutor 检测范围：CN03-07 CRC 循环冗余校验
2026-07-02,CN_UNK_037,question-01.png,red_trace_cleaned,直接查看确认：题图左侧红叉痕迹不属于题源内容；清理后题面主体可读,备份原图到 assets/_quarantine/red_trace_original_2026-07-02_followup8 并替换为局部去红题图,后续若能从 MarginNote 导出原始干净扫描图可再替换；Tutor 检测范围：CN02-13 波特率 / 波特率与比特率
2026-07-02,OS_UNK_059,question-01.png,red_trace_cleaned,直接查看确认：题图左侧红叉痕迹不属于题源内容；清理后题面主体可读,备份原图到 assets/_quarantine/red_trace_original_2026-07-02_followup8 并替换为局部去红题图,后续若能从 MarginNote 导出原始干净扫描图可再替换；Tutor 检测范围：OS03-27 页面置换 / 页面换进换出效率因素
2026-07-02,CN_2010_001,question-01.png,red_trace_cleaned,直接查看确认：题图左侧红叉痕迹不属于题源内容；清理后题面主体和网络拓扑图可读,备份原图到 assets/_quarantine/red_trace_original_2026-07-02_followup8 并替换为局部去红题图,后续若能从 MarginNote 导出原始干净扫描图可再替换；Tutor 检测范围：CN01-08 分组交换 / 存储转发流水线时延
2026-07-02,CO_2015_003,question-01.png,red_scan_false_positive_retained_source_color,直接查看确认：未见外加红色作答痕迹；扫描命中来自题源排版颜色和抗锯齿像素；题面主体可读,未修改图片,后续红色扫描不再优先重复打开；Tutor 检测范围：CO02-22 浮点数加减运算 / 规格化与溢出边界
2026-07-02,CN_UNK_011,question-01.png,red_trace_cleaned,直接查看确认：题图左侧红叉痕迹不属于题源内容；清理后题面主体可读,备份原图到 assets/_quarantine/red_trace_original_2026-07-02_followup8 并替换为局部去红题图,后续若能从 MarginNote 导出原始干净扫描图可再替换；Tutor 检测范围：CN01-20 接口 / 服务访问点 SAP
2026-07-02,OS_UNK_070,question-01.png,red_trace_cleaned,直接查看确认：题图左侧红叉痕迹不属于题源内容；清理后题面主体可读,备份原图到 assets/_quarantine/red_trace_original_2026-07-02_followup8 并替换为局部去红题图,后续若能从 MarginNote 导出原始干净扫描图可再替换；Tutor 检测范围：OS03-07 连续分配管理 / 拼接技术目的
2026-07-02,OS_UNK_107,question-01.png,red_trace_cleaned,直接查看确认：题图左侧红叉痕迹不属于题源内容；清理后题面主体可读,备份原图到 assets/_quarantine/red_trace_original_2026-07-02_followup8 并替换为局部去红题图,后续若能从 MarginNote 导出原始干净扫描图可再替换；Tutor 检测范围：OS05-23 SPOOLing 技术 / SPOOLing 系统组成
2026-07-02,CO_2014_001,question-01.png,red_scan_false_positive_retained_source_color,直接查看确认：未见外加红色作答痕迹；扫描命中来自题源排版颜色或抗锯齿像素；题面主体可读,未修改图片,后续红色扫描不再优先重复打开；Tutor 检测范围：CO03-04 DRAM / 地址复用与引脚数
2026-07-02,CN_UNK_047,question-01.png,red_trace_cleaned,直接查看确认：题图左侧红叉痕迹不属于题源内容；清理后题面主体可读,备份原图到 assets/_quarantine/red_trace_original_2026-07-02_followup9 并替换为局部去红题图,后续若能从 MarginNote 导出原始干净扫描图可再替换；Tutor 检测范围：CN03-17 CSMA/CD / 冲突域传播时延
2026-07-02,OS_2021_004,question-01.png,red_scan_false_positive_retained_source_color,直接查看确认：未见外加红色作答痕迹；扫描命中来自题源排版颜色或抗锯齿像素；题面主体可读,未修改图片,后续红色扫描不再优先重复打开；Tutor 检测范围：OS03-19 基本地址变换机构 / 二级页表入口
2026-07-02,OS_2024_001,question-01.png,red_trace_cleaned,直接查看确认：题图左侧红叉痕迹不属于题源内容；清理后题面主体可读,备份原图到 assets/_quarantine/red_trace_original_2026-07-02_followup9 并替换为局部去红题图,后续若能从 MarginNote 导出原始干净扫描图可再替换；Tutor 检测范围：OS03-27 页面置换 / 置换算法下界
2026-07-02,OS_UNK_115,question-01.png,red_trace_cleaned,直接查看确认：题图左侧红叉痕迹不属于题源内容；清理后题面主体可读,备份原图到 assets/_quarantine/red_trace_original_2026-07-02_followup9 并替换为局部去红题图,后续若能从 MarginNote 导出原始干净扫描图可再替换；Tutor 检测范围：OS05-24 磁盘结构 / 磁带记录密度
2026-07-02,CO_2021_001,question-01.png,red_scan_false_positive_retained_source_color,直接查看确认：未见外加红色作答痕迹；扫描命中来自题源排版颜色或抗锯齿像素；题面主体可读,未修改图片,后续红色扫描不再优先重复打开；Tutor 检测范围：CO01-16 FLOPS 类指标 / 数量级换算
2026-07-02,OS_2010_003,question-01.png,red_text_source_emphasis_retained,直接查看确认：红色年份文字属于题源标注不是作答痕迹；题面主体可读,未修改图片,后续若需要纯黑白题图可从 MarginNote 补原始干净扫描图；Tutor 检测范围：OS03-17 页表 / 二级页表项数
2026-07-02,CN_UNK_055,question-01.png,red_trace_cleaned,直接查看确认：题图左侧红叉痕迹不属于题源内容；清理后题面主体可读,备份原图到 assets/_quarantine/red_trace_original_2026-07-02_followup9 并替换为局部去红题图,后续若能从 MarginNote 导出原始干净扫描图可再替换；Tutor 检测范围：CN03-07 CRC 循环冗余校验
2026-07-02,CO_UNK_029,question-01.png,red_trace_cleaned,直接查看确认：题图中红色下划线和蓝色裁剪/选择痕迹不属于题源内容；清理后题面主体可读,备份原图到 assets/_quarantine/red_trace_original_2026-07-02_followup9 并替换为局部去红去蓝题图,后续若能从 MarginNote 导出原始干净扫描图可再替换；Tutor 检测范围：CO05-05 寄存器 / PC 位数与对齐条件
2026-07-02,OS_2011_001,question-01.png,red_text_source_emphasis_retained,直接查看确认：红色年份文字属于题源标注不是作答痕迹；题面主体可读,未修改图片,后续若需要纯黑白题图可从 MarginNote 补原始干净扫描图；Tutor 检测范围：OS03-02 逻辑地址 / 地址形成阶段
2026-07-02,OS_UNK_062,question-01.png,red_trace_cleaned,直接查看确认：题图左侧红叉痕迹不属于题源内容；清理后题面主体可读,备份原图到 assets/_quarantine/red_trace_original_2026-07-02_followup9 并替换为局部去红题图,后续若能从 MarginNote 导出原始干净扫描图可再替换；Tutor 检测范围：OS03-01 内存管理基本概念 / 存储管理方式适用性
2026-07-02,OS_UNK_106,question-01.png,red_trace_cleaned,直接查看确认：题图左侧红叉痕迹不属于题源内容；清理后题面主体可读,备份原图到 assets/_quarantine/red_trace_original_2026-07-02_followup9 并替换为局部去红题图,后续若能从 MarginNote 导出原始干净扫描图可再替换；Tutor 检测范围：OS05-23 SPOOLing 技术 / 输出井位置
2026-07-02,CO_2019_002,question-01.png,red_scan_false_positive_retained_source_color,直接查看确认：未见外加红色作答痕迹；扫描命中来自题源排版颜色或抗锯齿像素；题面主体可读,未修改图片,后续红色扫描不再优先重复打开；Tutor 检测范围：CO01-03 冯诺依曼结构 / 指令数据存储程序边界
2026-07-02,OS_UNK_066,question-01.png,red_trace_cleaned,直接查看确认：题图左侧红叉和少量红点痕迹不属于题源内容；清理后题面主体可读,备份原图到 assets/_quarantine/red_trace_original_2026-07-02_followup9 并替换为局部去红题图,后续若能从 MarginNote 导出原始干净扫描图可再替换；Tutor 检测范围：OS03-04 地址变换 / 硬件地址变换机构
2026-07-02,CO_2011_001,question-01.png,red_scan_false_positive_retained_source_color,直接查看确认：未见外加红色作答痕迹；扫描命中来自题源排版颜色或抗锯齿像素；题面主体可读,未修改图片,后续红色扫描不再优先重复打开；Tutor 检测范围：CO02-20 IEEE 754 / 单精度字段划分
2026-07-02,CN_2014_001,question-01.png,red_trace_cleaned,直接查看确认：题图左侧红叉痕迹不属于题源内容；清理后题面主体可读,备份原图到 assets/_quarantine/red_trace_original_2026-07-02_followup9 并替换为局部去红题图,后续若能从 MarginNote 导出原始干净扫描图可再替换；Tutor 检测范围：CN01-11 速率 / 传输速率与传播速度边界
2026-07-02,CN_UNK_061,question-01.png,red_trace_cleaned,直接查看确认：题图左侧红叉痕迹不属于题源内容；清理后题面主体可读,备份原图到 assets/_quarantine/red_trace_original_2026-07-02_followup10 并替换为局部去红题图,后续若能从 MarginNote 导出原始干净扫描图可再替换；Tutor 检测范围：CN04-03 虚电路服务 / 虚电路网络特性
2026-07-02,OS_UNK_109,question-01.png,red_trace_cleaned,直接查看确认：题图左侧红叉痕迹不属于题源内容；清理后题面主体可读,备份原图到 assets/_quarantine/red_trace_original_2026-07-02_followup10 并替换为局部去红题图,后续若能从 MarginNote 导出原始干净扫描图可再替换；Tutor 检测范围：OS05-23 SPOOLing 技术 / 空间换时间
2026-07-02,CO_2012_002,question-01.png,red_scan_false_positive_retained_source_color,直接查看确认：未见外加红色作答痕迹；扫描命中来自题源排版颜色或抗锯齿像素；题面主体可读,未修改图片,后续红色扫描不再优先重复打开；Tutor 检测范围：CO01-14 CPU 执行时间 / CPU 时间与 I-O 时间
2026-07-02,CO_2018_004,question-01.png,red_scan_false_positive_retained_source_color,直接查看确认：未见外加红色作答痕迹；扫描命中来自题源排版颜色或抗锯齿像素；题面主体可读,未修改图片,后续红色扫描不再优先重复打开；Tutor 检测范围：CO04-22 机器级代码 / 小端与立即数字段
2026-07-02,OS_UNK_117,question-01.png,red_trace_cleaned,直接查看确认：题图左侧红叉痕迹不属于题源内容；清理后题面主体可读,备份原图到 assets/_quarantine/red_trace_original_2026-07-02_followup10 并替换为局部去红题图,后续若能从 MarginNote 导出原始干净扫描图可再替换；Tutor 检测范围：OS05-24 磁盘结构 / 扇区控制信息
2026-07-02,OS_UNK_058,question-01.png,red_trace_cleaned,直接查看确认：题图左侧红叉痕迹不属于题源内容；清理后题面主体可读；题源水印未处理,备份原图到 assets/_quarantine/red_trace_original_2026-07-02_followup10 并替换为局部去红题图,后续若能从 MarginNote 导出原始干净扫描图可再替换；Tutor 检测范围：OS03-24 请求分页管理
2026-07-02,CN_UNK_007,question-01.png,red_trace_cleaned,直接查看确认：题图左侧红叉痕迹不属于题源内容；清理后题面主体可读,备份原图到 assets/_quarantine/red_trace_original_2026-07-02_followup10 并替换为局部去红题图,后续若能从 MarginNote 导出原始干净扫描图可再替换；Tutor 检测范围：CN01-27 封装与解封装 / OSI 封装过程
2026-07-02,OS_UNK_120,question-01.png,red_trace_cleaned,直接查看确认：题图左侧红叉痕迹不属于题源内容；清理后题面主体可读,备份原图到 assets/_quarantine/red_trace_original_2026-07-02_followup10 并替换为局部去红题图,后续若能从 MarginNote 导出原始干净扫描图可再替换；Tutor 检测范围：OS05-26 先来先服务 FCFS 磁盘调度 / 磁头方向
2026-07-02,OS_UNK_081,question-01.png,red_trace_cleaned,直接查看确认：题图左侧红叉痕迹不属于题源内容；清理后题面主体可读,备份原图到 assets/_quarantine/red_trace_original_2026-07-02_followup10 并替换为局部去红题图,后续若能从 MarginNote 导出原始干净扫描图可再替换；Tutor 检测范围：OS04-05 文件操作 / 读文件过程
2026-07-02,OS_UNK_019,question-01.png,red_trace_cleaned,直接查看确认：题图左侧红叉痕迹不属于题源内容；清理后题面主体可读；题源水印未处理,备份原图到 assets/_quarantine/red_trace_original_2026-07-02_followup10 并替换为局部去红题图,后续若能从 MarginNote 导出原始干净扫描图可再替换；Tutor 检测范围：OS02-40 条件变量 / 管程 signal 边界
2026-07-02,CN_UNK_058,question-01.png,red_trace_cleaned,直接查看确认：题图左侧红叉痕迹不属于题源内容；清理后题面主体可读,备份原图到 assets/_quarantine/red_trace_original_2026-07-02_followup10 并替换为局部去红题图,后续若能从 MarginNote 导出原始干净扫描图可再替换；Tutor 检测范围：CN05-26 接收窗口 / SR 协议
2026-07-02,OS_2019_005,question-01.png,red_scan_false_positive_retained_source_color,直接查看确认：未见外加红色作答痕迹；扫描命中来自题源排版颜色或抗锯齿像素；题面主体可读,未修改图片,后续红色扫描不再优先重复打开；Tutor 检测范围：OS03-30 最近最久未使用 LRU / 页面置换次数
2026-07-02,OS_UNK_023,question-01.png,red_trace_cleaned,直接查看确认：题图左侧红叉和右侧蓝色装饰痕迹不属于题源内容；清理后题面主体可读,备份原图到 assets/_quarantine/red_trace_original_2026-07-02_followup10 并替换为局部去红去蓝题图,后续若能从 MarginNote 导出原始干净扫描图可再替换；Tutor 检测范围：OS02-44 死锁基本概念
2026-07-02,CN_UNK_028,question-01.png,red_trace_cleaned,直接查看确认：题图左侧红叉痕迹不属于题源内容；清理后题面主体可读,备份原图到 assets/_quarantine/red_trace_original_2026-07-02_followup10 并替换为局部去红题图,后续若能从 MarginNote 导出原始干净扫描图可再替换；Tutor 检测范围：CN02-15 奈奎斯特定理 / 香农边界
2026-07-02,OS_UNK_093,question-01.png,red_trace_cleaned,直接查看确认：题图左侧红叉痕迹不属于题源内容；清理后题面主体可读,备份原图到 assets/_quarantine/red_trace_original_2026-07-02_followup10 并替换为局部去红题图,后续若能从 MarginNote 导出原始干净扫描图可再替换；Tutor 检测范围：OS05-13 中断处理程序 / 软硬件分工
2026-07-02,OS_UNK_053,question-01.png,red_trace_cleaned,直接查看确认：题图左侧红叉和蓝色选择框痕迹不属于题源内容；清理后题面主体可读,备份原图到 assets/_quarantine/red_trace_original_2026-07-02_followup10 并替换为局部去红去蓝题图,后续若能从 MarginNote 导出原始干净扫描图可再替换；Tutor 检测范围：OS05-23 SPOOLing 技术 / 虚拟设备
2026-07-02,OS_UNK_100,question-01.png,red_trace_cleaned,直接查看确认：题图左侧红叉和蓝色裁剪/装饰痕迹不属于题源内容；清理后题面主体可读,备份原图到 assets/_quarantine/red_trace_original_2026-07-02_followup11 并替换为局部去红去蓝题图,后续若能从 MarginNote 导出原始干净扫描图可再替换；Tutor 检测范围：OS05-18 单缓冲 / 单缓冲平均处理时间
2026-07-02,CN_UNK_010,question-01.png,red_trace_cleaned,直接查看确认：题图左侧红叉痕迹不属于题源内容；清理后题面主体和 TCP 首部图可读,备份原图到 assets/_quarantine/red_trace_original_2026-07-02_followup11 并替换为局部去红题图,后续若能从 MarginNote 导出原始干净扫描图可再替换；Tutor 检测范围：CN01-19 协议 / 协议三要素
2026-07-02,CN_UNK_050,question-01.png,red_trace_cleaned,直接查看确认：题图左侧红叉痕迹不属于题源内容；清理后题面主体可读,备份原图到 assets/_quarantine/red_trace_original_2026-07-02_followup11 并替换为局部去红题图,后续若能从 MarginNote 导出原始干净扫描图可再替换；Tutor 检测范围：CN03-10 停止等待协议 / 效率影响因素
2026-07-02,CN_UNK_062,question-01.png,red_trace_cleaned,直接查看确认：题图左侧红叉痕迹不属于题源内容；清理后题面主体可读,备份原图到 assets/_quarantine/red_trace_original_2026-07-02_followup11 并替换为局部去红题图,后续若能从 MarginNote 导出原始干净扫描图可再替换；Tutor 检测范围：CN04-33 SDN / 控制器与交换机接口
2026-07-02,OS_UNK_099,question-01.png,red_trace_cleaned,直接查看确认：题图左侧红叉痕迹不属于题源内容；清理后题面主体可读,备份原图到 assets/_quarantine/red_trace_original_2026-07-02_followup11 并替换为局部去红题图,后续若能从 MarginNote 导出原始干净扫描图可再替换；Tutor 检测范围：OS05-19 双缓冲 / 双向传送设备缓冲
2026-07-02,OS_UNK_105,question-01.png,red_trace_cleaned,直接查看确认：题图左侧红叉痕迹不属于题源内容；清理后题面主体可读,备份原图到 assets/_quarantine/red_trace_original_2026-07-02_followup11 并替换为局部去红题图,后续若能从 MarginNote 导出原始干净扫描图可再替换；Tutor 检测范围：OS05-23 SPOOLing 技术 / 单机资源利用率
2026-07-02,CN_UNK_012,question-01.png,red_trace_cleaned,直接查看确认：题图左侧红叉痕迹不属于题源内容；清理后题面主体可读,备份原图到 assets/_quarantine/red_trace_original_2026-07-02_followup11 并替换为局部去红题图,后续若能从 MarginNote 导出原始干净扫描图可再替换；Tutor 检测范围：CN01-08 分组交换 / 数据报方式特点
2026-07-02,OS_UNK_048,question-01.png,red_trace_cleaned,直接查看确认：题图左侧红叉痕迹不属于题源内容；清理后题面主体可读,备份原图到 assets/_quarantine/red_trace_original_2026-07-02_followup11 并替换为局部去红题图,后续若能从 MarginNote 导出原始干净扫描图可再替换；Tutor 检测范围：OS03-20 段式管理 / 分段确定时机
2026-07-02,OS_UNK_082,question-01.png,red_trace_cleaned,直接查看确认：题图左侧红叉痕迹不属于题源内容；清理后题面主体可读,备份原图到 assets/_quarantine/red_trace_original_2026-07-02_followup11 并替换为局部去红题图,后续若能从 MarginNote 导出原始干净扫描图可再替换；Tutor 检测范围：OS04-15 索引分配 / 文件索引表
2026-07-02,OS_UNK_104,question-01.png,red_trace_cleaned,直接查看确认：题图左侧红叉痕迹不属于题源内容；清理后题面主体可读,备份原图到 assets/_quarantine/red_trace_original_2026-07-02_followup11 并替换为局部去红题图,后续若能从 MarginNote 导出原始干净扫描图可再替换；Tutor 检测范围：OS05-11 设备独立性软件 / 功能边界
2026-07-02,CN_UNK_053,question-01.png,red_trace_cleaned,直接查看确认：题图左侧红叉痕迹不属于题源内容；清理后题面主体可读；题源水印未处理,备份原图到 assets/_quarantine/red_trace_original_2026-07-02_followup11 并替换为局部去红题图,后续若能从 MarginNote 导出原始干净扫描图可再替换；Tutor 检测范围：CN03-12 后退 N 帧 GBN / 滑动窗口后移
2026-07-02,OS_UNK_071,question-01.png,red_trace_cleaned,直接查看确认：题图左侧红叉痕迹不属于题源内容；清理后题面主体可读,备份原图到 assets/_quarantine/red_trace_original_2026-07-02_followup11 并替换为局部去红题图,后续若能从 MarginNote 导出原始干净扫描图可再替换；Tutor 检测范围：OS03-01 内存管理基本概念 / 存储管理实现代价
2026-07-02,OS_2022_002,question-01.png,red_answer_highlight_blackened,直接查看确认：题图中选项文字存在红色高亮复做保护风险；已将红色高亮文字转为黑色且题面可读,备份原图到 assets/_quarantine/red_trace_original_2026-07-02_followup11 并替换为去答案高亮题图,后续若能从 MarginNote 导出原始干净扫描图可再替换；Tutor 检测范围：OS01-05 批处理系统 / 多道程序系统特点
2026-07-02,OS_2019_002,question-01.png,red_text_source_emphasis_retained,直接查看确认：红色年份文字属于题源标注不是作答痕迹；题面主体可读,未修改图片,后续若需要纯黑白题图可从 MarginNote 补原始干净扫描图；Tutor 检测范围：OS03-12 最佳适应算法 / 动态分区碎片
2026-07-02,OS_UNK_080,question-01.png,red_trace_cleaned,直接查看确认：题图左侧红叉痕迹不属于题源内容；清理后题面主体可读,备份原图到 assets/_quarantine/red_trace_original_2026-07-02_followup11 并替换为局部去红题图,后续若能从 MarginNote 导出原始干净扫描图可再替换；Tutor 检测范围：OS04-06 文件打开与关闭 / 关闭文件控制信息
2026-07-02,OS_UNK_004,question-01.png,red_answer_highlight_blackened,直接查看确认：题图中选项文字存在红色高亮复做保护风险；已将红色高亮文字转为黑色且题面可读,备份原图到 assets/_quarantine/red_trace_original_2026-07-02_followup11 并替换为去答案高亮题图,后续若能从 MarginNote 导出原始干净扫描图可再替换；Tutor 检测范围：OS01-08 操作系统结构 / 微内核特征
2026-07-02,CN_UNK_029,question-01.png,red_trace_cleaned,直接查看确认：题图左侧红叉或红色外加痕迹不属于题源内容；局部题号原像素不可恢复但题面主体可读,备份原图到 assets/_quarantine/red_trace_original_2026-07-02_followup12 并替换为局部去红题图,后续若能从 MarginNote 导出原始干净扫描图可再替换；Tutor 检测范围：CN02-16 香农定理 / 信噪比计算
2026-07-02,OS_UNK_067,question-01.png,red_trace_cleaned,直接查看确认：题图左侧红叉或红色外加痕迹不属于题源内容；局部题号原像素不可恢复但题面主体可读,备份原图到 assets/_quarantine/red_trace_original_2026-07-02_followup12 并替换为局部去红题图,后续若能从 MarginNote 导出原始干净扫描图可再替换；Tutor 检测范围：OS03-07 连续分配管理 / 固定分区大小
2026-07-02,CN_UNK_001,question-01.png,red_trace_cleaned,直接查看确认：题图左侧红叉或红色外加痕迹不属于题源内容；局部题号原像素不可恢复但题面主体可读,备份原图到 assets/_quarantine/red_trace_original_2026-07-02_followup12 并替换为局部去红题图,后续若能从 MarginNote 导出原始干净扫描图可再替换；Tutor 检测范围：CN01-22 OSI 七层模型 / OSI 参考模型描述边界
2026-07-02,OS_UNK_051,question-01.png,red_trace_cleaned,直接查看确认：题图左侧红叉或红色外加痕迹不属于题源内容；局部题号原像素不可恢复但题面主体可读,备份原图到 assets/_quarantine/red_trace_original_2026-07-02_followup12 并替换为局部去红题图,后续若能从 MarginNote 导出原始干净扫描图可再替换；Tutor 检测范围：OS03-22 段页式管理 / 段页式基本思想
2026-07-02,OS_UNK_073,question-01.png,red_trace_cleaned,直接查看确认：题图左侧红叉或红色外加痕迹不属于题源内容；局部题号原像素不可恢复但题面主体可读,备份原图到 assets/_quarantine/red_trace_original_2026-07-02_followup12 并替换为局部去红题图,后续若能从 MarginNote 导出原始干净扫描图可再替换；Tutor 检测范围：OS04-12 文件物理结构 / 文件组织形式影响因素
2026-07-02,CN_UNK_044,question-01.png,red_trace_cleaned,直接查看确认：题图左侧红叉或红色外加痕迹不属于题源内容；局部题号原像素不可恢复但题面主体可读,备份原图到 assets/_quarantine/red_trace_original_2026-07-02_followup12 并替换为局部去红题图,后续若能从 MarginNote 导出原始干净扫描图可再替换；Tutor 检测范围：CN03-08 流量控制 / 控制对象
2026-07-02,CN_UNK_039,question-01.png,red_trace_cleaned,直接查看确认：题图左侧红叉或红色外加痕迹不属于题源内容；局部题号原像素不可恢复但题面主体可读,备份原图到 assets/_quarantine/red_trace_original_2026-07-02_followup12 并替换为局部去红题图,后续若能从 MarginNote 导出原始干净扫描图可再替换；Tutor 检测范围：CN02-15 奈奎斯特定理 / 采样与最大传输速率
2026-07-02,OS_UNK_072,question-01.png,red_trace_cleaned,直接查看确认：题图左侧红叉或红色外加痕迹不属于题源内容；局部题号原像素不可恢复但题面主体可读,备份原图到 assets/_quarantine/red_trace_original_2026-07-02_followup12 并替换为局部去红题图,后续若能从 MarginNote 导出原始干净扫描图可再替换；Tutor 检测范围：OS04-22 硬链接 / 引用计数
2026-07-02,CN_UNK_002,question-01.png,red_trace_cleaned,直接查看确认：题图左侧红叉或红色外加痕迹不属于题源内容；局部题号原像素不可恢复但题面主体可读,备份原图到 assets/_quarantine/red_trace_original_2026-07-02_followup12 并替换为局部去红题图,后续若能从 MarginNote 导出原始干净扫描图可再替换；Tutor 检测范围：CN01-22 OSI 七层模型 / 物理层功能
2026-07-02,CN_UNK_009,question-01.png,red_trace_cleaned,直接查看确认：题图左侧红叉或红色外加痕迹不属于题源内容；局部题号原像素不可恢复但题面主体可读,备份原图到 assets/_quarantine/red_trace_original_2026-07-02_followup12 并替换为局部去红题图,后续若能从 MarginNote 导出原始干净扫描图可再替换；Tutor 检测范围：CN01-22 OSI 七层模型 / 差错控制分层
2026-07-02,CN_UNK_049,question-01.png,red_trace_cleaned,直接查看确认：题图左侧红叉或红色外加痕迹不属于题源内容；局部题号原像素不可恢复但题面主体可读,备份原图到 assets/_quarantine/red_trace_original_2026-07-02_followup12 并替换为局部去红题图,后续若能从 MarginNote 导出原始干净扫描图可再替换；Tutor 检测范围：CN03-21 以太网 / MAC 协议服务类型
2026-07-02,CN_UNK_016,question-01.png,red_trace_cleaned,直接查看确认：题图左侧红叉或红色外加痕迹不属于题源内容；局部题号原像素不可恢复但题面主体可读,备份原图到 assets/_quarantine/red_trace_original_2026-07-02_followup12 并替换为局部去红题图,后续若能从 MarginNote 导出原始干净扫描图可再替换；Tutor 检测范围：CN01-10 计算机网络性能指标 / 端到端理论速率
2026-07-02,CN_UNK_035,question-01.png,red_trace_cleaned,直接查看确认：题图左侧红叉或红色外加痕迹不属于题源内容；局部题号原像素不可恢复但题面主体可读,备份原图到 assets/_quarantine/red_trace_original_2026-07-02_followup12 并替换为局部去红题图,后续若能从 MarginNote 导出原始干净扫描图可再替换；Tutor 检测范围：CN02-30 中继器 / 中继器与集线器
2026-07-02,OS_UNK_089,question-01.png,red_trace_cleaned,直接查看确认：题图左侧红叉或红色外加痕迹不属于题源内容；局部题号原像素不可恢复但题面主体可读,备份原图到 assets/_quarantine/red_trace_original_2026-07-02_followup12 并替换为局部去红题图,后续若能从 MarginNote 导出原始干净扫描图可再替换；Tutor 检测范围：OS05-05 I/O 控制方式 / 通道设备控制器设备关系
2026-07-02,CN_UNK_008,question-01.png,red_trace_cleaned,直接查看确认：题图左侧红叉或红色外加痕迹不属于题源内容；局部题号原像素不可恢复但题面主体可读,备份原图到 assets/_quarantine/red_trace_original_2026-07-02_followup12 并替换为局部去红题图,后续若能从 MarginNote 导出原始干净扫描图可再替换；Tutor 检测范围：CN01-22 OSI 七层模型 / 各层功能定位
2026-07-02,CN_UNK_003,question-01.png,red_trace_cleaned,直接查看确认：题图左侧红叉或红色外加痕迹不属于题源内容；局部题号原像素不可恢复但题面主体可读,备份原图到 assets/_quarantine/red_trace_original_2026-07-02_followup12 并替换为局部去红题图,后续若能从 MarginNote 导出原始干净扫描图可再替换；Tutor 检测范围：CN03-01 数据链路层功能 / 功能边界
2026-07-02,OS_UNK_118,question-01.png,red_trace_cleaned,直接查看确认：题图左侧红叉或红色外加痕迹不属于题源内容；局部题号原像素不可恢复但题面主体可读,备份原图到 assets/_quarantine/red_trace_original_2026-07-02_followup12 并替换为局部去红题图,后续若能从 MarginNote 导出原始干净扫描图可再替换；Tutor 检测范围：OS05-25 磁盘访问时间 / 磁盘读数据时间构成
2026-07-02,CN_UNK_018,question-01.png,red_trace_cleaned,直接查看确认：题图左侧红叉或红色外加痕迹不属于题源内容；局部题号原像素不可恢复但题面主体可读,备份原图到 assets/_quarantine/red_trace_original_2026-07-02_followup12 并替换为局部去红题图,后续若能从 MarginNote 导出原始干净扫描图可再替换；Tutor 检测范围：CN01-10 计算机网络性能指标 / 存储转发分组时延
2026-07-02,OS_UNK_111,question-01.png,red_trace_cleaned,直接查看确认：题图左侧红叉或红色外加痕迹不属于题源内容；局部题号原像素不可恢复但题面主体可读,备份原图到 assets/_quarantine/red_trace_original_2026-07-02_followup12 并替换为局部去红题图,后续若能从 MarginNote 导出原始干净扫描图可再替换；Tutor 检测范围：OS05-32 固态硬盘 SSD / 磨损均衡与性能
2026-07-02,CN_UNK_013,question-01.png,red_trace_cleaned,直接查看确认：题图左侧红叉或红色外加痕迹不属于题源内容；局部题号原像素不可恢复但题面主体可读,备份原图到 assets/_quarantine/red_trace_original_2026-07-02_followup12 并替换为局部去红题图,后续若能从 MarginNote 导出原始干净扫描图可再替换；Tutor 检测范围：CN01-18 网络体系结构 / 计算机网络分层模型
2026-07-02,OS_2019_006,question-01.png,red_text_source_emphasis_retained,直接查看确认：红色年份/题源标注属于题源排版内容，不是作答痕迹,未改图片；登记为已查看,后续红色扫描不再优先重复打开；Tutor 检测范围：OS03-21 段表 / 共享段表
2026-07-02,CO_2010_001,question-01.png,red_scan_false_positive_retained_source_color,直接查看确认：扫描命中来自题源年份样式、蓝色括号或抗锯齿像素，未见外加红色作答痕迹,未改图片；登记为已查看,后续红色扫描不再优先重复打开；Tutor 检测范围：CO01-14 CPU 执行时间 / 缩短执行时间因素
2026-07-02,CO_2022_002,question-01.png,red_scan_false_positive_retained_source_color,直接查看确认：扫描命中来自题源排版颜色或抗锯齿像素，未见外加红色作答痕迹,未改图片；登记为已查看,后续红色扫描不再优先重复打开；Tutor 检测范围：CO01-06 高级语言到机器语言的转换 / 转换阶段顺序
2026-07-02,CN_2009_002,question-01.png,p0_recovered_from_oo3,原重复错绑图已隔离；本轮 OO3 定位 2.1.4（18）与当前节点安全元信息一致,备份旧待补卡和空资产；写入 OO3 题图；清理左侧红叉；保留折叠解析文字；未写正式 408,阶段性可复做；若后续有解析图可再补 solution-01.png
2026-07-02,OS_2013_001,question-01.png,p0_recovered_from_oo3,此前错绑到 OS_UNK_023 的题图已隔离；本轮 OO3 定位 2.4.6（36）与银行家算法/死锁避免主题一致,备份旧待补卡和空资产；写入 OO3 题图和折叠解析文字；未写正式 408,阶段性可复做；正式主知识点可后续按死锁避免/银行家算法边界复核
2026-07-02,OS_UNK_095,question-01.png,p0_recovered_from_oo3,原重复错绑图已隔离；本轮 OO3 定位 5.2.8（32）与设备驱动程序主题一致,备份旧待补卡和空资产；写入 OO3 题图；清理左侧红叉；保留折叠解析文字；未写正式 408,阶段性可复做；若后续有解析图可再补 solution-01.png
2026-07-02,CO_UNK_069,question-01.png,black_underline_removed,直接查看确认：选项文字下方黑色下划线为外加作答痕迹，未压住文字主体；题图无独立解析图,备份原图到 assets/_quarantine/black_trace_original_2026-07-02/ 并替换为局部去线题图；保留题面文字完整,解析图仍待补；Tutor 检测范围：CO05-22 指令流水线 / 流水 CPU 基本概念
2026-07-02,CO_2016_002,card answer text,solution_text_contamination_cleaned,直接查看折叠解析文字，确认末尾混入相邻数据结构主题短句；题图仍可用且解析图仍待补,删除串入短句；不修改题图、不补解析图,从 MarginNote 补正确解析图；Tutor 检测范围：CO06-06 I/O 接口 / 通道硬件机制
2026-07-02,CO_UNK_061,card answer text,solution_text_contamination_cleaned,直接查看折叠解析文字，确认直接解析后混入 I/O 接口总览段；题图仍可用且解析图仍待补,删除串入的 I/O 接口总览段，保留总线定时相关解析与相邻辨析,从 MarginNote 补正确解析图；Tutor 检测范围：CO06-05 总线定时 / 异步定时握手边界
2026-07-02,OS_2013_001,question-01.png,formal_safecard_network_synced,直接查看确认题图与银行家算法/死锁避免主题匹配；正式安全卡和正式索引仍有未标明与暂无错因残留,补安全摘要、问法类型、模糊概念和错因标签；同步节点总表、操作系统节点库、知识点命中索引和日期索引,Tutor 检测范围：OS02-48 银行家算法 / OS02-47 死锁避免 / 状态蕴含边界
2026-07-02,OS_2016_004,question-01.png,formal_safecard_network_synced_year_conflict_open,直接查看确认题图为 C-SCAN 计算题且图面年份为 2024 与正式年份 2016 冲突,补安全摘要、关键题设参数、问法类型和模糊概念；同步节点总表和日期索引并保留年份冲突待复核,Tutor 检测范围：OS05-29 C-SCAN / 磁盘调度方向与回卷
2026-07-02,CN_2024_002,question-01.png,solution_material_missing,直接查看确认题图主体完整可读；顶部有相邻题边缘残留但不影响本道复做；无解析图且折叠解析仍为待补占位,不改图片；登记为解析材料空白待补,从 MarginNote 补解析图或解析文字；Tutor 检测范围：CN02-18 调制 / 二进制数字调制方式
2026-07-02,CO_UNK_069,question-01.png,solution_material_missing,直接查看确认当前去线题图主体可读；右侧淡水印或残影不暴露作答结论；无解析图且折叠解析仍为待补占位,不改图片；登记为解析材料空白待补,从 MarginNote 补解析图或解析文字；Tutor 检测范围：CO05-22 指令流水线 / 流水 CPU 基本概念
2026-07-02,CO_2013_002,solution-01.png,p0_marginnote_solution_partial_added,MarginNote 右侧搜索命中 ISA 与指令系统判断同主题解析文字卡；当前未找到可安全回填的原题图,裁剪可见解析段落保存到独立详情库折叠解析区；题图仍待补；不与 CO_UNK_013 自动合并,Tutor 检测范围：CO04-01 指令系统基本概念；不把题图或完整解析喂给 Tutor
2026-07-02,CO_UNK_069,card answer text,solution_text_recovered,直接查看题图并从结构化整理包 HCO_0081 / 5.6.6（01）补回折叠解析文字；题图可读；无独立解析图,更新详情卡和 manifest；从解析材料空白队列移入仅解析图待补,补正确解析图；Tutor 检测范围：CO05-22 指令流水线 / 时间并行与吞吐率
2026-07-02,CN_2024_002,card locator,marginnote_note_link_recovered,直接查看题图并从 Word 导出 XML 提取 2.1.4(28) 题卡链接；导出文本未见本道解析正文,更新详情卡、正式安全卡和索引定位；仍保留解析材料空白待补,从 MarginNote 右侧搜索或题卡链接展开解析；Tutor 检测范围：CN02-18 调制 / 二进制数字调制方式
2026-07-02,CN_2024_002,MarginNote UI,marginnote_solution_not_visible,右侧搜索 2.1.4(28) #OnlyTitle# 可定位并打开题卡；双击题卡只显示题图本体；下方可见以太网通信方式大卡与本题主题不一致,不回填解析；继续保留解析材料空白待补,下次需补解析图或解析文字；Tutor 范围仍为 CN02-18 调制
2026-07-02,OS_2020_002,MarginNote UI,p0_direct_search_no_hit,右侧搜索 HOS_0055 #OnlyTitle# 与 OS_2020_002 #OnlyTitle# 未直接命中 OS_2020_002,不回填任何候选图；继续 P0 待补,下次改用进程控制关键词或切换操作系统脑图后查找；Tutor 范围 OS02-06 进程控制
2026-07-02,OS_2016_004,question-01.png,year_conflict_reconfirmed_direct_image,直接打开题图确认图面标注为 2024 统考真题且题面为 C-SCAN 磁盘调度；正式 ID 仍为 OS_2016_004 且来源 HOS_0139 定位存在 2016/2024 冲突,未改图片或正式 ID；继续登记为正式年份与详情图绑定待复核,Tutor 范围 OS05-29 C-SCAN
2026-07-02,CO_UNK_013,question-01.png,rendered_card_source_conflict_reconfirmed,直接打开题图确认当前为 MarginNote 文字卡渲染替代图；主题与 ISA 和指令系统判断匹配但不是原扫描题图；来源路径污染仍未解决,未改图片；继续登记为来源链待复核且不与 CO_2013_002 自动合并,Tutor 范围 CO04-01 指令系统基本概念
2026-07-02,OS_UNK_121,question-01.png,rendered_card_original_scan_pending_reconfirmed,直接打开题图确认当前为 MarginNote 文字卡渲染替代图；主题为死锁处理策略分类且可阶段性复做；路径候选含 2019 年真题但来源 ID 和正式年份未确认,未改图片；继续补原题扫描图和来源定位,Tutor 范围 OS02-47 死锁避免
2026-07-02,OS_UNK_122,question-01.png,rendered_card_original_scan_pending_reconfirmed,直接打开题图确认当前为 MarginNote 文字卡渲染替代图；主题为纯分段地址结构与段内偏移且可阶段性复做；路径候选含 2009 年真题但来源 ID 和正式年份未确认,未改图片；继续补原题扫描图和来源定位,Tutor 范围 OS03-20 段式管理
2026-07-02,CN_2024_002,question-01.png,solution_missing_reconfirmed_direct_image,直接打开题图确认主体完整可读且顶部相邻题边缘残留不影响本道复做；当前仍无解析图且折叠解析为待补占位,未改图片；继续通过 MarginNote 题卡链接或右侧搜索补解析图/解析文字,Tutor 范围 CN02-18 调制
2026-07-02,CO_2022_003,manifest row,manifest_solution_text_corrected,直接复核详情卡折叠解析区为待补占位且无题图/解析图；原 manifest 误标 has_solution_text=yes,将 manifest 改为 has_solution_text=no,继续 P0 补正确题图与解析；Tutor 范围 CO01-14 CPU 执行时间
2026-07-02,CO_UNK_001,manifest row,manifest_solution_text_corrected,直接复核详情卡折叠解析区为待补占位且无题图/解析图；原 manifest 误标 has_solution_text=yes,将 manifest 改为 has_solution_text=no,继续 P0 补正确题图与解析；Tutor 范围 CO03-19 Cache 写策略
2026-07-02,CO_UNK_003,manifest row,manifest_solution_text_corrected,直接复核详情卡折叠解析区为待补占位且无题图/解析图；原 manifest 误标 has_solution_text=yes,将 manifest 改为 has_solution_text=no,继续 P0 补正确题图与解析；Tutor 范围 CO03-03 SRAM / 存储器分类边界
2026-07-02,CO_UNK_004,manifest row,manifest_solution_text_corrected,直接复核详情卡折叠解析区为待补占位且无题图/解析图；原 manifest 误标 has_solution_text=yes,将 manifest 改为 has_solution_text=no,继续 P0 补正确题图与解析；Tutor 范围 CO03-22 虚拟存储器
2026-07-02,CO_UNK_005,manifest row,manifest_solution_text_corrected,直接复核详情卡折叠解析区为待补占位且无题图/解析图；原 manifest 误标 has_solution_text=yes,将 manifest 改为 has_solution_text=no,继续 P0 补正确题图与解析；Tutor 范围 CO03-22 虚拟存储器
2026-07-02,CO_UNK_019,manifest row,manifest_solution_text_corrected,直接复核详情卡折叠解析区为待补占位且无题图/解析图；原 manifest 误标 has_solution_text=yes,将 manifest 改为 has_solution_text=no,继续 P0 补正确题图与解析；Tutor 范围 CO04-08 寻址方式
2026-07-02,CO_UNK_020,manifest row,manifest_solution_text_corrected,直接复核详情卡折叠解析区为待补占位且无题图/解析图；原 manifest 误标 has_solution_text=yes,将 manifest 改为 has_solution_text=no,继续 P0 补正确题图与解析；Tutor 范围 CO04-16 相对寻址 / CO04-08 寻址方式
2026-07-02,OS_2020_002,manifest row,manifest_solution_text_corrected,直接复核详情卡折叠解析区为待补占位且无题图/解析图；原 manifest 误标 has_solution_text=yes,将 manifest 改为 has_solution_text=no,继续 P0 补正确题图与解析；Tutor 范围 OS02-06 进程控制
2026-07-02,OS_2023_003,manifest row,manifest_solution_text_corrected,直接复核详情卡折叠解析区为待补占位且无题图/解析图；原 manifest 误标 has_solution_text=yes,将 manifest 改为 has_solution_text=no,继续 P0 补正确题图与解析并确认年份/题源；Tutor 范围 OS03-34 工作集 / OS03-31 驻留集
2026-07-02,OS_UNK_020,manifest row,manifest_solution_text_corrected,直接复核详情卡折叠解析区为待补占位且无题图/解析图；原 manifest 误标 has_solution_text=yes,将 manifest 改为 has_solution_text=no,继续 P0 补正确题图与解析；Tutor 范围 OS02-44 死锁基本概念
2026-07-02,CN_UNK_048,question-01.png; card answer text,p1_solution_text_verified,直接查看题图主体可读且折叠解析文字可用；隔离解析图为 MAC 帧总览类材料不能回填,不改题图；继续保留仅解析图待补；正式安全卡抽检未发现具体答案泄露,补正确解析图；Tutor 范围 CN03-17 CSMA/CD
2026-07-02,CO_2016_002,question-01.png; card answer text,p1_solution_text_verified,直接查看题图主体可读且折叠解析文字可用；此前串入 DS 短句已清理；隔离解析图不能回填,不改题图；继续保留仅解析图待补；正式安全卡抽检未发现具体答案泄露,补正确解析图；Tutor 范围 CO06-06 I/O 接口
2026-07-02,CO_2018_002,question-01.png; card answer text,p1_solution_text_verified,直接查看题图主体可读且折叠解析文字可用；隔离解析图为乘法器结构类材料不能回填,不改题图；继续保留仅解析图待补；正式安全卡抽检未发现具体答案泄露,补正确解析图；Tutor 范围 CO02-18 补码加减法 / 标志位
2026-07-02,CO_2018_004,question-01.png; card answer text,p1_solution_text_verified,直接查看题图主体可读且折叠解析文字可用；隔离解析图为边界对齐示意不能回填,不改题图；继续保留仅解析图待补；正式安全卡抽检未发现具体答案泄露,补正确解析图；Tutor 范围 CO02-06 数据存储与小端方式
2026-07-02,CO_2019_001,question-01.png; card answer text,p1_solution_text_verified,直接查看题图主体可读且折叠解析文字可用；隔离解析图为败者树题图不能回填,不改题图；继续保留仅解析图待补；正式安全卡抽检未发现具体答案泄露,补正确解析图；Tutor 范围 CO06-13 DMA 控制器
2026-07-02,CO_UNK_009,question-01.png; card answer text,p1_solution_text_verified,直接查看题图主体可读且折叠解析文字可用；原三张解析图已确认为机器级代码大题或寻址方式补充材料,不改题图；继续保留仅解析图待补；正式安全卡抽检未发现具体答案泄露,补正确解析图；Tutor 范围 CO04-18 子程序调用指令
2026-07-02,CO_UNK_061,question-01.png; card answer text,p1_solution_text_verified,直接查看题图主体可读且折叠解析文字可用；此前 I/O 总览串入段已清理；隔离解析图不能回填,不改题图；继续保留仅解析图待补；正式安全卡抽检未发现具体答案泄露,补正确解析图；Tutor 范围 CO06-05 总线定时
2026-07-02,CO_UNK_065,question-01.png; card answer text,p1_solution_text_verified,直接查看题图主体可读且折叠解析文字可用；隔离解析图为另一道 DMA 题不能回填,不改题图；继续保留仅解析图待补；正式安全卡抽检未发现具体答案泄露,补正确解析图；Tutor 范围 CO06-14 DMA 传送方式
2026-07-02,CO_UNK_068,question-01.png; card answer text,p1_solution_text_verified,直接查看当前为文字卡渲染替代图且折叠解析文字可用；隔离解析图为流水线时空图不能回填,不改题图；继续保留仅解析图和原题扫描图待补；正式安全卡抽检未发现具体答案泄露,补正确解析图和原题图；Tutor 范围 CO03-14 Cache 地址划分
2026-07-02,CO_UNK_069,question-01.png; card answer text,p1_solution_text_verified,直接查看当前去线题图主体可读且结构化整理包解析文字可用；仍无独立解析图,不改题图；继续保留仅解析图待补；正式安全卡抽检未发现具体答案泄露,补正确解析图；Tutor 范围 CO05-22 指令流水线
2026-07-02,DS_2023_002,question-01.png; card answer text,p1_solution_text_verified,直接查看题图主体可读且折叠解析文字可用；隔离解析图为顺序表总览海报不能回填,不改题图；继续保留仅解析图待补；正式安全卡抽检未发现具体答案泄露,补正确解析图；Tutor 范围 DS01-11 时间复杂度分析
2026-07-02,DS_2023_004,question-01.png; card answer text,p1_solution_text_verified,直接查看题图主体可读且折叠解析文字可用；隔离解析图为 B+ 树结构示意不能回填,不改题图；继续保留仅解析图待补并补来源定位；正式安全卡抽检未发现具体答案泄露,补正确解析图；Tutor 范围 DS07-13 B 树
2026-07-02,CN_UNK_051,question-01.png; card answer text,p1_solution_text_verified_safe_metadata_tightened,题图清晰且折叠解析文字可用；正式安全字段从泛化标签收敛为丢帧后恢复触发条件辨析,更新安全卡/节点表/节点库/日期索引/知识点索引/wiki概念页/StudyVault概念笔记,补独立解析图；Tutor 范围 CN03-10 停止等待协议
2026-07-02,CN_UNK_057,question-01.png; card answer text,p1_solution_text_verified_safe_metadata_tightened,题图清晰且折叠解析文字可用；正式安全字段从泛化标签收敛为 SR 序号空间与窗口约束边界辨析,更新安全卡/节点表/节点库/日期索引/知识点索引/wiki概念页/StudyVault概念笔记,补独立解析图；Tutor 范围 CN05-26 接收窗口
2026-07-02,CO_2012_004,question-01.png; card answer text,p1_solution_text_verified,题图清晰且折叠解析文字可用；当前缺独立解析图且来源仍为 VISUAL_PENDING,不改正式层；继续保留仅解析图待补,补正确解析图和来源定位；Tutor 范围 CO02-20 IEEE 754
2026-07-02,CO_2015_001,question-01.png; thin answer text,solution_text_insufficient,题图清晰且主题匹配；折叠区只有极短答案提示不构成可复盘解析,详情卡加入解析材料不足说明并将 manifest 标记为 has_solution_text=no,从 MarginNote 4 补解析图或解析文字；Tutor 范围 CO01-06 高级语言到机器语言的转换
2026-07-02,CO_2016_003,question-01.png; thin answer text,solution_text_insufficient,题图清晰且主题匹配；折叠区只有极短答案提示不构成可复盘解析,详情卡加入解析材料不足说明并将 manifest 标记为 has_solution_text=no,从 MarginNote 4 补解析图或解析文字；Tutor 范围 CO01-06 高级语言到机器语言的转换
2026-07-02,OS_2016_004,定位索引; 正式ID映射; question-01.png,source_chain_year_conflict_confirmed,回查确认正式映射为 HOS_0139 -> OS_2016_004 / 2016 但定位索引路径同时带 2016 与 2024 题源痕迹；题图主题仍为 C-SCAN,不改题图或正式 ID；登记为源链与详情图绑定冲突,从 MarginNote 或历史来源确认正式年份；Tutor 范围 OS05-29 C-SCAN
2026-07-02,CO_UNK_013,定位索引; 正式ID映射; question-01.png,source_chain_conflict_confirmed,回查确认 HCO_0013 -> CO_UNK_013 与 HCO_0080 -> CO_2013_002 是两条正式映射；当前题图主题匹配 ISA 但为文字卡替代图且来源路径污染未解,不改题图也不自动合并 CO_2013_002,补原题扫描或继续人工确认来源链；Tutor 范围 CO04-01 指令系统基本概念
2026-07-02,P0_REMAINING_QUEUE,p0-remaining-oo3-question-candidates; p0-remaining-oo3-solution-candidates; p0-remaining-docx200625-question-candidates; p0-remaining-docx200625-solution-candidates; p0-remaining-docx0507-question-candidates; p0-remaining-docx0507-solution-candidates,p0_candidates_rechecked_no_fill,再次直接查看剩余 11 个 P0 缺口的 OO3 和 DOCX 候选对照图；候选均为无图、相邻题、年份题源冲突或主题不一致,不回填任何题图或解析图；保留 P0 待补队列,下一步必须用 MarginNote 右侧搜索或原始历史来源逐题定位；Tutor 只接收 P0 概念范围
2026-07-02,OS_2016_004,结构化整理包; question-01.png,source_package_year_conflict_localized,回查原结构化整理包确认同一来源条目自身同时含 2016 与 2024 题源标记；题图主题仍为 C-SCAN,不改题图或正式 ID；将冲突定位到源整理包混写,后续从 MarginNote 或原始真题来源确认正式年份；Tutor 范围 OS05-29 C-SCAN
2026-07-02,CO_UNK_013,结构化整理包; question-01.png,source_package_conflict_localized,回查原结构化整理包确认 HCO_0013 段落2680 为 CO04 ISA 来源链；另有 CO_2013_002/HCO_0080 行存在路径污染,不改题图也不自动合并 CO_2013_002,补原题扫描或继续人工确认来源链；Tutor 范围 CO04-01 指令系统基本概念
2026-07-02,OS_2020_002,MarginNote UI,p0_broad_search_no_safe_match,右侧搜索 进程控制 命中同步互斥类泛结果；右侧搜索 2020年真题 命中跨科目多个泛标题，当前无法从 UI 文本安全确认同题,不回填任何候选图；继续 P0 待补,下次需切换操作系统脑图或按更具体题号/原始来源人工定位；Tutor 范围 OS02-06 进程控制
2026-07-02,CO_UNK_020,question-01.png; solution-01.png,rendered_question_solution_from_marginnote_text,右侧搜索 4.2.22 相对寻址的转移指令 命中同题文字卡；已用可见题设和解析生成文字渲染题图与解析图,详情库 q=1 s=1；不修改正式 408；原题扫描图仍待后续从 MarginNote 复核替换,Tutor 范围 CO04-16 相对寻址 / CO04-08 寻址方式
2026-07-02,CN_2024_002,question-01.png,question_top_residual_cropped,直接打开题图确认顶部存在相邻题边缘残留但本道题面主体完整；裁掉顶部残留后再次直接查看确认主体仍完整可读,备份原图到 assets/_quarantine/crop_original_2026-07-02/CN_2024_002；解析仍为空白待补,Tutor 范围 CN02-18 调制
2026-07-02,OS_UNK_020,MarginNote UI,p0_candidate_rejected_after_zoom,右侧搜索 2.2.8（31） #OnlyTitle# 命中多个同号结果；第一条预览更像信号量题；第二条点击后进入操作系统脑图但放大后更像等待或阻塞队列数量题，不是死锁基本概念节点,不回填图片；继续 P0 待补,下一步改搜 死锁 2.4.1、2.4.1 死锁的概念 或沿操作系统脑图 2.4 死锁分支定位；Tutor 范围 OS02-44 死锁基本概念
2026-07-02,CN_UNK_048,question-01.png; safe card; formal indexes,p1_direct_image_metadata_calibrated,直接查看题图确认主体清晰且年份可校准；题目主题应归入随机访问 MAC 协议确认机制辨析，不宜继续窄挂 CSMA/CD,不改题图；正式安全卡和索引只补年份、主知识点、问法类型、模糊概念与附件状态,继续补正确解析图；Tutor 范围 CN03-15 随机访问介质访问控制 / CSMA-CD 与 CSMA-CA 边界
2026-07-02,CN_UNK_048,关系边表.md,relation_edges_retyped_after_main_knowledge_calibration,主知识点校准后 CN_UNK_046/CN_UNK_047 到 CN_UNK_048 的原 R01 同一核心考点边不再成立,将 CN_UNK_046-CN_UNK_048 改为 R06 中关联；将 CN_UNK_047-CN_UNK_048 改为 R05 强关联,重新运行关系网健康检查通过；Tutor 范围仍为随机访问 MAC 协议边界
2026-07-02,CO_UNK_001,MarginNote UI; question-01.png; solution-01.png,rendered_question_solution_from_marginnote_text,右侧搜索 Cache 失效 传送粒度 命中同主题文字复习卡；HCO_0001 和 CO_UNK_001 标题检索未命中目标；当前无原题扫描图,已生成文字卡替代题图与解析图到详情库；正式 408 不写入题图或解析；原题扫描图仍待补,Tutor 范围 CO03-19 Cache 写策略
2026-07-02,CO_2013_002,question-01.png; solution-01.png,rendered_question_from_related_text_card,直接查看确认 CO_2013_002 解析截图题面与 CO_UNK_013 文字卡题图一致；来源链仍污染未解，不合并正式节点,复制文字卡替代题图到 CO_2013_002 并保留原题扫描待补；manifest 改为 q=1 s=1,Tutor 范围 CO04-01 指令系统基本概念
2026-07-02,CO_2022_003,MarginNote UI; external screenshot,p0_formal_id_search_mismatch_unstable,右侧搜索 CO_2022_003 #OnlyTitle# 曾出现同名但题源年份冲突的结果；当前焦点状态下同一检索不稳定无可见结果,不回填任何图片；截图证据保存在 /Users/xiazhibin/Documents/408-MarginNote-screenshots/2026-07-02/CO_2022_003_formal_id_search_unstable.png,继续按 2022 真题来源人工定位；Tutor 范围 CO01-14 CPU 执行时间
2026-07-02,CO_2022_003,MarginNote UI,p0_title_match_lowres_year_conflict,右侧搜索 CO_2022_003 #OnlyTitle# 可见同名标题结果且可进入计算机组成原理焦点分支；当前仅低清预览且图面题源年份与正式节点年份冲突未解除,不回填任何图片,需导出原图或打开高清卡片后再补题图与解析；Tutor 范围 CO01-14 CPU 执行时间
2026-07-02,CO_UNK_003,solution-01.png,solution_image_recovered_question_missing,直接查看已生成解析图文字清晰；来源为 MarginNote 右侧 DRAM SDRAM 文字解析卡且源卡含答案提示不能作为题图,详情卡嵌入折叠解析图；manifest 改为 q=0 s=1 text=no,继续从 MarginNote 或历史来源补无答案题图；Tutor 范围 CO03-03 SRAM / 存储器分类边界
2026-07-02,CO_UNK_004,CO03-Q131/question-01.png; CO03-Q131/solution-01.png,exact_corpus_recovered,直接查看 CO03-Q131 题图与解析图；题面与 CO_UNK_004 安全摘要“虚拟存储器管理方式与信息交换单位”一致且解析图对应同题,复制题图与解析图到 assets/CO_UNK_004 并更新详情卡与 manifest,移出 P0 硬缺图；Tutor 范围 CO03-22 虚拟存储器
2026-07-02,CO_UNK_005,CO03-Q132/question-01.png; CO03-Q132/solution-01.png,exact_corpus_recovered,直接查看 CO03-Q132 题图与解析图；题面与 CO_UNK_005 安全摘要“虚拟存储透明性判断”一致且解析图对应同题,复制题图与解析图到 assets/CO_UNK_005 并更新详情卡与 manifest,移出 P0 硬缺图；Tutor 范围 CO03-22 虚拟存储器
2026-07-02,OS_2023_003,MarginNote UI; external screenshot,p0_source_id_no_direct_hit,右侧搜索 OS_2023_003 #OnlyTitle# 和 HOS_0140 #OnlyTitle# 均未直接命中；不回填任何图片,截图证据保存在 /Users/xiazhibin/Documents/408-MarginNote-screenshots/2026-07-02/OS_2023_003_HOS_0140_no_direct_hit.png,继续沿 3.2.11（43）或工作集/页框分配分支手动定位；Tutor 范围 OS03-34 工作集
2026-07-02,OS_2023_003,question-01.png; detail card,oo3_exact_recovered_year_conflict,直接查看 OO3 操作系统正确层级 item PvL0VrZqS6e，确认题图主题为工作集/抖动处置措施；此前隔离图并非主题错绑，主要问题是图面年份 2011 与当前正式 ID/年份冲突,恢复题图到详情库并保留折叠解析文字；正式层只同步安全摘要和元数据待复核说明,Tutor 检测范围：OS03-34 工作集 / OS03-33 抖动 / OS03-26 页框分配
2026-07-02,CO_UNK_019,question-01.png; solution-01.png,rendered_question_solution_from_marginnote_text,右侧搜索“相对寻址方式错题回顾”命中同题文字卡；原始扫描题图仍未恢复,生成文字渲染题图与折叠解析图，详情库 q=1 s=1；不修改正式 408,后续可从 MarginNote 补原题扫描图替换；Tutor 范围 CO04-08 寻址方式 / CO04-16 相对寻址
2026-07-02,OS_UNK_020,OO3 exact item WoDxM7RaSKC; question-01.png; solution-01.png,oo3_exact_recovered,直接查看 OO3 精确层级题图，确认实际为就绪队列/阻塞队列数量上界题；此前拒绝是正式元信息过窄导致，本轮校准安全卡与节点核心考点,补回详情库题图和解析图；裁去题图左侧红色作答痕迹；更新正式安全摘要/节点总表/知识点命中索引,Tutor 范围 OS02-44 死锁基本概念、OS02-04 进程状态、OS02-09 进程阻塞；不把题图/完整解析喂给 Tutor
2026-07-02,CO_2022_003,,oo3_exact_title_recovered_year_conflict,,补回详情库题图与解析图；从 P0 硬缺图降级为正式年份/ID 待复核；正式 408 不写完整题面、答案或解析。,
2026-07-02,OS_2020_002,OO3 exact item _z59qV-mTKK; question-01.png,oo3_exact_recovered,直接查看 OO3 精确层级题图确认与 HOS_0055 2020 进程控制节点一致,补回详情库题图并保留折叠解析文字；正式安全元信息校准为父子进程关系/地址空间/PCB/临界资源边界；从 P0 硬缺图移出,Tutor 范围 OS02-06 进程控制 / OS02-07 进程创建 / OS02-33 临界区；不把题图或完整解析喂给 Tutor
2026-07-02,CN_2024_002,question-01.png; detail card,folded_solution_text_added,直接查看题图主体完整可读；此前解析材料空白,补入可复盘折叠解析文字；manifest 保持 q=1 s=0 text=yes,后续仅补独立解析图；Tutor 范围 CN02-18 调制
2026-07-02,CO_2015_001,question-01.png; detail card,folded_solution_text_added,直接查看题图主体完整可读；此前折叠解析文字过薄,补入可复盘折叠解析文字；manifest 保持 q=1 s=0 text=yes,后续仅补独立解析图或来源定位；Tutor 范围 CO01-06 软件和硬件逻辑功能等价性
2026-07-02,CO_2016_003,question-01.png; detail card,folded_solution_text_added,直接查看题图主体完整可读；此前折叠解析文字过薄,补入可复盘折叠解析文字；manifest 保持 q=1 s=0 text=yes,后续仅补独立解析图或来源定位；Tutor 范围 CO01-06 软件和硬件逻辑功能等价性
2026-07-02,CO_UNK_003,question-01.png; solution-01.png,rendered_question_from_marginnote_text_no_answer,MarginNote 同主题卡含答案提示不能直接作为题目第一屏,生成无答案文字复做题卡并保留折叠解析图；manifest 改为 q=1 s=1 text=no,后续仅补原题扫描图；Tutor 范围 CO03-03 SRAM 和存储器分类边界
2026-07-02,CO_UNK_013,question-01.png,source_chain_conflict_rechecked,直接查看题图确认当前为 MarginNote 文字卡渲染替代图，主题为 ISA/指令系统关系判断；与 CO_2013_002 主题重合但来源链污染仍未解除,不自动合并；保持原题扫描图待补和来源链待确认,后续补原题扫描图，或由用户确认是否合并 CO_UNK_013 与 CO_2013_002；Tutor 范围 CO04-01 / CO04-02 / CO04-22
2026-07-02,CO_2022_003,question-01.png; solution-01.png,formal_year_conflict_confirmed,直接查看题图确认图面年份为 2023，与正式 ID 年份 2022 冲突；解析图对应同题,正式层登记冲突已确认；不直接改 ID 或关系边,建议后续迁移为 CO_2023_006；Tutor 范围 CO01-14 CPU 执行时间 / CO01-13 CPI
2026-07-02,OS_2016_004,question-01.png,formal_year_conflict_confirmed,直接查看题图确认图面年份为 2024，与正式 ID 年份 2016 冲突；主题为 C-SCAN 磁盘调度,正式层登记冲突已确认；不直接改 ID 或关系边,建议后续迁移为 OS_2024_002；Tutor 范围 OS05-29 C-SCAN
2026-07-02,OS_2023_003,question-01.png,formal_year_conflict_confirmed,直接查看题图确认图面年份为 2011，与正式 ID 年份 2023 冲突；主题为工作集/抖动治理,正式层登记冲突已确认；不直接改 ID 或关系边,建议后续迁移为 OS_2011_002；Tutor 范围 OS03-34 工作集 / OS03-33 抖动 / OS03-26 页框分配
2026-07-02,CN_UNK_048,question-01.png; quarantined solution contact sheet,p1_current_recheck_solution_still_pending,再次直接查看当前题图确认与 MAC 协议确认机制一致；隔离旧解析图为 MAC 帧结构总览类材料不能回填,生成隔离解析图 contact sheet；不改题图；继续保留仅解析图待补,补正确解析图；Tutor 范围 CN03-15 随机访问介质访问控制 / CN03-17 CSMA-CD / CSMA-CA ACK 边界
2026-07-02,CO_2016_002,question-01.png; quarantined solution contact sheet,p1_current_recheck_solution_still_pending,再次直接查看当前题图确认与硬件 I/O 机制识别一致；隔离旧解析图为败者树多路归并材料不能回填,生成隔离解析图 contact sheet；不改题图；继续保留仅解析图待补,补正确解析图；Tutor 范围 CO06-06 I/O 接口 / 通道硬件机制
2026-07-02,CO_2018_002,question-01.png; quarantined solution contact sheet,p1_current_recheck_solution_still_pending,再次直接查看当前题图确认与减法状态标志位判断一致；隔离旧解析图为无符号乘法电路材料不能回填,生成隔离解析图 contact sheet；不改题图；继续保留仅解析图待补,补正确解析图并补来源定位；Tutor 范围 CO02-14 标志位 / CF OF 边界
2026-07-02,CO_2018_004,question-01.png; quarantined solution contact sheet,p1_current_recheck_solution_still_pending,再次直接查看当前题图确认与机器码立即数字段和小端存放一致；隔离旧解析图为边界对齐示意不能回填,生成隔离解析图 contact sheet；不改题图；继续保留仅解析图待补,补正确解析图并补来源定位；Tutor 范围 CO04-22 机器级代码 / 小端方式 / 补码
2026-07-02,CO_2019_001,question-01.png; quarantined solution contact sheet,p1_current_recheck_solution_still_pending,再次直接查看当前题图确认与 DMA 控制器寄存器一致；隔离旧解析图为败者树题图不能回填,生成隔离解析图 contact sheet；不改题图；继续保留仅解析图待补,补正确解析图；Tutor 范围 CO06-19 DMA 控制器 / CPU 寄存器边界
2026-07-02,CO_UNK_009,question-01.png; quarantined solution contact sheet,p1_current_recheck_solution_still_pending,再次直接查看当前题图确认与调用指令语义辨析一致；隔离旧解析图为机器级代码大题或寻址方式补充材料不能回填,生成第二批隔离解析图 contact sheet；不改题图；继续保留仅解析图待补,补正确解析图；Tutor 范围 CO04-25 函数调用机器级表示 / 调用目标与返回地址
2026-07-02,CO_UNK_061,question-01.png; quarantined solution contact sheet,p1_current_recheck_solution_still_pending,再次直接查看当前题图确认与异步传输方式选择一致；隔离旧解析图为 I/O 总览补充图不能替代本道解析,生成第二批隔离解析图 contact sheet；不改题图；继续保留仅解析图待补,补正确解析图；Tutor 范围 CO06-05 总线定时 / 异步定时握手边界
2026-07-02,CO_UNK_065,question-01.png; quarantined solution contact sheet,p1_current_recheck_solution_still_pending,再次直接查看当前题图确认与 DMA 周期挪用匹配；隔离旧解析图为另一道 DMA 判断题不能回填,生成第二批隔离解析图 contact sheet；不改题图；继续保留仅解析图待补,补正确解析图；Tutor 范围 CO06-18 DMA 方式 / 存取周期与指令周期边界
2026-07-02,CO_UNK_068,question-01.png; quarantined solution contact sheet,p1_current_recheck_solution_still_pending,再次直接查看当前题图为 Cache 编址关系文字卡替代图且主题匹配；隔离旧解析图为流水线时空图不能回填,生成第二批隔离解析图 contact sheet；不改题图；继续保留仅解析图和原题扫描图待补,补正确解析图和原题图；Tutor 范围 CO03-14 Cache 地址划分
2026-07-02,CO_UNK_069,question-01.png; quarantined original question contact sheet,p1_current_recheck_solution_still_pending,再次直接查看当前去线题图主体可读；隔离区两张旧图为去标注前题图不是解析图不能回填,生成第二批隔离图 contact sheet；不改题图；继续保留仅解析图待补,补正确解析图；Tutor 范围 CO05-22 指令流水线 / 流水 CPU 基本概念
2026-07-02,DS_2023_002,question-01.png; quarantined solution contact sheet,p1_current_recheck_solution_still_pending,再次直接查看当前题图确认与顺序表基本操作复杂度分析一致；隔离旧解析图为顺序表串讲海报不能回填,生成第三批隔离图 contact sheet；不改题图；继续保留仅解析图待补,补正确解析图；Tutor 范围 DS01-11 时间复杂度分析 / 顺序表操作代价
2026-07-02,DS_2023_004,question-01.png; quarantined solution contact sheet,p1_current_recheck_solution_still_pending,再次直接查看当前题图确认与非空 B 树操作性质辨析一致；隔离旧解析图为 B+ 树结构示意不能回填,生成第三批隔离图 contact sheet；不改题图；继续保留仅解析图待补,补正确解析图并补来源定位；Tutor 范围 DS07-13 B 树 / B 树操作性质
2026-07-02,OS_2023_003,question-01.png; quarantined question contact sheet,question_residue_cleaned_solution_still_pending,再次直接查看当前题图确认与工作集和抖动治理一致；右侧存在相邻内容残留；图面年份与正式 ID 年份冲突仍保留,备份原图到 right_residue_original_2026-07-02 并局部遮白右侧残留；继续保留独立解析图待补和正式 ID 迁移待确认,补独立解析图；正式 ID 年份迁移待用户确认；Tutor 范围 OS03-34 工作集 / OS03-33 抖动 / OS03-26 页框分配
2026-07-02,CN_2024_002,question-01.png; quarantined original question contact sheet,p1_current_recheck_solution_still_pending,再次直接查看当前题图确认与二进制数字调制方式辨析一致；隔离图为去红或裁剪前题图备份不是解析图,不改题图；继续保留仅解析图待补,补独立解析图；Tutor 范围 CN02-18 调制
2026-07-02,CO_2015_001,question-01.png; card answer text,p1_current_recheck_solution_still_pending,再次直接查看当前题图确认与硬件直接执行对象辨析一致；当前无独立解析图且无可回填隔离解析图,不改题图；继续保留仅解析图待补,补独立解析图或原解析卡；Tutor 范围 CO01-06 高级语言到机器语言的转换
2026-07-03,CO_2016_003,question-01.png; current question contact sheet,p1_current_recheck_solution_still_pending,再次直接查看当前题图确认与编译汇编链接解释程序功能边界一致；当前无独立解析图且无可回填隔离解析图,生成单项当前题图复核证据图；不改题图；继续保留仅独立解析图待补,补独立解析图或原解析卡；Tutor 范围 CO01-06 高级语言到机器语言的转换
2026-07-03,CN_UNK_048,question-01.png; quarantined solution contact sheet,p1_current_recheck_solution_still_pending,直接查看当前题图确认与 MAC 协议确认机制一致；隔离候选为 MAC 帧结构总览不是本道解析；折叠解析文字可用,生成 2026-07-03 对照证据图；不回填隔离图；继续保留仅解析图待补,补正确解析图；Tutor 范围 CN03-17 CSMA/CD / MAC 确认机制
2026-07-03,CO_2016_002,question-01.png; quarantined solution contact sheet,p1_current_recheck_solution_still_pending,直接查看当前题图确认与硬件 I/O 机制识别一致；隔离候选为败者树内容不是本道解析；折叠解析文字可用,生成 2026-07-03 对照证据图；不回填隔离图；继续保留仅解析图待补,补正确解析图；Tutor 范围 CO06-06 I/O 接口 / 通道硬件机制
2026-07-03,CO_2018_002,question-01.png; quarantined solution contact sheet,p1_current_recheck_solution_still_pending,直接查看当前题图确认与减法状态标志位判断一致；隔离候选为乘法器结构不是本道解析；折叠解析文字可用,生成 2026-07-03 对照证据图；不回填隔离图；继续保留仅解析图待补,补正确解析图并补来源定位；Tutor 范围 CO02-14 标志位 / CF OF 边界
2026-07-03,CO_2018_004,question-01.png; quarantined solution contact sheet,p1_current_recheck_solution_still_pending,直接查看当前题图确认与机器码字段和小端存放一致；隔离候选为边界对齐示意不是本道解析；折叠解析文字可用,生成 2026-07-03 对照证据图；不回填隔离图；继续保留仅解析图待补,补正确解析图并补来源定位；Tutor 范围 CO04-22 机器级代码 / 小端方式 / 补码
2026-07-03,CO_2019_001,question-01.png; quarantined solution contact sheet,p1_current_recheck_solution_still_pending,直接查看当前题图确认与 DMA 控制器寄存器边界一致；隔离候选为败者树题图不是本道解析；折叠解析文字可用,生成 2026-07-03 对照证据图；不回填隔离图；继续保留仅解析图待补,补正确解析图；Tutor 范围 CO06-19 DMA 控制器 / CPU 寄存器边界
2026-07-03,CO_UNK_009,question-01.png; quarantined solution contact sheet,p1_current_recheck_solution_still_pending,直接查看当前题图确认与调用指令语义辨析一致；三张隔离候选为机器级代码大题或寻址方式补充材料不是本道解析；折叠解析文字可用,生成 2026-07-03 对照证据图；不回填隔离图；继续保留仅解析图待补,补正确解析图；Tutor 范围 CO04-25 函数调用机器级表示 / 调用目标与返回地址
2026-07-03,CO_UNK_061,question-01.png; quarantined solution contact sheet,p1_current_recheck_solution_still_pending,直接查看当前题图确认与异步传输方式选择一致；隔离候选为 I/O 总览补充图不能替代本道解析；折叠解析文字可用,生成 2026-07-03 对照证据图；不回填隔离图；继续保留仅解析图待补,补正确解析图；Tutor 范围 CO06-05 总线定时 / 异步定时握手边界
2026-07-03,CO_UNK_065,question-01.png; quarantined solution contact sheet,p1_current_recheck_solution_still_pending,直接查看当前题图确认与 DMA 周期挪用匹配；隔离候选为另一道 DMA 判断题不是本道解析；折叠解析文字可用,生成 2026-07-03 对照证据图；不回填隔离图；继续保留仅解析图待补,补正确解析图；Tutor 范围 CO06-18 DMA 方式 / 存取周期与指令周期边界
2026-07-03,CO_UNK_068,question-01.png; quarantined solution contact sheet,p1_current_recheck_solution_still_pending,直接查看当前题图为 Cache 编址关系文字卡替代图且主题匹配；隔离候选为流水线时空图不是本道解析；折叠解析文字可用,生成 2026-07-03 对照证据图；不回填隔离图；继续保留仅解析图和原题扫描图待补,补正确解析图和原题图；Tutor 范围 CO03-14 Cache 地址划分
2026-07-03,CO_UNK_069,question-01.png; quarantined original question contact sheet,p1_current_recheck_solution_still_pending,直接查看当前去线题图主体可读；隔离旧图为去标注前题图备份不是解析图；折叠解析文字可用,生成 2026-07-03 对照证据图；不回填隔离图；继续保留仅解析图待补,补正确解析图；Tutor 范围 CO05-22 指令流水线 / 时间并行与吞吐率
2026-07-03,DS_2023_002,question-01.png; quarantined solution contact sheet,p1_current_recheck_solution_still_pending,直接查看当前题图确认与顺序表操作复杂度分析一致；隔离候选为顺序表总览或串讲材料不是本道解析；折叠解析文字可用,生成 2026-07-03 对照证据图；不回填隔离图；继续保留仅解析图待补,补正确解析图；Tutor 范围 DS01-11 时间复杂度分析 / 顺序表操作代价
2026-07-03,DS_2023_004,question-01.png; quarantined solution contact sheet,p1_current_recheck_solution_still_pending,直接查看当前题图确认与非空 B 树操作性质辨析一致；隔离候选为 B+ 树结构示意不是本道解析；折叠解析文字可用,生成 2026-07-03 对照证据图；不回填隔离图；继续保留仅解析图待补并补来源定位,补正确解析图和来源定位；Tutor 范围 DS07-13 B 树 / B 树与 B+ 树边界
2026-07-03,OS_2023_003,question-01.png; quarantined question contact sheet,p1_current_recheck_solution_still_pending,直接查看当前题图确认与工作集和抖动治理一致；隔离旧图为右侧残留清理前题图或旧绑定备份不是独立解析图；折叠解析文字可用但图面年份冲突仍保留,生成 2026-07-03 对照证据图；不回填隔离图；继续保留独立解析图待补和正式 ID 迁移待确认,补独立解析图；正式 ID 年份迁移待用户确认；Tutor 范围 OS03-34 工作集 / OS03-33 抖动 / OS03-26 页框分配
2026-07-03,CO_2015_001,question-01.png; no quarantined candidate,p1_current_recheck_solution_still_pending,直接查看当前题图确认与硬件直接执行对象辨析一致；当前无独立解析图且无可回填隔离解析图；折叠解析文字可用,生成 2026-07-03 对照证据图；不改题图；继续保留仅独立解析图待补,补独立解析图或原解析卡；Tutor 范围 CO01-06 高级语言到机器语言的转换
2026-07-03,CO_2016_003,question-01.png; no quarantined candidate,p1_current_recheck_solution_still_pending,再次直接查看当前题图确认与编译汇编链接解释程序功能边界一致；当前无独立解析图且无可回填隔离解析图；折叠解析文字可用,生成 2026-07-03 对照证据图；不改题图；继续保留仅独立解析图待补,补独立解析图或原解析卡；Tutor 范围 CO01-06 高级语言到机器语言的转换
2026-07-03,CO_UNK_068,question-01.png; quarantined solution image; contact sheet,original_question_scan_still_pending,逐张查看当前题图确认其为 Cache 编址关系文字卡题面且无解析提前暴露；隔离图仍为流水线时空图不是本道解析,生成原题图待补第一批对照证据图；不改当前题图；保留阶段性复做入口,补原题扫描图和正确解析图；Tutor 范围 CO03-14 Cache 地址划分 / Cache 与主存地址边界
2026-07-03,CO_2013_002,question-01.png; solution-01.png; quarantined wrong binding images; contact sheet,original_question_scan_still_pending,逐张查看当前题图与折叠解析图确认均为 ISA 与指令系统判断同主题文字卡材料；隔离旧图为数据结构树类错绑图不能回填；来源链仍需确认,生成原题图待补第一批对照证据图；不合并 CO_UNK_013；不回填隔离图；保留阶段性复做入口,补原题扫描图并确认来源链；Tutor 范围 CO04-01 指令系统基本概念 / ISA 边界
2026-07-03,CO_UNK_001,question-01.png; solution-01.png; quarantined wrong binding images; contact sheet,original_question_scan_still_pending,逐张查看当前题图和解析图确认均为 Cache 失效传送粒度文字卡替代材料；隔离旧图为 Cache 容量地址位数计算错绑材料不能回填,生成原题图待补第一批对照证据图；不改当前题图或解析图；保留阶段性复做入口,补原题扫描图；Tutor 范围 CO03-19 Cache 写策略 / Cache 失效数据粒度
2026-07-03,CO_UNK_003,question-01.png; solution-01.png; quarantined wrong binding images; contact sheet,original_question_scan_still_pending,逐张查看当前题图确认其为无答案复做文字卡；解析图明确标注仅作折叠解析材料；隔离旧图仍不可作为当前第一屏题图,生成原题图待补第一批对照证据图；不改当前题图或解析图；继续保留原题扫描图待补,补原始扫描题图；Tutor 范围 CO03-03 SRAM / DRAM 与 SDRAM 边界
2026-07-03,CO_UNK_020,question-01.png; solution-01.png; quarantined wrong binding image; contact sheet,original_question_scan_still_pending,逐张查看当前题图与解析图确认其为相对寻址转移指令文字卡替代材料；隔离旧图为补码定点整数类错绑题图不能回填,生成原题图待补第一批对照证据图；不改当前题图或解析图；保留阶段性复做入口,补原题扫描图；Tutor 范围 CO04-16 相对寻址 / CO04-08 寻址方式
2026-07-03,CO_UNK_019,question-01.png; solution-01.png; quarantined wrong binding images; contact sheet,original_question_scan_still_pending,逐张查看当前题图确认其为相对寻址偏移基准文字卡且第一屏不暴露答案结论；折叠解析图同主题；隔离旧图为补码定点整数类错绑材料不能回填,生成原题图待补第二批对照证据图；不改当前题图或解析图；保留阶段性复做入口,补原题扫描图；Tutor 范围 CO04-08 寻址方式 / CO04-16 相对寻址
2026-07-03,OS_UNK_121,question-01.png; no solution image; no quarantine candidate; contact sheet,original_question_scan_still_pending,逐张查看当前题图确认其为死锁处理策略分类文字卡且第一屏不暴露答案结论；当前无独立解析图；来源 ID 和正式年份仍待确认,生成原题图待补第二批对照证据图；不改当前题图；保留阶段性复做入口,补原题扫描图和来源定位；Tutor 范围 OS02-47 死锁避免 / 死锁处理策略分类
2026-07-03,OS_UNK_122,question-01.png; no solution image; no quarantine candidate; contact sheet,original_question_scan_still_pending,逐张查看当前题图确认其为纯分段地址结构与段内偏移文字卡且第一屏不暴露答案结论；当前无独立解析图；来源 ID 和正式年份仍待确认,生成原题图待补第二批对照证据图；不改当前题图；保留阶段性复做入口,补原题扫描图和来源定位；Tutor 范围 OS03-20 段式管理 / 段内偏移
2026-07-03,CN_2024_002,question-01.png; cropped original backups; red-trace original backup; contact sheet,solution_image_still_pending,逐张查看当前题图确认其为裁剪后的 2024 调制方式扫描题图且主体完整可读；隔离图为裁剪前或去红前备份不是解析图；当前已有折叠解析文字但无独立解析图,生成原题图待补第二批对照证据图；不改当前题图；继续保留独立解析图待补,补独立解析图；Tutor 范围 CN02-18 调制 / 二进制数字调制方式
2026-07-03,CO_UNK_013,question-01.png; contact sheet,source_chain_pending_reconfirmed,直接查看文字卡替代题图确认主题为 ISA 与指令系统判断；与 CO_2013_002 主题重合但来源链仍未解除,生成正式元数据复核对照图；不合并 CO_2013_002；不改正式 ID,补原题扫描图或等待人工确认 HCO_0013 与 HCO_0080 来源链；Tutor 范围 CO04-01 / CO04-02 / CO04-22
2026-07-03,CO_2022_003,question-01.png; solution-01.png; contact sheet,metadata_year_conflict_reconfirmed,直接查看题图和解析图确认题面主题与 CPU 执行时间安全摘要一致；图面年份为 2023 而当前正式 ID 年份为 2022,生成正式元数据复核对照图；不迁移正式 ID；继续保留待用户确认状态,经用户确认后迁移为 CO_2023_006 或统一改正式年份链；Tutor 范围 CO01-14 / CO01-13 / CO01-11 / CO01-12
2026-07-03,OS_2016_004,question-01.png; contact sheet,metadata_year_conflict_reconfirmed,直接查看题图确认主题与 C-SCAN 磁盘调度安全摘要一致；图面年份为 2024 而当前正式 ID 年份为 2016,生成正式元数据复核对照图；不迁移正式 ID；继续保留待用户确认状态,经用户确认后迁移为 OS_2024_002 或统一改正式年份链；Tutor 范围 OS05-29 / OS05-26 / OS05-27
2026-07-03,OS_2023_003,question-01.png; contact sheet,metadata_year_conflict_reconfirmed,直接查看题图确认主题与抖动治理和工作集安全摘要一致；图面年份为 2011 而当前正式 ID 年份为 2023,生成正式元数据复核对照图；不迁移正式 ID；继续保留待用户确认状态,经用户确认后迁移为 OS_2011_002 或统一改正式年份链；Tutor 范围 OS03-34 / OS03-33 / OS03-26
2026-07-03,CO_2015_001,question-01.png; contact sheet,source_locator_refined_solution_still_pending,直接查看题图确认主题与硬件直接执行对象辨析一致且图面题源为 2015 统考真题第 21 题；当前无隔离解析候选,更新详情卡来源定位；不改正式关系网；继续补独立解析图或原解析卡,Tutor 范围 CO01-06 / CO04-22 / CO04-01
2026-07-03,CO_2016_003,question-01.png; contact sheet,source_locator_refined_solution_still_pending,直接查看题图确认主题与编译汇编链接解释程序功能边界一致且图面题源为 2016 统考真题第 22 题；当前无隔离解析候选,更新详情卡来源定位；不改正式关系网；继续补独立解析图或原解析卡,Tutor 范围 CO01-06 / CO04-22 / CO01-07
2026-07-03,CO_2018_002,question-01.png; quarantined mismatched solution; contact sheet,source_locator_refined_solution_still_pending,直接查看题图确认主题与减法 CF/OF 标志位判断一致且图面题源为 2018 统考真题第 32 题；隔离候选为无符号乘法电路材料不能回填,更新详情卡来源定位；不回填隔离图；继续补正确解析图,Tutor 范围 CO02-14 / CO02-12 / CO02-13
2026-07-03,CO_2018_004,question-01.png; quarantined mismatched solution; contact sheet,source_locator_refined_solution_still_pending,直接查看题图确认主题与机器码立即数字段和小端存放一致且图面题源为 2018 统考真题第 44 题；隔离候选为边界对齐示意不能回填,更新详情卡来源定位；不回填隔离图；继续补正确解析图,Tutor 范围 CO04-22 / CO04-19 / CO02-07
2026-07-03,DS_2023_004,question-01.png; quarantined supplemental image; contact sheet,source_locator_refined_solution_still_pending,直接查看题图确认主题与非空 B 树操作性质辨析一致且图面题源为 2023 统考真题第 24 题；隔离候选为 B+ 树结构示意不能回填,更新详情卡来源定位；不回填隔离图；继续补正确解析图,Tutor 范围 DS07-13 / DS07-14 / DS07-15 / DS07-16
2026-07-03,CN_2024_002,question-01.png; cropped/red-trace backups; contact sheet,source_locator_refined_solution_still_pending,直接查看题图确认主题与二进制数字调制方式辨析一致且图面题源为 2024 统考真题第 28 题；隔离图为裁剪或去红前题图备份不是解析图,更新详情卡来源定位；不回填隔离图；继续补独立解析图,Tutor 范围 CN02-18 / CN02-13 / CN02-14
2026-07-03,CO_2018_002,question-01.png; consolidated quarantine contact sheet,p1_consolidated_solution_still_pending,综合对照复核确认当前题图可读且主题与减法状态标志位判断一致；隔离候选为乘法器结构材料不能回填,生成综合 5 道对照证据图；不回填隔离图；不改正式关系网,补正确解析图；Tutor 范围 CO02-14 / CO02-12 / CO02-13
2026-07-03,CO_2018_004,question-01.png; consolidated quarantine contact sheet,p1_consolidated_solution_still_pending,综合对照复核确认当前题图可读且主题与机器码字段和小端存放一致；隔离候选为边界对齐示意不能回填,生成综合 5 道对照证据图；不回填隔离图；不改正式关系网,补正确解析图；Tutor 范围 CO04-22 / CO04-19 / CO02-07
2026-07-03,CO_UNK_068,question-01.png; consolidated quarantine contact sheet,p1_consolidated_solution_still_pending,综合对照复核确认当前题图为 Cache 编址关系文字卡替代图且可阶段性复做；隔离候选为流水线时空图不能回填,生成综合 5 道对照证据图；不回填隔离图；不改正式关系网,补原题扫描图和正确解析图；Tutor 范围 CO03-14
2026-07-03,CO_UNK_069,question-01.png; consolidated quarantine contact sheet,p1_consolidated_solution_still_pending,综合对照复核确认当前去线题图主体可读；隔离候选是去标注前旧题图备份不是解析图,生成综合 5 道对照证据图；不回填隔离图；不改正式关系网,补独立解析图；Tutor 范围 CO05-22
2026-07-03,DS_2023_002,question-01.png; consolidated quarantine contact sheet,p1_consolidated_solution_still_pending,综合对照复核确认当前题图可读且主题与顺序表操作复杂度一致；隔离候选为顺序表总览或串讲材料不能回填,生成综合 5 道对照证据图；不回填隔离图；不改正式关系网,补正确解析图；Tutor 范围 DS01-11
2026-07-03,CN_2024_002;CO_UNK_038;CO_UNK_050;DS_2011_001;DS_2014_002;DS_2016_002;OS_2023_003;OS_UNK_020,all embedded question/solution images; structure scan; contact sheet,layout_verified_no_leak,扫描 394 张详情卡并直接查看 8 张多图片引用卡；确认题目区只放题图且解析图/解析文字在默认折叠解析区,生成多图片引用审计证据图；不改详情卡结构；不改正式关系网,继续按独立解析图和原题扫描图待补清单推进；Tutor 仅登记相关概念范围
2026-07-03,CN_2016_001;CO_2010_002;CO_2013_002;CO_UNK_003;DS_2009_001;DS_2015_001;DS_2022_002,question-01.png; solution-01.png; contact sheet,solution_pair_verified,直接查看题图/解析图对照确认主题匹配；解析图均在折叠区,生成已有解析图未明确验收批次证据图；不改图片；不改正式关系网,保留现有绑定；Tutor 只登记概念范围
2026-07-03,CO_UNK_044,question-01.png; quarantined mismatched solution; contact sheet,wrong_solution_quarantined,直接查看题图/解析图对照发现原解析图为流水线时空图错绑且折叠解析区串入流水线材料,将错绑解析图隔离到 wrong_solution_binding_2026-07-03 并清理串入文字；manifest 改为 s=0 text=1；不改正式关系网,补正确解析图；Tutor 范围 CO05-04 控制器 / 微程序控制器
2026-07-03,CO_UNK_013,question-01.png; metadata conflict contact sheet,metadata_conflict_reconfirmed_direct_sheet,当前为 ISA / 指令系统判断文字卡替代题图；主题与正式安全卡匹配；来源链合并待确认,生成正式年份冲突与原题扫描图待补复核证据图；不改正式关系网；不自动合并 CO_2013_002,等待人工确认来源链；Tutor 范围 CO04-01
2026-07-03,CO_2022_003,question-01.png; solution-01.png; metadata conflict contact sheet,metadata_conflict_reconfirmed_direct_sheet,题图与解析图主题匹配 CPU 执行时间；图面年份与当前正式 ID 年份冲突仍存在,生成正式年份冲突复核证据图；不自动迁移正式 ID；不改正式关系网,等待正式 ID 迁移确认；Tutor 范围 CO01-14
2026-07-03,OS_2016_004,question-01.png; metadata conflict contact sheet,metadata_conflict_reconfirmed_direct_sheet,题图为 C-SCAN 磁盘调度；图面年份与当前正式 ID 年份冲突仍存在,生成正式年份冲突复核证据图；不自动迁移正式 ID；不改正式关系网,等待正式 ID 迁移确认；Tutor 范围 OS05-29
2026-07-03,OS_2023_003,question-01.png; metadata conflict contact sheet,metadata_conflict_reconfirmed_direct_sheet,题图为抖动处理措施辨析；图面年份与当前正式 ID 年份冲突仍存在,生成正式年份冲突复核证据图；不自动迁移正式 ID；不改正式关系网,补独立解析图并等待正式 ID 迁移确认；Tutor 范围 OS03-34 / OS03-33 / OS03-26
2026-07-03,CO_UNK_068,question-01.png; original scan pending contact sheet,original_scan_pending_reconfirmed_direct_sheet,当前为 Cache 编址关系文字卡替代题图；可阶段性复做但不是最终原题扫描图,生成原题扫描图待补复核证据图；不改正式关系网,补原题扫描图和独立解析图；Tutor 范围 CO03-14
2026-07-03,CO_2013_002,question-01.png; solution-01.png; original scan pending contact sheet,original_scan_pending_reconfirmed_direct_sheet,当前题图与 CO_UNK_013 文字卡同题面；解析截图同主题；来源链冲突仍存在,生成原题扫描图待补复核证据图；不改正式关系网；不自动合并 CO_UNK_013,补原题扫描图并等待来源链确认；Tutor 范围 CO04-01
2026-07-03,CO_UNK_001,question-01.png; solution-01.png; original scan pending contact sheet,original_scan_pending_reconfirmed_direct_sheet,当前为 Cache 失效粒度文字卡题图和文字解析图；可阶段性复做但不是最终原题扫描图,生成原题扫描图待补复核证据图；不改正式关系网,补原题扫描图；Tutor 范围 CO03-19
2026-07-03,CO_UNK_003,question-01.png; solution-01.png; original scan pending contact sheet,original_scan_pending_reconfirmed_direct_sheet,当前为 DRAM / SDRAM 文字卡题图和解析材料；可阶段性复做但不是最终原题扫描图,生成原题扫描图待补复核证据图；不改正式关系网,补原题扫描图；Tutor 范围 CO03-03
2026-07-03,CO_UNK_020,question-01.png; solution-01.png; original scan pending contact sheet,original_scan_pending_reconfirmed_direct_sheet,当前为相对寻址转移指令文字卡题图和解析图；可阶段性复做但不是最终原题扫描图,生成原题扫描图待补复核证据图；不改正式关系网,补原题扫描图；Tutor 范围 CO04-16
2026-07-03,CO_UNK_019,question-01.png; solution-01.png; original scan pending contact sheet,original_scan_pending_reconfirmed_direct_sheet,当前为相对寻址偏移基准文字卡题图和解析图；可阶段性复做但不是最终原题扫描图,生成原题扫描图待补复核证据图；不改正式关系网,补原题扫描图；Tutor 范围 CO04-08
2026-07-03,OS_UNK_121,question-01.png; original scan pending contact sheet,original_scan_pending_reconfirmed_direct_sheet,当前为死锁处理策略分类文字卡替代题图；可阶段性复做但不是最终原题扫描图,生成原题扫描图待补复核证据图；不改正式关系网,补原题扫描图和来源定位；Tutor 范围 OS02-47
2026-07-03,OS_UNK_122,question-01.png; original scan pending contact sheet,original_scan_pending_reconfirmed_direct_sheet,当前为分段地址结构与段内偏移文字卡替代题图；可阶段性复做但不是最终原题扫描图,生成原题扫描图待补复核证据图；不改正式关系网,补原题扫描图和来源定位；Tutor 范围 OS03-20
2026-07-03,CN_UNK_048,question-01.png; folded answer text; contact sheet,p1_text_fallback_verified,直接查看题图确认 2011 年 MAC 确认机制辨析题清晰可复做；折叠解析文字可用；详情卡主知识点与正式表不一致,将详情卡主知识点校准为 CN03-15；不改正式关系网；生成 P1 首批证据图,补独立解析图；Tutor 范围 CN03-15 / CN03-16 / CN03-17 / CN03-18
2026-07-03,CO_2016_002,question-01.png; folded answer text; contact sheet,p1_text_fallback_verified,直接查看题图确认 I/O 硬件机制辨析题清晰可复做；折叠解析文字可用,生成 P1 首批证据图；不改正式关系网,补独立解析图；Tutor 范围 CO06-06
2026-07-03,CO_2015_001,question-01.png; folded answer text; contact sheet,p1_text_fallback_verified,直接查看题图确认硬件直接执行对象辨析题清晰可复做；折叠解析文字可用但较短,生成 P1 首批证据图；不改正式关系网,补独立解析图；Tutor 范围 CO01-06
2026-07-03,CO_2016_003,question-01.png; folded answer text; contact sheet,p1_text_fallback_verified,直接查看题图确认程序转换工具功能边界辨析题清晰可复做；折叠解析文字可用但较短,生成 P1 首批证据图；不改正式关系网,补独立解析图；Tutor 范围 CO01-06
2026-07-03,CO_2018_002,question-01.png; folded answer text; contact sheet,solution_text_contamination_cleaned,直接查看题图确认减法后 CF/OF 判断题清晰可复做；折叠解析区残留乘法材料,清理乘法串题材料；生成 P1 首批证据图；不改正式关系网,补独立解析图；Tutor 范围 CO02-14
2026-07-03,CO_2018_004,question-01.png; folded answer text; contact sheet,p1_text_fallback_verified,直接查看题图确认机器代码立即数和小端存放题清晰可复做；折叠解析文字可用,生成 P1 首批证据图；不改正式关系网,补独立解析图；Tutor 范围 CO04-22
2026-07-03,CO_2019_001,question-01.png; folded answer text; contact sheet,p1_text_fallback_verified,直接查看题图确认 DMA 控制器寄存器辨析题清晰可复做；折叠解析文字可用,生成 P1 首批证据图；不改正式关系网,补独立解析图；Tutor 范围 CO06-19
2026-07-03,CO_UNK_009,question-01.png; folded answer text; contact sheet,p1_text_fallback_verified,直接查看题图确认调用指令语义辨析题清晰可复做；折叠解析文字可用,生成 P1 首批证据图；不改正式关系网,补独立解析图；Tutor 范围 CO04-25
2026-07-03,CO_UNK_061,question-01.png; folded answer text; contact sheet,p1_text_fallback_verified,直接查看题图确认异步传输方式选择题清晰可复做；折叠解析文字可用且无串题污染,生成 P1 第二批当前状态证据图；不改正式关系网,补独立解析图；Tutor 范围 CO06-05
2026-07-03,CO_UNK_065,question-01.png; folded answer text; contact sheet,p1_text_fallback_strengthened,直接查看题图确认 DMA 周期挪用粒度判断题清晰可复做；折叠解析文字已补强指令周期与存取周期边界,生成 P1 第二批当前状态证据图；不改正式关系网,补独立解析图；Tutor 范围 CO06-18
2026-07-03,CO_UNK_068,question-01.png; folded answer text; contact sheet,p1_text_fallback_verified_original_scan_pending,直接查看题图确认当前为 Cache 编址关系文字卡替代图且可阶段性复做；折叠解析文字可用且无串题污染,生成 P1 第二批当前状态证据图；不改正式关系网,补原题扫描图和独立解析图；Tutor 范围 CO03-14
2026-07-03,CO_UNK_069,question-01.png; folded answer text; contact sheet,p1_text_fallback_marked_solution_pending,直接查看题图确认流水 CPU 基本概念辨析题去线后主体可读；折叠解析区已显式标记独立解析图待补,生成 P1 第二批当前状态证据图；不改正式关系网,补独立解析图；Tutor 范围 CO05-22
2026-07-03,DS_2023_002,question-01.png; folded answer text; contact sheet,p1_text_fallback_stray_note_cleaned,直接查看题图确认顺序表操作复杂度判断题清晰可复做；清理折叠解析尾部无关顺序表大题串讲残留,生成 P1 第二批当前状态证据图；不改正式关系网,补独立解析图；Tutor 范围 DS01-11
2026-07-03,CO_UNK_044,question-01.png; folded answer text; contact sheet,p1_text_fallback_format_cleaned,直接查看题图确认微程序控制单元设计题清晰可复做；折叠解析文字可用并清理硬布线与微程序控制器补充段落格式,生成 P1 第三批当前状态证据图；不改正式关系网,补独立解析图；Tutor 范围 CO05-04
2026-07-03,DS_2023_004,question-01.png; folded answer text; contact sheet,p1_text_fallback_stray_note_cleaned,直接查看题图确认非空 B 树性质辨析题清晰可复做；清理折叠解析尾部无关 B+树实例残留,生成 P1 第三批当前状态证据图；不改正式关系网,补独立解析图；Tutor 范围 DS07-13
2026-07-03,OS_2023_003,question-01.png; folded answer text; contact sheet,p1_text_fallback_verified_metadata_pending,直接查看题图确认工作集与抖动治理题可复做；折叠解析文字可用但图面年份与正式 ID 年份冲突仍保留,生成 P1 第三批当前状态证据图；不改正式关系网,补独立解析图并等待正式 ID 迁移确认；Tutor 范围 OS03-34 / OS03-33 / OS03-26
2026-07-03,CN_2024_002,question-01.png; folded answer text; contact sheet,p1_text_fallback_status_corrected,直接查看题图确认二进制数字调制方式辨析题清晰可复做；折叠解析文字可用并修正过期 QA 状态说明,生成 P1 第三批当前状态证据图；不改正式关系网,补独立解析图；Tutor 范围 CN02-18
2026-07-03,CO_UNK_068,question-01.png; folded answer text; contact sheet,original_scan_pending_all_rechecked,直接查看当前 Cache 编址关系文字卡题面；第一屏可复做且无新增串题残留,生成原题扫描图待补全量复核证据图；不改正式关系网,补原题扫描图和独立解析图；Tutor 范围 CO03-14
2026-07-03,CO_2013_002,question-01.png; solution-01.png; contact sheet,original_scan_pending_all_rechecked,直接查看当前 ISA 与指令系统文字卡题面和同主题解析截图；来源链冲突仍未解除,生成原题扫描图待补全量复核证据图；不合并 CO_UNK_013；不改正式关系网,补原题扫描图并等待来源链确认；Tutor 范围 CO04-01
2026-07-03,CO_UNK_001,question-01.png; solution-01.png; contact sheet,original_scan_pending_all_rechecked,直接查看当前 Cache 失效传送粒度文字卡题面和替代解析图；第一屏可复做,生成原题扫描图待补全量复核证据图；不改正式关系网,补原题扫描图；Tutor 范围 CO03-19
2026-07-03,CO_UNK_003,question-01.png; solution-01.png; contact sheet,original_scan_pending_all_rechecked,直接查看当前 DRAM 与 SDRAM 无答案文字复做卡和替代解析图；第一屏可复做,生成原题扫描图待补全量复核证据图；不改正式关系网,补原题扫描图；Tutor 范围 CO03-03
2026-07-03,CO_UNK_020,question-01.png; solution-01.png; contact sheet,original_scan_pending_all_rechecked,直接查看当前相对寻址转移指令文字卡题面和替代解析图；第一屏可复做,生成原题扫描图待补全量复核证据图；不改正式关系网,补原题扫描图；Tutor 范围 CO04-16
2026-07-03,CO_UNK_019,question-01.png; solution-01.png; contact sheet,original_scan_pending_all_rechecked,直接查看当前相对寻址偏移基准文字卡题面和替代解析图；第一屏可复做,生成原题扫描图待补全量复核证据图；不改正式关系网,补原题扫描图；Tutor 范围 CO04-08
2026-07-03,OS_UNK_121,question-01.png; folded answer text; contact sheet,original_scan_pending_status_clarified,直接查看当前死锁处理策略分类文字卡题面；第一屏不暴露答案结论；已标明源路径来自解析层级,生成原题扫描图待补全量复核证据图；不改正式关系网,补原题扫描图来源 ID 正式年份和独立解析图；Tutor 范围 OS02-47
2026-07-03,OS_UNK_122,question-01.png; folded answer text; contact sheet,original_scan_pending_status_clarified,直接查看当前分段地址结构与段内偏移文字卡题面；第一屏不暴露答案结论；已标明源路径来自解析讲解层级,生成原题扫描图待补全量复核证据图；不改正式关系网,补原题扫描图来源 ID 正式年份和独立解析图；Tutor 范围 OS03-20
2026-07-03,CO_UNK_013,question-01.png; contact sheet,metadata_migration_candidate_indexed,直接查看当前 ISA 与指令系统文字卡替代题图；主题与正式安全卡匹配但来源链合并仍未确认,新增 metadata-migration-candidates 清单；不合并 CO_2013_002；不改正式关系网,补原题扫描图或等待用户确认来源链；Tutor 范围 CO04-01/CO04-02/CO04-08/CO04-22
2026-07-03,CO_2022_003,question-01.png; solution-01.png; contact sheet,metadata_year_conflict_candidate_indexed,直接查看题图与解析图主题匹配 CPU 执行时间安全摘要；图面年份与当前正式 ID 年份冲突仍存在,新增 metadata-migration-candidates 清单；不自动迁移正式 ID；不改正式关系网,用户确认后再考虑 CO_2023_006 或统一正式年份链；Tutor 范围 CO01-14/CO01-13/CO01-11/CO01-12
2026-07-03,OS_2016_004,question-01.png; contact sheet,metadata_year_conflict_candidate_indexed,直接查看题图主题匹配 C-SCAN 磁盘调度安全摘要；图面年份与当前正式 ID 年份冲突仍存在,新增 metadata-migration-candidates 清单；不自动迁移正式 ID；不改正式关系网,用户确认后再考虑 OS_2024_002 或统一正式年份链；Tutor 范围 OS05-29/OS05-26/OS05-27
2026-07-03,OS_2023_003,question-01.png; folded answer text; contact sheet,metadata_year_conflict_candidate_indexed,直接查看题图主题匹配工作集与抖动治理安全摘要；图面年份与当前正式 ID 年份冲突仍存在；独立解析图仍待补,新增 metadata-migration-candidates 清单；不自动迁移正式 ID；不改正式关系网,用户确认后再考虑 OS_2011_002 或统一正式年份链；同时补独立解析图；Tutor 范围 OS03-34/OS03-33/OS03-26/OS03-36
2026-07-03,CN_UNK_048,question-01.png; folded answer text; contact sheet,p1_folded_solution_cleaned,直接查看题图确认 MAC 协议确认机制辨析题第一屏可复做；折叠解析区原先混入大段 LAN/以太网通用总览,清理通用总览并保留本道相关的 CDMA、CSMA/CD、CSMA/CA 与 ACK 边界；不改正式关系网,补独立解析图；Tutor 范围 CN03-15/CN03-16/CN03-17/CN03-18
2026-07-03,CO_2016_002,question-01.png; folded answer text; contact sheet,p1_text_fallback_rechecked,直接查看题图确认 I/O 硬件机制辨析题第一屏可复做；折叠解析文字可用且未见新的串题残留,生成 P1 第四批当前状态证据图；不改正式关系网,补独立解析图；Tutor 范围 CO06-06
2026-07-03,CO_2015_001,question-01.png; folded answer text; contact sheet,p1_text_fallback_rechecked,直接查看题图确认硬件直接执行对象辨析题第一屏可复做；折叠解析文字较短但可兜底,生成 P1 第四批当前状态证据图；不改正式关系网,补独立解析图或原解析卡；Tutor 范围 CO01-06
2026-07-03,CO_2016_003,question-01.png; folded answer text; contact sheet,p1_text_fallback_rechecked,直接查看题图确认程序转换工具功能边界辨析题第一屏可复做；折叠解析文字较短但可兜底,生成 P1 第四批当前状态证据图；不改正式关系网,补独立解析图或原解析卡；Tutor 范围 CO01-06
2026-07-03,CO_2018_002,question-01.png; folded answer text; contact sheet,p1_text_fallback_rechecked,直接查看题图确认减法后 CF/OF 判断题第一屏可复做；折叠解析文字可用且当前未见乘法串题残留,生成 P1 第四批当前状态证据图；不改正式关系网,补独立解析图；Tutor 范围 CO02-14/CO02-12/CO02-13
2026-07-03,CO_2018_004,question-01.png; folded answer text; contact sheet,p1_folded_solution_cleaned,直接查看题图确认机器代码立即数和小端存放题第一屏可复做；折叠解析尾部混入边界对齐材料,清理边界对齐串题段并生成 P1 第五批当前状态证据图；不改正式关系网,补独立解析图；Tutor 范围 CO04-22
2026-07-03,CO_2019_001,question-01.png; folded answer text; contact sheet,p1_text_fallback_rechecked,直接查看题图确认 DMA 控制器寄存器辨析题第一屏可复做；折叠解析文字可用且未见新的串题残留,生成 P1 第五批当前状态证据图；不改正式关系网,补独立解析图；Tutor 范围 CO06-19
2026-07-03,CO_UNK_009,question-01.png; folded answer text; contact sheet,p1_text_fallback_rechecked,直接查看题图确认调用指令语义辨析题第一屏可复做；原错绑解析图已隔离且折叠解析文字可兜底,生成 P1 第五批当前状态证据图；不改正式关系网,补独立解析图；Tutor 范围 CO04-25
2026-07-03,CO_UNK_044,question-01.png; folded answer text; contact sheet,p1_text_fallback_rechecked,直接查看题图确认微程序控制单元设计题第一屏可复做；此前错绑流水线材料已清理且折叠解析文字可兜底,生成 P1 第五批当前状态证据图；不改正式关系网,补独立解析图；Tutor 范围 CO05-04
2026-07-03,CO_UNK_061,question-01.png; folded answer text; contact sheet,p1_text_fallback_format_cleaned,直接查看题图确认异步传输方式选择题第一屏可复做；折叠解析补充段格式混乱,整理半同步和分离式通信补充段为总线定时边界说明；不改正式关系网,补独立解析图；Tutor 范围 CO06-05
2026-07-03,CO_UNK_065,question-01.png; folded answer text; contact sheet,p1_batch6_text_fallback_rechecked,直接查看题图确认 DMA 周期挪用粒度辨析题第一屏可复做；折叠解析文字可用且无独立解析图,补充详情卡 QA 记录并生成 P1 第六批当前状态证据图；不改正式关系网,补独立解析图；Tutor 范围 CO06-18
2026-07-03,CO_UNK_068,question-01.png; folded answer text; contact sheet,p1_batch6_text_fallback_original_scan_pending,直接查看当前 Cache 编址关系文字卡替代题图；第一屏可复做；折叠解析文字可用且无独立解析图,补充详情卡 QA 记录并生成 P1 第六批当前状态证据图；不改正式关系网,补原题扫描图和独立解析图；Tutor 范围 CO03-14
2026-07-03,CO_UNK_069,question-01.png; folded answer text; contact sheet,p1_batch6_text_fallback_rechecked,直接查看题图确认流水线基本概念辨析题第一屏可复做；折叠解析文字可用且无独立解析图,补充详情卡 QA 记录并生成 P1 第六批当前状态证据图；不改正式关系网,补独立解析图；Tutor 范围 CO05-22
2026-07-03,DS_2023_002,question-01.png; folded answer text; contact sheet,p1_batch6_text_fallback_rechecked,直接查看题图确认顺序表操作复杂度辨析题第一屏可复做；折叠解析文字可用；隔离旧解析图不回填,补充详情卡 QA 记录并生成 P1 第六批当前状态证据图；不改正式关系网,补独立解析图；Tutor 范围 DS01-11
2026-07-03,DS_2023_004,question-01.png; folded answer text; contact sheet,p1_batch6_text_fallback_rechecked,直接查看题图确认 B 树操作性质辨析题第一屏可复做；折叠解析文字可用；隔离候选不属于本道解析,补充详情卡 QA 记录并生成 P1 第六批当前状态证据图；不改正式关系网,补独立解析图；Tutor 范围 DS07-13
2026-07-03,OS_2023_003,question-01.png; folded answer text; contact sheet,p1_batch6_text_fallback_metadata_pending,直接查看题图确认工作集与抖动治理题第一屏可复做；折叠解析文字可用；正式 ID 年份迁移仍待确认,补充详情卡 QA 记录并生成 P1 第六批当前状态证据图；不改正式关系网,补独立解析图并等待正式 ID 迁移确认；Tutor 范围 OS03-34/OS03-33/OS03-26
2026-07-03,CN_2024_002,question-01.png; folded answer text; contact sheet,p1_batch6_text_fallback_rechecked,直接查看裁剪后题图确认二进制数字调制方式辨析题第一屏可复做；折叠解析文字可用且无独立解析图,补充详情卡 QA 记录并生成 P1 第六批当前状态证据图；不改正式关系网,补独立解析图；Tutor 范围 CN02-18
2026-07-03,CO_UNK_013,question-01.png; contact sheet,metadata_candidate_id_audit,直接查看当前 ISA 与指令系统文字卡题图；无独立解析图；来源链合并仍待确认,更新详情卡 QA 状态和元数据迁移候选清单；不合并 CO_2013_002；不改正式关系网,补原题扫描图或等待用户确认来源链；Tutor 范围 CO04-01
2026-07-03,CO_2022_003,question-01.png; solution-01.png; contact sheet,metadata_candidate_id_audit,直接查看题图与解析图确认 CPU 执行时间主题匹配；候选 CO_2023_006 当前未占用,更新详情卡 QA 状态和元数据迁移候选清单；不自动迁移正式 ID；不改正式关系网,用户确认后再迁移或统一年份链；Tutor 范围 CO01-14
2026-07-03,OS_2016_004,question-01.png; contact sheet,metadata_candidate_id_audit,直接查看题图确认 C-SCAN 磁盘调度主题匹配；候选 OS_2024_002 当前未占用,更新详情卡 QA 状态和元数据迁移候选清单；不自动迁移正式 ID；不改正式关系网,用户确认后再迁移或统一年份链；Tutor 范围 OS05-29
2026-07-03,OS_2023_003,question-01.png; folded answer text; contact sheet,metadata_candidate_id_audit,直接查看题图确认工作集与抖动治理主题匹配；候选 OS_2011_002 当前未占用；独立解析图仍待补,更新详情卡 QA 状态和元数据迁移候选清单；不自动迁移正式 ID；不改正式关系网,用户确认后再迁移或统一年份链；Tutor 范围 OS03-34
2026-07-03,CO_UNK_065,question-01.png; quarantined candidate; contact sheet,p1_solution_candidate_rejected,直接查看当前 DMA 周期挪用题图与隔离候选；候选为另一道 DMA 判断题不是本道解析,更新详情卡 QA 记录和工作队列；不回填图片；不改正式关系网,继续补正确独立解析图；Tutor 范围 CO06-18
2026-07-03,CO_UNK_069,question-01.png; quarantined old question backups; contact sheet,p1_solution_candidate_rejected,直接查看当前流水线基本概念题图与两张隔离旧图；隔离旧图只是去标注前题图备份不是解析图,更新详情卡 QA 记录和工作队列；不回填图片；不改正式关系网,继续补正确独立解析图；Tutor 范围 CO05-22
2026-07-03,DS_2023_002,question-01.png; quarantined candidate; contact sheet,p1_solution_candidate_rejected,直接查看当前顺序表操作复杂度题图与隔离候选；候选为顺序表串讲封面不是本道解析,更新详情卡 QA 记录和工作队列；不回填图片；不改正式关系网,继续补正确独立解析图；Tutor 范围 DS01-11
2026-07-03,CN_UNK_048,question-01.png; contact sheet,p1_solution_no_candidate_rechecked,直接查看当前 MAC 确认机制题图并搜索隔离区；未发现可回填同题解析图候选,更新详情卡 QA 记录和工作队列；不回填图片；不改正式关系网,继续补正确独立解析图；Tutor 范围 CN03-15
2026-07-03,CO_2016_002,question-01.png; contact sheet,p1_solution_no_candidate_rechecked,直接查看当前硬件 I/O 机制识别题图并搜索隔离区；未发现可回填同题解析图候选,更新详情卡 QA 记录和工作队列；不回填图片；不改正式关系网,继续补正确独立解析图；Tutor 范围 CO06-06
2026-07-03,CO_2015_001,question-01.png; contact sheet,p1_solution_no_candidate_rechecked,直接查看当前硬件直接执行对象辨析题图并搜索隔离区；未发现可回填同题解析图候选,更新详情卡 QA 记录和工作队列；不回填图片；不改正式关系网,继续补独立解析图或原解析卡；Tutor 范围 CO01-06
2026-07-03,CO_2016_003,question-01.png; contact sheet,p1_solution_no_candidate_rechecked,直接查看当前程序转换工具功能边界题图并搜索隔离区；未发现可回填同题解析图候选,更新详情卡 QA 记录和工作队列；不回填图片；不改正式关系网,继续补独立解析图或原解析卡；Tutor 范围 CO01-06
2026-07-03,CO_2018_002,question-01.png; contact sheet,p1_solution_no_candidate_rechecked,直接查看当前减法状态标志位题图并搜索隔离区；未发现可回填同题解析图候选,更新详情卡 QA 记录和工作队列；不回填图片；不改正式关系网,继续补正确独立解析图；Tutor 范围 CO02-14
2026-07-03,CO_2018_004,question-01.png; contact sheet,p1_solution_no_candidate_rechecked,直接查看当前机器码字段和小端存放题图并搜索隔离区；未发现可回填同题解析图候选,更新详情卡 QA 记录和工作队列；不回填图片；不改正式关系网,继续补正确独立解析图；Tutor 范围 CO04-22
2026-07-03,CO_2019_001,question-01.png; contact sheet,p1_solution_no_candidate_rechecked,直接查看当前 DMA 控制器寄存器边界题图并搜索隔离区；未发现可回填同题解析图候选,更新详情卡 QA 记录和工作队列；不回填图片；不改正式关系网,继续补正确独立解析图；Tutor 范围 CO06-19
2026-07-03,CO_UNK_009,question-01.png; contact sheet,p1_solution_no_candidate_rechecked,直接查看当前调用指令语义辨析题图并搜索隔离区；未发现可回填同题解析图候选,更新详情卡 QA 记录和工作队列；不回填图片；不改正式关系网,继续补正确独立解析图；Tutor 范围 CO04-25
2026-07-03,CO_UNK_044,question-01.png; duplicate question backup; contact sheet,p1_solution_duplicate_candidate_rejected,直接查看当前微程序控制单元设计题图和隔离候选；候选只是题图重复备份不是解析图,更新详情卡 QA 记录和工作队列；不回填图片；不改正式关系网,继续补正确独立解析图；Tutor 范围 CO05-04
2026-07-03,CO_UNK_061,question-01.png; quarantined supplemental image; contact sheet,p1_solution_supplemental_candidate_rejected,直接查看当前异步传输方式题图与隔离 I/O 总览候选；候选只是大主题补充图不是本道解析,更新详情卡 QA 记录和工作队列；不回填图片；不改正式关系网,继续补正确独立解析图；Tutor 范围 CO06-05
2026-07-03,CO_UNK_068,question-01.png; quarantined mismatch; contact sheet,p1_solution_candidate_rejected_original_scan_pending,直接查看当前 Cache 编址关系文字卡替代题图与隔离流水线候选；候选主题不匹配不能回填,更新详情卡 QA 记录和工作队列；不回填图片；不改正式关系网,继续补原题扫描图和独立解析图；Tutor 范围 CO03-14
2026-07-03,CO_UNK_069,question-01.png; old question backups; contact sheet,p1_solution_question_backup_rejected,直接查看当前流水线基本概念题图与去标注前旧题图备份；备份不是解析图,更新详情卡 QA 记录和工作队列；不回填图片；不改正式关系网,继续补独立解析图；Tutor 范围 CO05-22
2026-07-03,DS_2023_004,question-01.png; quarantined B+ tree diagram; contact sheet,p1_solution_candidate_rejected,直接查看当前 B 树性质辨析题图与隔离 B+ 树结构示意候选；候选不是本道解析,更新详情卡 QA 记录和工作队列；不回填图片；不改正式关系网,继续补正确独立解析图；Tutor 范围 DS07-13
2026-07-03,CN_2024_002,question-01.png; old question backups; contact sheet,p1_solution_question_backup_rejected,直接查看当前调制方式题图与裁剪前/去红前题图备份；备份不是解析图,更新详情卡 QA 记录和工作队列；不回填图片；不改正式关系网,继续补独立解析图；Tutor 范围 CN02-18
2026-07-03,CO_UNK_068,question-01.png; contact sheet,original_scan_pending_direct_review,当前 Cache 编址关系文字卡替代题图第一屏可阶段性复做；无独立解析图,更新详情卡 QA 记录和工作队列；不回填图片；不改正式关系网,继续补原题扫描图和独立解析图；Tutor 范围 CO03-14
2026-07-03,CO_2013_002,question-01.png; solution-01.png; contact sheet,original_scan_pending_direct_review,当前 ISA 文字卡替代题图和同主题解析截图可阶段性复做；来源链仍待确认,更新详情卡 QA 记录和工作队列；不合并节点；不改正式关系网,继续补原题扫描图并确认 CO_UNK_013 来源链；Tutor 范围 CO04-01
2026-07-03,CO_UNK_001,question-01.png; solution-01.png; contact sheet,original_scan_pending_direct_review,当前 Cache 失效传送粒度文字卡替代题图和解析图可阶段性复做,更新详情卡 QA 记录和工作队列；不回填正式系统；不改正式关系网,继续补原题扫描图；Tutor 范围 CO03-19
2026-07-03,CO_UNK_003,question-01.png; solution-01.png; contact sheet,original_scan_pending_direct_review,当前 DRAM 与 SDRAM 无答案文字复做题卡和折叠解析图分离；可阶段性复做,更新详情卡 QA 记录和工作队列；不回填正式系统；不改正式关系网,继续补原始扫描题图；Tutor 范围 CO03-03
2026-07-03,CO_UNK_020,question-01.png; solution-01.png; contact sheet,original_scan_pending_direct_review,当前相对寻址转移指令文字卡替代题图和解析图可阶段性复做,更新详情卡 QA 记录和工作队列；不回填正式系统；不改正式关系网,继续补原题扫描图；Tutor 范围 CO04-16
2026-07-03,CO_UNK_019,question-01.png; solution-01.png; contact sheet,original_scan_pending_direct_review,当前相对寻址主题文字卡替代题图和解析图可阶段性复做,更新详情卡 QA 记录和工作队列；不回填正式系统；不改正式关系网,继续补原题扫描图；Tutor 范围 CO04-08
2026-07-03,OS_UNK_121,question-01.png; folded answer text; contact sheet,original_scan_pending_direct_review,当前死锁处理策略分类无答案文字替代题图可阶段性复做；无独立解析图文件,更新详情卡 QA 记录和工作队列；不回填正式系统；不改正式关系网,继续补原题扫描图 来源 ID 正式年份和独立解析图；Tutor 范围 OS02-47
2026-07-03,OS_UNK_122,question-01.png; folded answer text; contact sheet,original_scan_pending_direct_review,当前纯分段地址结构文字替代题图可阶段性复做；无独立解析图文件,更新详情卡 QA 记录和工作队列；不回填正式系统；不改正式关系网,继续补原题扫描图 来源 ID 正式年份和独立解析图；Tutor 范围 OS03-20
2026-07-03,CN_UNK_048,question-01.png; folded answer text; contact sheet,p1_solution_image_missing_all_rechecked,题图可阶段性复做；无独立解析图；折叠解析文字可用,更新 QA 报告与工作队列；不回填图片；不改正式关系网,继续补正确独立解析图；Tutor 范围 CN03-15
2026-07-03,CO_2016_002,question-01.png; folded answer text; contact sheet,p1_solution_image_missing_all_rechecked,题图可阶段性复做；无独立解析图；折叠解析文字可用,更新 QA 报告与工作队列；不回填图片；不改正式关系网,继续补正确独立解析图；Tutor 范围 CO06-06
2026-07-03,CO_2015_001,question-01.png; folded answer text; contact sheet,p1_solution_image_missing_all_rechecked,题图可阶段性复做；无独立解析图；折叠解析文字可用,更新 QA 报告与工作队列；不回填图片；不改正式关系网,继续补独立解析图或原解析卡；Tutor 范围 CO01-06
2026-07-03,CO_2016_003,question-01.png; folded answer text; contact sheet,p1_solution_image_missing_all_rechecked,题图可阶段性复做；无独立解析图；折叠解析文字可用,更新 QA 报告与工作队列；不回填图片；不改正式关系网,继续补独立解析图或原解析卡；Tutor 范围 CO01-06
2026-07-03,CO_2018_002,question-01.png; folded answer text; contact sheet,p1_solution_image_missing_all_rechecked,题图可阶段性复做；无独立解析图；折叠解析文字可用,更新 QA 报告与工作队列；不回填图片；不改正式关系网,继续补正确独立解析图；Tutor 范围 CO02-14
2026-07-03,CO_2018_004,question-01.png; folded answer text; contact sheet,p1_solution_image_missing_all_rechecked,题图可阶段性复做；无独立解析图；折叠解析文字可用,更新 QA 报告与工作队列；不回填图片；不改正式关系网,继续补正确独立解析图；Tutor 范围 CO04-22
2026-07-03,CO_2019_001,question-01.png; folded answer text; contact sheet,p1_solution_image_missing_all_rechecked,题图可阶段性复做；无独立解析图；折叠解析文字可用,更新 QA 报告与工作队列；不回填图片；不改正式关系网,继续补正确独立解析图；Tutor 范围 CO06-19
2026-07-03,CO_UNK_009,question-01.png; folded answer text; contact sheet,p1_solution_image_missing_all_rechecked,题图可阶段性复做；无独立解析图；折叠解析文字可用,更新 QA 报告与工作队列；不回填图片；不改正式关系网,继续补正确独立解析图；Tutor 范围 CO04-25
2026-07-03,CO_UNK_044,question-01.png; folded answer text; contact sheet,p1_solution_image_missing_all_rechecked,题图可阶段性复做；无独立解析图；折叠解析文字可用,更新 QA 报告与工作队列；不回填图片；不改正式关系网,继续补正确独立解析图；Tutor 范围 CO05-04
2026-07-03,CO_UNK_061,question-01.png; folded answer text; contact sheet,p1_solution_image_missing_all_rechecked,题图可阶段性复做；无独立解析图；折叠解析文字可用,更新 QA 报告与工作队列；不回填图片；不改正式关系网,继续补正确独立解析图；Tutor 范围 CO06-05
2026-07-03,CO_UNK_065,question-01.png; folded answer text; contact sheet,p1_solution_image_missing_all_rechecked,题图可阶段性复做；无独立解析图；折叠解析文字可用,更新 QA 报告与工作队列；不回填图片；不改正式关系网,继续补正确独立解析图；Tutor 范围 CO06-18
2026-07-03,CO_UNK_068,question-01.png; folded answer text; contact sheet,p1_solution_image_missing_all_rechecked,文字卡替代题图可阶段性复做；无独立解析图；折叠解析文字可用,更新 QA 报告与工作队列；不回填图片；不改正式关系网,继续补正确独立解析图并补原题图；Tutor 范围 CO03-14
2026-07-03,CO_UNK_069,question-01.png; folded answer text; contact sheet,p1_solution_image_missing_all_rechecked,题图可阶段性复做；无独立解析图；折叠解析文字可用,更新 QA 报告与工作队列；不回填图片；不改正式关系网,继续补正确独立解析图；Tutor 范围 CO05-22
2026-07-03,DS_2023_002,question-01.png; folded answer text; contact sheet,p1_solution_image_missing_all_rechecked,题图可阶段性复做；无独立解析图；折叠解析文字可用,更新 QA 报告与工作队列；不回填图片；不改正式关系网,继续补正确独立解析图；Tutor 范围 DS01-11
2026-07-03,DS_2023_004,question-01.png; folded answer text; contact sheet,p1_solution_image_missing_all_rechecked,题图可阶段性复做；无独立解析图；折叠解析文字可用,更新 QA 报告与工作队列；不回填图片；不改正式关系网,继续补正确独立解析图；Tutor 范围 DS07-13
2026-07-03,OS_2023_003,question-01.png; folded answer text; contact sheet,p1_solution_image_missing_all_rechecked,题图可阶段性复做；无独立解析图；折叠解析文字可用；正式年份冲突仍待确认,更新 QA 报告与工作队列；不回填图片；不改正式关系网,继续补独立解析图并等待 ID 迁移确认；Tutor 范围 OS03-34
2026-07-03,CN_2024_002,question-01.png; folded answer text; contact sheet,p1_solution_image_missing_all_rechecked,题图可阶段性复做；无独立解析图；折叠解析文字可用,更新 QA 报告与工作队列；不回填图片；不改正式关系网,继续补独立解析图；Tutor 范围 CN02-18
2026-07-03,CN_UNK_048,local path candidate search; recovery queue,p1_marginnote_solution_recovery_queued,本地只发现当前题图 已拒绝隔离候选或旧备份；无可回填独立解析图,新增 P1 MarginNote 恢复队列；不改正式关系网,右侧搜索恢复 solution-01.png；Tutor 范围 CN03-15
2026-07-03,CO_2016_002,local path candidate search; recovery queue,p1_marginnote_solution_recovery_queued,本地只发现当前题图 已拒绝隔离候选或旧备份；无可回填独立解析图,新增 P1 MarginNote 恢复队列；不改正式关系网,右侧搜索恢复 solution-01.png；Tutor 范围 CO06-06
2026-07-03,CO_2015_001,local path candidate search; recovery queue,p1_marginnote_solution_recovery_queued,本地只发现当前题图和详情卡；无可回填独立解析图,新增 P1 MarginNote 恢复队列；不改正式关系网,右侧搜索恢复独立解析图或原解析卡；Tutor 范围 CO01-06
2026-07-03,CO_2016_003,local path candidate search; recovery queue,p1_marginnote_solution_recovery_queued,本地只发现当前题图和详情卡；无可回填独立解析图,新增 P1 MarginNote 恢复队列；不改正式关系网,右侧搜索恢复独立解析图或原解析卡；Tutor 范围 CO01-06
2026-07-03,CO_2018_002,local path candidate search; recovery queue,p1_marginnote_solution_recovery_queued,本地只发现当前题图和已拒绝隔离候选；无可回填独立解析图,新增 P1 MarginNote 恢复队列；不改正式关系网,右侧搜索恢复 solution-01.png；Tutor 范围 CO02-14
2026-07-03,CO_2018_004,local path candidate search; recovery queue,p1_marginnote_solution_recovery_queued,本地只发现当前题图和已拒绝隔离候选；无可回填独立解析图,新增 P1 MarginNote 恢复队列；不改正式关系网,右侧搜索恢复 solution-01.png；Tutor 范围 CO04-22
2026-07-03,CO_2019_001,local path candidate search; recovery queue,p1_marginnote_solution_recovery_queued,本地只发现当前题图 已拒绝隔离候选或旧备份；无可回填独立解析图,新增 P1 MarginNote 恢复队列；不改正式关系网,右侧搜索恢复 solution-01.png；Tutor 范围 CO06-19
2026-07-03,CO_UNK_009,local path candidate search; recovery queue,p1_marginnote_solution_recovery_queued,旧解析图已隔离为错绑材料；无可回填独立解析图,新增 P1 MarginNote 恢复队列；不改正式关系网,右侧搜索恢复 solution-01.png；Tutor 范围 CO04-25
2026-07-03,CO_UNK_044,local path candidate search; recovery queue,p1_marginnote_solution_recovery_queued,本地候选为题图重复备份或错绑材料；无可回填独立解析图,新增 P1 MarginNote 恢复队列；不改正式关系网,右侧搜索恢复 solution-01.png；Tutor 范围 CO05-04
2026-07-03,CO_UNK_061,local path candidate search; recovery queue,p1_marginnote_solution_recovery_queued,旧候选为 I-O 总览补充图；无可回填独立解析图,新增 P1 MarginNote 恢复队列；不改正式关系网,右侧搜索恢复 solution-01.png；Tutor 范围 CO06-05
2026-07-03,CO_UNK_065,local path candidate search; recovery queue,p1_marginnote_solution_recovery_queued,旧候选为另一道 DMA 题图；无可回填独立解析图,新增 P1 MarginNote 恢复队列；不改正式关系网,右侧搜索恢复 solution-01.png；Tutor 范围 CO06-18
2026-07-03,CO_UNK_068,local path candidate search; recovery queue,p1_marginnote_solution_recovery_queued,当前为文字卡替代题图且旧候选为错绑图；无可回填独立解析图,新增 P1 MarginNote 恢复队列；不改正式关系网,右侧搜索恢复原题扫描图和 solution-01.png；Tutor 范围 CO03-14
2026-07-03,CO_UNK_069,local path candidate search; recovery queue,p1_marginnote_solution_recovery_queued,本地候选为去标注前题图备份；无可回填独立解析图,新增 P1 MarginNote 恢复队列；不改正式关系网,右侧搜索恢复 solution-01.png；Tutor 范围 CO05-22
2026-07-03,DS_2023_002,local path candidate search; recovery queue,p1_marginnote_solution_recovery_queued,旧候选为顺序表串讲封面；无可回填独立解析图,新增 P1 MarginNote 恢复队列；不改正式关系网,右侧搜索恢复 solution-01.png；Tutor 范围 DS01-11
2026-07-03,DS_2023_004,local path candidate search; recovery queue,p1_marginnote_solution_recovery_queued,旧候选为 B+ 树结构示意；无可回填独立解析图,新增 P1 MarginNote 恢复队列；不改正式关系网,右侧搜索恢复 solution-01.png；Tutor 范围 DS07-13
2026-07-03,OS_2023_003,local path candidate search; recovery queue,p1_marginnote_solution_recovery_queued,本地只发现当前题图 旧错绑备份或旧搜索证据；无可回填独立解析图,新增 P1 MarginNote 恢复队列；不改正式关系网,右侧搜索恢复 solution-01.png 并等待 ID 迁移确认；Tutor 范围 OS03-34
2026-07-03,CN_2024_002,local path candidate search; recovery queue,p1_marginnote_solution_recovery_queued,本地候选为裁剪前或去红前题图备份；无可回填独立解析图,新增 P1 MarginNote 恢复队列；不改正式关系网,右侧搜索恢复 solution-01.png；Tutor 范围 CN02-18
2026-07-03,CO_UNK_001,question-01.png; solution-01.png; contact sheet,original_scan_top5_current_assets_rechecked,文字卡替代题图与解析图分离；第一屏可阶段性复做,更新 QA 报告和手动迁移队列一致性；不改正式关系网,继续补原题扫描图；Tutor 范围 CO03-19
2026-07-03,CO_2013_002,question-01.png; solution-01.png; contact sheet,original_scan_top5_current_assets_rechecked,ISA 文字卡替代题图与同主题解析截图分离；来源链仍待确认,更新 QA 报告和手动迁移队列一致性；不合并 CO_UNK_013；不改正式关系网,继续补原题扫描图；Tutor 范围 CO04-01
2026-07-03,CO_UNK_003,question-01.png; solution-01.png; contact sheet,original_scan_top5_current_assets_rechecked,无答案文字复做题卡与折叠解析图分离；第一屏未见解析提前暴露,更新 QA 报告和手动迁移队列一致性；不改正式关系网,继续补原始扫描题图；Tutor 范围 CO03-03
2026-07-03,CO_UNK_020,question-01.png; solution-01.png; contact sheet,original_scan_top5_current_assets_rechecked,相对寻址转移指令文字卡替代题图与解析图分离；第一屏可阶段性复做,更新 QA 报告和手动迁移队列一致性；不改正式关系网,继续补原题扫描图；Tutor 范围 CO04-16
2026-07-03,CO_UNK_019,question-01.png; solution-01.png; contact sheet,original_scan_top5_current_assets_rechecked,相对寻址主题文字卡替代题图与解析图分离；第一屏可阶段性复做,更新 QA 报告和手动迁移队列一致性；不改正式关系网,继续补原题扫描图；Tutor 范围 CO04-08
2026-07-03,OS_2019_001,question-01.png; source-chain contact sheet,source_chain_reference_scan_reviewed,原扫描题图和 HOS_0018 来源定位稳定；作为 OS_UNK_121 来源链参照,更新 QA 报告和元数据候选参照；不改正式关系网,保留为正式历史定位参照；Tutor 范围 OS02-44
2026-07-03,OS_UNK_121,question-01.png; source-chain contact sheet,source_chain_duplicate_candidate,文字卡替代题图可阶段性复做；OO3 路径与 OS_2019_001/HOS_0018/2.4.6（41）高度重合；无独立解析图,登记来源链/可能重复待确认；不自动合并；不改正式关系网,用户确认是否并入 OS_2019_001 或保留独立节点；Tutor 范围 OS02-44/OS02-47/OS02-48/OS02-49/OS02-50
2026-07-03,OS_UNK_122,question-01.png; source-chain contact sheet,original_scan_source_still_pending,文字卡替代题图可阶段性复做；本地未找到可直接绑定的历史来源 ID 或原扫描题图；无独立解析图,更新 QA 报告和详情卡状态；不改正式关系网,继续补原题扫描图 来源 ID 正式年份和独立解析图；Tutor 范围 OS03-20
2026-07-03,CO_UNK_068,question-01.png; quarantine candidate; source-chain contact sheet,original_scan_and_solution_still_pending,文字卡替代题图可阶段性复做；隔离候选为流水线主题不能回填；本地无新原扫描图或正确解析图候选,更新 QA 报告和详情卡状态；不改正式关系网,继续补原题扫描图和独立解析图；Tutor 范围 CO03-14
2026-07-03,CN_UNK_048,question-01.png; quarantine candidate; contact sheet,p1_solution_batch_a_rechecked,当前题图可阶段性复做；隔离候选为 MAC 帧结构总览类材料 不适合作为本道解析图,更新详情卡 QA 报告 P1 队列和工作队列；不改正式关系网,继续补正确独立解析图；Tutor 范围 CN03-15
2026-07-03,CO_2016_002,question-01.png; quarantine candidate; contact sheet,p1_solution_batch_a_rechecked,当前题图可阶段性复做；隔离候选为数据结构败者树材料 不适合作为本道解析图,更新详情卡 QA 报告 P1 队列和工作队列；不改正式关系网,继续补正确独立解析图；Tutor 范围 CO06-06
2026-07-03,CO_2015_001,question-01.png; contact sheet,p1_solution_batch_a_rechecked,当前题图可阶段性复做；本地无独立解析图或原解析卡候选,更新详情卡 QA 报告 P1 队列和工作队列；不改正式关系网,继续从 MarginNote 恢复独立解析图或原解析卡；Tutor 范围 CO01-06
2026-07-03,CO_2016_003,question-01.png; contact sheet,p1_solution_batch_a_rechecked,当前题图可阶段性复做；本地无独立解析图或原解析卡候选,更新详情卡 QA 报告 P1 队列和工作队列；不改正式关系网,继续从 MarginNote 恢复独立解析图或原解析卡；Tutor 范围 CO01-06
2026-07-03,CO_2018_002,question-01.png; quarantine candidate; contact sheet,p1_solution_batch_a_rechecked,当前题图可阶段性复做；隔离候选为无符号乘法运算电路结构材料 不适合作为本道解析图,更新详情卡 QA 报告 P1 队列和工作队列；不改正式关系网,继续补正确独立解析图；Tutor 范围 CO02-14
2026-07-03,CO_2018_004,question-01.png; quarantine candidate; contact sheet,p1_solution_batch_b_rechecked,当前题图可阶段性复做；隔离候选为边界对齐或结构示意材料 不适合作为本道解析图,更新详情卡 QA 报告 P1 队列和工作队列；不改正式关系网,继续补正确独立解析图；Tutor 范围 CO04-22
2026-07-03,CO_2019_001,question-01.png; quarantine candidate; contact sheet,p1_solution_batch_b_rechecked,当前题图可阶段性复做；隔离候选为跨主题材料 不适合作为本道解析图,更新详情卡 QA 报告 P1 队列和工作队列；不改正式关系网,继续补正确独立解析图；Tutor 范围 CO06-19
2026-07-03,CO_UNK_009,question-01.png; quarantine candidates; contact sheet,p1_solution_batch_b_rechecked,当前题图可阶段性复做；三张隔离候选为机器级代码或寻址方式大题材料 不适合作为本道解析图,更新详情卡 QA 报告 P1 队列和工作队列；不改正式关系网,继续补正确独立解析图；Tutor 范围 CO04-25
2026-07-03,CO_UNK_044,question-01.png; quarantine candidates; contact sheet,p1_solution_batch_b_rechecked,当前题图可阶段性复做；隔离候选为流水线时空图或题图重复备份 不适合作为本道解析图,更新详情卡 QA 报告 P1 队列和工作队列；不改正式关系网,继续补正确独立解析图；Tutor 范围 CO05-04
2026-07-03,CO_UNK_061,question-01.png; quarantine candidate; contact sheet,p1_solution_batch_b_rechecked,当前题图可阶段性复做；隔离候选为 I-O 总览补充图 不适合作为本道解析图,更新详情卡 QA 报告 P1 队列和工作队列；不改正式关系网,继续补正确独立解析图；Tutor 范围 CO06-05
2026-07-03,CO_UNK_065,MarginNote right search result,p1_marginnote_right_search_batch_c,右侧搜索 7.3.4（34） #OnlyTitle# 可定位同题题卡且标题含 HCO_0068 CO_UNK_065；未获得独立解析图,更新详情卡 QA 报告 P1 队列和工作队列；不改正式关系网,继续补 solution-01.png；Tutor 范围 CO06-18
2026-07-03,CO_UNK_068,MarginNote right search result,p1_marginnote_right_search_batch_c,右侧搜索 HCO_0076 #OnlyTitle# 可定位文字卡且标题含 HCO_0076 CO_UNK_068；结果不是原题扫描图或独立解析图,更新详情卡 QA 报告 P1 队列和工作队列；不改正式关系网,继续补原题扫描图和 solution-01.png；Tutor 范围 CO03-14
2026-07-03,CO_UNK_069,MarginNote right search result,p1_marginnote_right_search_batch_c,右侧搜索 5.6.6（01） #OnlyTitle# 可定位多个同名题图结果且标题含 HCO_0081 CO_UNK_069；未获得独立解析图,更新详情卡 QA 报告 P1 队列和工作队列；不改正式关系网,继续补 solution-01.png；Tutor 范围 CO05-22
2026-07-03,DS_2023_002,MarginNote right search attempted,p1_marginnote_right_search_batch_c_pending,历史 ID 正式 ID 和当前关键词未稳定定位同题；定位号与宽泛关键词会命中其他题，不能作为本道解析源,更新详情卡 QA 报告 P1 队列和工作队列；不改正式关系网,MarginNote 定位待补充并继续补 solution-01.png；Tutor 范围 DS01-11
2026-07-03,DS_2023_004,MarginNote right search result,p1_marginnote_right_search_batch_c,右侧搜索 DS_2023_004 #OnlyTitle# 可定位题卡标题 2023年真题DS_2023_004；未获得独立解析图,更新详情卡 QA 报告 P1 队列和工作队列；不改正式关系网,继续补 solution-01.png；Tutor 范围 DS07-13
2026-07-03,OS_2023_003,question-01.png; contact sheet,p1_solution_batch_d_direct_review,直接查看当前题图可阶段性复做；图面年份冲突仍待确认；无独立解析图,生成 batch D 对照证据图；不回填图片；不改正式关系网,补独立解析图并等待 ID 迁移确认；Tutor 范围 OS03-34/OS03-33/OS03-26
2026-07-03,CN_2024_002,question-01.png; contact sheet,p1_solution_batch_d_direct_review,直接查看裁剪后题图主体完整可读；当前无独立解析图,生成 batch D 对照证据图；不回填图片；不改正式关系网,继续补独立解析图；Tutor 范围 CN02-18
2026-07-03,CO_UNK_068,question-01.png; contact sheet,p1_solution_batch_d_direct_review,直接查看当前为文字卡替代题图且可阶段性复做；仍非原题扫描图；无独立解析图,生成 batch D 对照证据图；不回填图片；不改正式关系网,继续补原题扫描图和独立解析图；Tutor 范围 CO03-14
2026-07-03,OS_UNK_121,question-01.png; contact sheet,p1_solution_batch_d_direct_review,直接查看当前为文字卡替代题图且可阶段性复做；来源链可能重复仍待确认；无独立解析图,生成 batch D 对照证据图；不回填图片；不改正式关系网,继续补原题扫描图 来源 ID 正式年份和独立解析图；Tutor 范围 OS02-47/OS02-44/OS02-48/OS02-49/OS02-50
2026-07-03,OS_UNK_122,question-01.png; contact sheet,p1_solution_batch_d_direct_review,直接查看当前为文字卡替代题图且可阶段性复做；来源定位仍待补；无独立解析图,生成 batch D 对照证据图；不回填图片；不改正式关系网,继续补原题扫描图 来源 ID 正式年份和独立解析图；Tutor 范围 OS03-20
2026-07-03,CN_2009_001,question-01.png; solution-01.png; contact sheet,solution_bound_batch_e_pass,直接查看题图与解析图匹配；未见串题或错绑,生成 batch E 题解对照证据图；不改正式关系网,继续后续已有解析图抽检；Tutor 范围 CN01-22
2026-07-03,CN_2015_001,question-01.png; solution-01.png; contact sheet,solution_bound_batch_e_pass,直接查看题图与解析图匹配；未见串题或错绑,生成 batch E 题解对照证据图；不改正式关系网,继续后续已有解析图抽检；Tutor 范围 CN02-19
2026-07-03,CN_2020_001,question-01.png; solution-01.png; contact sheet,solution_bound_batch_e_text_cleanup_candidate,直接查看题图与解析图匹配；折叠解析文字偏章节补充而非本道直接解析,生成 batch E 题解对照证据图；登记文字收敛候选；不改正式关系网,后续可把泛化解析文字收敛为本道直接解析；Tutor 范围 CN01-19
2026-07-03,CN_2024_001,question-01.png; solution-01.png; contact sheet,solution_bound_batch_e_text_cleanup_candidate,直接查看题图与解析图匹配；折叠解析文字偏章节补充而非本道直接解析,生成 batch E 题解对照证据图；登记文字收敛候选；不改正式关系网,后续可把泛化解析文字收敛为本道吞吐量解析；Tutor 范围 CN01-13
2026-07-03,CO_2012_003,question-01.png; solution-01.png; contact sheet,solution_bound_batch_e_pass,直接查看题图与解析图匹配；未见串题或错绑,生成 batch E 题解对照证据图；不改正式关系网,继续后续已有解析图抽检；Tutor 范围 CO05-21
2026-07-03,CN_2020_001,detail card folded answer text,solution_text_consolidated,折叠解析文字从 OSI-TCP-IP 章节补充收敛为本道协议三要素直接解析,更新详情卡解析文字；不改题图解析图；不改正式关系网,继续抽检已有解析图；Tutor 范围 CN01-19
2026-07-03,CN_2024_001,detail card folded answer text,solution_text_consolidated,折叠解析文字从网络体系结构章节补充收敛为本道吞吐量直接解析,更新详情卡解析文字；不改题图解析图；不改正式关系网,继续抽检已有解析图；Tutor 范围 CN01-13
2026-07-03,CO_UNK_068,question-01.png,original_scan_pending_batch_refresh,逐张直接查看当前题图；文字卡替代题图主题匹配且第一屏可阶段性复做；无独立解析图,更新 QA 台账和工作队列；不改正式关系网,继续补原题扫描图和独立解析图；Tutor 范围 CO03-14
2026-07-03,CO_UNK_001,question-01.png; solution-01.png,original_scan_pending_batch_refresh,逐张直接查看当前题图与解析图；文字卡替代题图和解析图分离且主题匹配；不是原题扫描图,更新 QA 台账和工作队列；不改正式关系网,继续补原题扫描图；Tutor 范围 CO03-19
2026-07-03,CO_2013_002,question-01.png; solution-01.png,original_scan_pending_batch_refresh,逐张直接查看当前题图与解析图；ISA 文字卡题图和同主题解析截图可阶段性复做；来源链仍与 CO_UNK_013 待确认,更新 QA 台账和工作队列；不合并节点,继续补原题扫描图；Tutor 范围 CO04-01
2026-07-03,CO_UNK_003,question-01.png; solution-01.png,original_scan_pending_batch_refresh,逐张直接查看当前题图与解析图；无答案文字复做卡和折叠解析图分离；不是原始扫描题图,更新 QA 台账和工作队列；不改正式关系网,继续补原始扫描题图；Tutor 范围 CO03-03
2026-07-03,CO_UNK_020,question-01.png; solution-01.png,original_scan_pending_batch_refresh,逐张直接查看当前题图与解析图；相对寻址文字卡题图和解析图分离且可阶段性复做；不是原题扫描图,更新 QA 台账和工作队列；不改正式关系网,继续补原题扫描图；Tutor 范围 CO04-16
2026-07-03,CN_2016_001,question-01.png; solution-01.png; detail card folded answer text,solution_bound_batch_f_text_cleanup,直接查看题图与解析图匹配；折叠解析文字混入无关编码方式材料,清理详情卡折叠解析文字；不改题图解析图；不改正式关系网,继续后续已有解析图抽检；Tutor 范围 CN02-16
2026-07-03,CO_2013_004,question-01.png; solution-01.png; detail card folded answer text,solution_bound_batch_f_text_cleanup,直接查看题图与解析图匹配；折叠解析文字混入操作系统调度材料,清理详情卡折叠解析文字；不改题图解析图；不改正式关系网,继续后续已有解析图抽检；Tutor 范围 CO03-01
2026-07-03,CO_2015_002,question-01.png; solution-01.png; detail card folded answer text,solution_bound_batch_f_text_cleanup,直接查看题图与解析图匹配；折叠解析文字混入系统调用材料,清理详情卡折叠解析文字；不改题图解析图；不改正式关系网,继续后续已有解析图抽检；Tutor 范围 CO05-20
2026-07-03,CO_2015_004,question-01.png; solution-01.png; detail card folded answer text,solution_bound_batch_f_long_solution_ok,直接查看题图与解析长图匹配；原折叠文字仅为待补占位,更新为长图可用但后续可收敛的 QA 说明；不改正式关系网,后续可收敛本道文字解析；Tutor 范围 CO03-04
2026-07-03,CO_UNK_018,question-01.png; solution-01.png; detail card folded answer text,solution_bound_batch_f_red_trace_cleaned,直接查看题图与解析长图匹配；题图左侧红色痕迹已备份并清理；折叠文字混入相对寻址串讲和多题笔记,清理题图和详情卡；不改正式关系网,继续后续已有解析图抽检；Tutor 范围 CO04-08
2026-07-03,DS_2009_002,question-01.png; solution-01.png; detail card QA note,solution_bound_batch_g_pass,直接查看题图与解析图匹配；解析图展示小根堆插入后的上滤调整过程,更新详情卡 QA 说明；不改正式关系网,继续后续已有解析图抽检；Tutor 范围 DS05-22/DS05-21/DS05-06
2026-07-03,DS_2009_003,question-01.png; solution-01.png; detail card QA note,solution_bound_batch_g_placeholder_resolved,直接查看题图与解析图匹配；原折叠解析占位已改为解析图可用 QA 说明,更新详情卡 QA 说明；不改正式关系网,继续后续已有解析图抽检；Tutor 范围 DS08-04/DS08-11
2026-07-03,DS_2011_003,question-01.png; solution-01.png; detail card QA note,solution_bound_batch_g_handwritten_solution,直接查看题图与手写图示解析匹配；解析图可作为详情库折叠解析证据,更新详情卡 QA 说明；不改正式关系网,继续后续已有解析图抽检；Tutor 范围 DS05-16/DS05-02/DS05-15
2026-07-03,DS_2012_005,question-01.png; solution-01.png; detail card QA note,solution_bound_batch_g_pass,直接查看题图与解析图匹配；解析图展示 B 树删除后的借兄弟与父结点调整过程,更新详情卡 QA 说明；不改正式关系网,继续后续已有解析图抽检；Tutor 范围 DS07-15/DS07-13
2026-07-03,DS_2013_002,question-01.png; solution-01.png; detail card QA note,solution_bound_batch_g_handwritten_solution,直接查看题图与手写图示解析匹配；折叠文字解析与解析图主题一致并保留在详情库,更新详情卡 QA 说明；不改正式关系网,继续后续已有解析图抽检；Tutor 范围 DS07-13
2026-07-03,DS_2009_001,question-01.png; solution-01.png; detail card QA note,solution_bound_batch_h_aux_solution_text_ok,直接查看题图清晰；解析图为完全二叉树概念辅助图；折叠文字解析与本道主题一致,更新详情卡 QA 说明；不改正式关系网,继续后续已有解析图抽检；Tutor 范围 DS05-06/DS05-04/DS05-05
2026-07-03,DS_2011_001,question-01.png; solution-01.png; detail card QA note,solution_bound_batch_h_aux_solution_text_ok,直接查看题图清晰；解析图为循环数组辅助示意图；折叠文字解析与本道主题一致,更新详情卡 QA 说明；不改正式关系网,继续后续已有解析图抽检；Tutor 范围 DS03-09
2026-07-03,DS_2014_002,question-01.png; solution-01.png; detail card QA note,solution_bound_batch_h_aux_solution_text_ok,直接查看题图清晰；解析图为循环数组编号辅助示意图；折叠文字解析与本道主题一致,更新详情卡 QA 说明；不改正式关系网,继续后续已有解析图抽检；Tutor 范围 DS03-09
2026-07-03,DS_2014_003,question-01.png; solution-01.png; detail card QA note,solution_bound_batch_h_pass,直接查看题图与解析图匹配；解析图为中序线索化前驱后继判断的完整文字解析截图,更新详情卡 QA 说明；不改正式关系网,继续后续已有解析图抽检；Tutor 范围 DS05-14/DS05-10
2026-07-03,DS_2015_001,question-01.png; solution-01.png; detail card QA note,solution_bound_batch_h_formula_aux_text_ok,直接查看题图清晰；解析图为组合数/计数公式辅助图；折叠文字解析与本道主题一致,更新详情卡 QA 说明；不改正式关系网,继续后续已有解析图抽检；Tutor 范围 DS05-13/DS05-09/DS03-04
2026-07-03,DS_2015_002,question-01.png; solution-01.png; detail card QA note,solution_bound_batch_i_handwritten_solution,题图与解析图主题匹配；解析图为 DFS 遍历序列手写图示枚举且含手写痕迹,更新详情卡 QA 说明；不改正式关系网,继续后续已有解析图抽检；Tutor 范围 DS06-10/DS06-02/DS06-01
2026-07-03,DS_2015_003,question-01.png; solution-01.png; detail card QA note,solution_bound_batch_i_handwritten_aux_text_ok,题图与解析图主题匹配；解析图为 AVL 与中序降序性质手写例证；折叠文字解析可核对,更新详情卡 QA 说明；不改正式关系网,继续后续已有解析图抽检；Tutor 范围 DS07-10/DS07-06/DS05-10
2026-07-03,DS_2016_002,question-01.png; solution-01.png; detail card QA note,solution_bound_batch_i_aux_solution_text_ok,题图清晰；解析图为森林结构概念辅助图；折叠文字解析与本道主题一致,更新详情卡 QA 说明；不改正式关系网,继续后续已有解析图抽检；Tutor 范围 DS05-01/DS05-02
2026-07-03,DS_2017_004,question-01.png; solution-01.png; detail card QA note,solution_bound_batch_i_placeholder_resolved,题图与解析图主题匹配；解析图为排序存储结构影响的直接文字解析；原占位已收敛,更新详情卡 QA 说明；不改正式关系网,继续后续已有解析图抽检；Tutor 范围 DS08-18/DS08-04/DS08-06/DS08-07/DS08-09/DS08-10/DS08-14
2026-07-03,DS_2018_002,question-01.png; solution-01.png; detail card QA note; formal safe text,solution_bound_batch_i_formal_safety_cleaned,题图与解析图主题匹配；解析图为建大根堆过程示意；发现正式安全字段含答案痕迹,更新详情卡 QA 说明并同步脱敏 DS_2018_002 正式安全字段,继续后续已有解析图抽检；Tutor 范围 DS08-10/DS05-22/DS05-21
2026-07-03,CO_2010_002,question-01.png; solution-01.png; detail card QA note,solution_bound_batch_j_corpus_recovered_pass,题图与解析图来自 CO03 语料同题恢复且主题匹配,更新详情卡 QA 说明；不改正式关系网,继续后续已有解析图抽检；Tutor 范围 CO03-01/CO03-03/CO03-04/CO03-12
2026-07-03,CO_2012_005,question-01.png; solution-01.png; detail card QA note,solution_bound_batch_j_text_ok,题图与解析图主题匹配；解析图覆盖结构体对齐与小端存放关键过程；折叠文字解析完整,更新详情卡 QA 说明；不改正式关系网,继续后续已有解析图抽检；Tutor 范围 CO04-17/CO04-18/CO04-19/CO04-22
2026-07-03,CO_2013_002,question-01.png; solution-01.png; detail card QA note,solution_bound_batch_j_text_replacement_source_pending,当前题图为文字卡替代图且解析图为同主题解析截图；可阶段性复做但原题扫描图和来源链仍待确认,更新详情卡 QA 说明；不改正式关系网,继续补原题扫描图并等待来源链确认；Tutor 范围 CO04-01/CO04-02/CO04-08/CO04-22
2026-07-03,CO_2014_001,question-01.png; solution-01.png; detail card QA note,solution_bound_batch_j_long_solution_ok,题图与解析长图主题匹配；原解析占位已收敛,更新详情卡 QA 说明；不改正式关系网,后续可补可读文字解析；Tutor 范围 CO03-04/CO03-07/CO03-08
2026-07-03,CO_2015_005,question-01.png; solution-01.png; detail card QA note,solution_bound_batch_j_long_solution_ok,题图与解析长图主题匹配；原解析占位已收敛,更新详情卡 QA 说明；不改正式关系网,后续可补可读文字解析；Tutor 范围 CO03-09/CO03-06/CO03-08
2026-07-03,CO_2017_001,question-01.png; solution-01.png; solution-02.png,solution_bound_batch_k_multi_solution_ok,题图与两张解析图均为多模块存储器未对齐访问主题；第二张为手写示意类解析证据,复核详情卡并保留全部当前图片；不改正式关系网,后续可补解析文字；Tutor 范围 CO03-09/CO03-06/CO03-08
2026-07-03,CO_2018_005,question-01.png; solution-01.png,solution_bound_batch_k_long_solution_ok,题图与解析长图均为 DRAM 行列组织和刷新开销主题；未发现串题或错绑,复核详情卡；不改正式关系网,后续可补可读文字解析；Tutor 范围 CO03-04/CO03-07
2026-07-03,CO_2020_001,question-01.png; solution-01.png; detail card recovered,detail_recovered_from_wrong_binding_batch_k,原 CO_2021_001 详情题图和解析图实际对应 CO_2020_001 机器字长主题,新增 CO_2020_001 详情卡并复制正确资产；正式 408 不写题图或完整解析,继续补齐桥接快照；Tutor 范围 CO01-17/CO05-05
2026-07-03,CO_2021_001,question-01.png; solution-01.png,solution_bound_batch_k_wrong_binding_reassigned,当前详情图与正式 FLOPS 主题不一致且已转入 CO_2020_001；本节点正确题图和解析仍缺,清空错误嵌入并标记待补；不改正式关系网,从 MarginNote 4 或导出源补正确 FLOPS/PFLOPS 题图解析；Tutor 范围 CO01-16
2026-07-03,CO_2022_003,question-01.png; solution-01.png,solution_bound_batch_k_metadata_year_conflict,题图与解析图主题匹配 CPU 执行时间；图面年份与当前正式 ID 年份冲突仍存在,保留元数据迁移待确认状态；不自动迁移正式 ID,用户确认后再考虑 CO_2023_006 或统一年份链；Tutor 范围 CO01-14/CO01-13/CO01-11/CO01-12
2026-07-03,CO_UNK_001,question-01.png; solution-01.png,solution_bound_batch_k_text_replacement_original_scan_pending,当前为 Cache 失效传送粒度文字卡替代题图和替代解析图；主题匹配但不是最终原题扫描图,保留阶段性复做入口；不改正式关系网,继续补原题扫描图；Tutor 范围 CO03-19
2026-07-03,CO_2021_001,docx exact node BB0109B6 question candidate; docx exact node solution candidate,docx_exact_node_wrong_binding_reconfirmed,Word 导出 CO_2021_001 精确节点下两张图片哈希等同 CO_2020_001 题图和解析图,不回填本节点；候选证据保留在 indexes/docx-candidates/CO_2021_001_exact_node_2026-07-03；正式 408 不写图或答案,继续从 MarginNote 4 右侧搜索或重新导出源补正确 FLOPS/PFLOPS 图；Tutor 范围 CO01-16/CO01-15/CO01-09
2026-07-03,CO_2015_001,docx strong candidates; current question image,p1_docx_strong_probe_no_solution_recovered,Word 强定位命中正式 ID 后候选主要为题图或相邻题图；未发现本道独立解析图,候选证据保留在 indexes/docx-candidates/p1_solution_probe_strong_batch_2026-07-03；不回填图片,继续补独立解析图；Tutor 范围 CO01-06
2026-07-03,CO_2016_003,docx strong candidates; current question image,p1_docx_strong_probe_no_solution_recovered,Word 强定位命中正式 ID 后候选主要为题图或相邻题图；未发现本道独立解析图,候选证据保留在 indexes/docx-candidates/p1_solution_probe_strong_batch_2026-07-03；不回填图片,继续补独立解析图；Tutor 范围 CO01-06
2026-07-03,CO_2018_002,docx strong candidates; current question image,p1_docx_strong_probe_no_solution_recovered,Word 强定位命中正式 ID 后候选含相邻知识点示意图；未发现本道独立解析图,候选证据保留在 indexes/docx-candidates/p1_solution_probe_strong_batch_2026-07-03；不回填图片,继续补独立解析图；Tutor 范围 CO02-14
2026-07-03,CO_2018_004,docx strong candidates; current question image,p1_docx_strong_probe_no_solution_recovered,Word 强定位候选中表格式图已单独复核为边界对齐/半字访问类辅助图；不是本道直接解析图,候选证据保留在 indexes/docx-candidates/p1_solution_probe_strong_batch_2026-07-03；不回填图片,继续补独立解析图；Tutor 范围 CO04-22
2026-07-03,CO_2019_001,docx strong candidates; current question image,p1_docx_strong_probe_no_solution_recovered,Word 强定位命中历史 ID 和定位号后候选主要为题图或相邻题图；未发现本道独立解析图,候选证据保留在 indexes/docx-candidates/p1_solution_probe_strong_batch_2026-07-03；不回填图片,继续补独立解析图；Tutor 范围 CO06-19
2026-07-03,CO_UNK_009,docx strong candidates; current question image,p1_docx_strong_probe_no_solution_recovered,Word 强定位命中当前调用/转子指令题图；后续候选为机器级代码、寻址方式、分支地址计算或标志位相邻题,候选证据保留在 indexes/docx-candidates/p1_solution_probe_strong_batch_f_2026-07-03；不回填图片,继续补独立解析图；Tutor 范围 CO04-25
2026-07-03,CO_UNK_044,docx strong candidates; current question image,p1_docx_strong_probe_no_solution_recovered,Word 强定位命中当前微程序控制器题图；后续候选为流水线和冲突处理材料,候选证据保留在 indexes/docx-candidates/p1_solution_probe_strong_batch_f_2026-07-03；不回填图片,继续补独立解析图；Tutor 范围 CO05-04
2026-07-03,CO_UNK_061,docx strong candidates; current question image,p1_docx_strong_probe_no_solution_recovered,Word 强定位命中当前异步传输方式题图；后续候选为 I/O 总览、I/O 接口、SPOOLing、CPU 状态转换和跨科目材料,候选证据保留在 indexes/docx-candidates/p1_solution_probe_strong_batch_f_2026-07-03；不回填图片,继续补独立解析图；Tutor 范围 CO06-05
2026-07-03,CO_UNK_065,docx strong candidates; current question image,p1_docx_strong_probe_no_solution_recovered,Word 强定位命中当前 DMA 周期挪用题图；后续候选为 DMA 同主题不同题或手写解析材料,候选证据保留在 indexes/docx-candidates/p1_solution_probe_strong_batch_f_2026-07-03；不回填图片,继续补独立解析图；Tutor 范围 CO06-18
2026-07-03,CO_UNK_068,docx strong candidates; current question image,p1_docx_strong_probe_no_solution_recovered,Word 强定位候选含 Cache 同主题题和映射关系/主存分块示意图，但不是当前文字卡题直接解析图；另有流水线错绑材料,候选证据保留在 indexes/docx-candidates/p1_solution_probe_strong_batch_f_2026-07-03；不回填图片,继续补原题扫描图和独立解析图；Tutor 范围 CO03-14
2026-07-03,CO_UNK_069,docx strong candidates; current question image,p1_docx_strong_probe_no_solution_recovered,Word 强定位候选为当前题图、图/流水线相邻材料或旧题图版本；未发现本道独立解析图,候选证据保留在 indexes/docx-candidates/p1_solution_probe_strong_batch_g_2026-07-03；不回填图片,继续补独立解析图；Tutor 范围 CO05-22
2026-07-03,DS_2023_002,docx strong candidates; current question image,p1_docx_strong_probe_no_solution_recovered,Word 强定位候选为当前题图、顺序表串讲封面、代码材料或其他顺序表题；未发现本道独立解析图,候选证据保留在 indexes/docx-candidates/p1_solution_probe_strong_batch_g_2026-07-03；不回填图片,继续补独立解析图；Tutor 范围 DS01-11
2026-07-03,DS_2023_004,docx strong candidates; current question image,p1_docx_strong_probe_no_solution_recovered,Word 强定位候选为当前题图、B+ 树结构示意和存储系统图示；未发现本道独立解析图,候选证据保留在 indexes/docx-candidates/p1_solution_probe_strong_batch_g_2026-07-03；不回填图片,继续补独立解析图；Tutor 范围 DS07-13
2026-07-03,OS_2023_003,docx strong candidates; current question image,p1_docx_strong_probe_no_solution_recovered,Word 强定位候选为当前题图、相邻操作系统题、图/B 树/最小生成树等跨主题材料；未发现本道独立解析图,候选证据保留在 indexes/docx-candidates/p1_solution_probe_strong_batch_g_2026-07-03；不回填图片,继续补独立解析图且正式 ID 迁移待确认；Tutor 范围 OS03-34
2026-07-03,CN_2024_002,docx strong candidates; current question image,p1_docx_strong_probe_no_solution_recovered,Word 强定位候选为当前调制题旧版本和相邻通信题图；未发现本道独立解析图,候选证据保留在 indexes/docx-candidates/p1_solution_probe_strong_batch_g_2026-07-03；不回填图片,继续补独立解析图；Tutor 范围 CN02-18
2026-07-03,CN_UNK_048,docx strong candidates; current question image,p1_docx_strong_probe_no_solution_recovered,Word 强定位候选为当前题图、相邻网络题和通信示意图；未发现本道独立解析图,候选证据保留在 indexes/docx-candidates/p1_solution_probe_strong_batch_h_2026-07-03；不回填图片,继续补独立解析图；Tutor 范围 CN03-15
2026-07-03,CO_2016_002,docx strong candidates; current question image,p1_docx_strong_probe_no_solution_recovered,Word 强定位候选为当前题图、I/O 相邻材料和跨主题示意图；未发现本道独立解析图,候选证据保留在 indexes/docx-candidates/p1_solution_probe_strong_batch_h_2026-07-03；不回填图片,继续补独立解析图；Tutor 范围 CO06-06
2026-07-03,CO_2021_001,legacy docx candidates contact sheet,p0_legacy_candidates_no_correct_asset,旧候选 25 图主要为 Cache、存储器、网络协议、通信链路或相邻题材料；未发现 FLOPS/PFLOPS 正确题图或解析图,证据图保留在 indexes/qa-contact-sheets/CO_2021_001-legacy-candidates-review-2026-07-03.png；不回填图片；正式 408 不写图或答案,继续从 MarginNote 4 右侧搜索或新导出源补正确 FLOPS/PFLOPS 题图解析；Tutor 范围 CO01-16
2026-07-03,CO_UNK_004,question-01.png; solution-01.png; detail card QA note,solution_bound_batch_l_reviewed,题图与解析图同属虚拟存储器管理方式与交换单位判断题；当前绑定正确,追加详情卡 QA 说明；不改正式关系网,继续后续已有解析图抽检；Tutor 范围 CO03-22
2026-07-03,CO_UNK_005,question-01.png; solution-01.png; detail card QA note,solution_bound_batch_l_reviewed,题图与解析图同属虚拟存储透明性判断题；当前绑定正确,追加详情卡 QA 说明；不改正式关系网,继续后续已有解析图抽检；Tutor 范围 CO03-22
2026-07-03,CO_UNK_038,question-01.png; solution-01.png; detail card QA note,solution_bound_batch_l_reviewed,题图与解析图同属流水线数据相关和转发边界主题；当前绑定正确,追加详情卡 QA 说明；不改正式关系网,继续后续已有解析图抽检；Tutor 范围 CO05-22
2026-07-03,CO_UNK_050,question-01.png; solution-01.png; detail card QA note,solution_bound_batch_l_reviewed,题图与解析图同属硬布线控制器微操作控制信号形成主题；当前绑定正确,追加详情卡 QA 说明；不改正式关系网,继续后续已有解析图抽检；Tutor 范围 CO05-14
2026-07-03,DS_2022_002,question-01.png; solution-01.png; detail card corrected,solution_bound_batch_l_text_mismatch_fixed,题图与解析图匹配内部排序适用场景；原折叠解析文字串入外部排序/置换选择材料,删除错配解析文字并保留正确解析图；不改正式关系网,继续后续已有解析图抽检；Tutor 范围 DS08-18/DS08-04/DS08-08
2026-07-03,CN_2020_001,question-01.png; solution-01.png; detail card QA note,solution_bound_batch_m_reviewed,题图与解析图同属协议三要素和时序判断主题；当前绑定正确,保留已收敛详情卡解析文字；不改正式关系网,继续后续已有解析图抽检；Tutor 范围 CN01-19
2026-07-03,CN_2024_001,question-01.png; solution-01.png; detail card QA note,solution_bound_batch_m_reviewed,题图与解析图同属多路径吞吐量和瓶颈判断主题；当前绑定正确,保留已收敛详情卡解析文字；不改正式关系网,继续后续已有解析图抽检；Tutor 范围 CN01-13
2026-07-03,CO_UNK_002,wrongbound question-01.png; wrongbound solution-01.png; quarantine,solution_bound_batch_m_wrong_binding_quarantined,当前题图和解析图均为 Flash 存储器材料 与正式 HCO_0002/CO_UNK_002 的 CPU 直接访问地址类型主题不一致,隔离错绑图片；详情卡改为题图解析待补；不改正式关系网,从 MarginNote 或新导出源补正确题图和解析图；Tutor 范围 CO03-21/CO03-12/OS03-04
2026-07-03,OS_2011_001,question-01.png; solution-01.png; detail card QA note,solution_bound_batch_m_reviewed,题图与解析图同属逻辑地址形成和地址转换边界主题；当前绑定正确,追加详情卡 QA 说明；不改正式关系网,继续后续已有解析图抽检；Tutor 范围 OS03-02/OS03-04
2026-07-03,OS_2022_002,question-01.png; solution-01.png; detail card corrected,solution_bound_batch_m_text_mismatch_fixed,题图与解析图匹配多道程序/批处理系统特点主题；原折叠解析文字串入操作系统运行机制材料,删除错配解析文字并保留正确解析图；不改正式关系网,继续后续已有解析图抽检；Tutor 范围 OS01-05
2026-07-03,CO_UNK_003,question-01.png; solution-01.png; detail card QA note,solution_bound_batch_n_text_replacement_original_scan_pending,当前题图与解析图同属 DRAM/SDRAM 辨析主题；第一屏为无答案文字复做卡,保留文字卡替代图并追加 QA 说明；不改正式关系网,后续补原题扫描图；Tutor 范围 CO03-03
2026-07-03,CO_UNK_019,question-01.png; solution-01.png; detail card QA note,solution_bound_batch_n_text_replacement_original_scan_pending,当前题图与解析图同属相对寻址偏移基准主题；第一屏为文字卡替代图,保留文字卡替代图并追加 QA 说明；不改正式关系网,后续补原题扫描图；Tutor 范围 CO04-08
2026-07-03,CO_UNK_020,question-01.png; solution-01.png; detail card QA note,solution_bound_batch_n_text_replacement_original_scan_pending,当前题图与解析图同属相对寻址转移指令主题；第一屏为文字卡替代图,保留文字卡替代图并追加 QA 说明；不改正式关系网,后续补原题扫描图；Tutor 范围 CO04-16
2026-07-03,CO_UNK_055,question-01.png; solution-01.png; detail card corrected,solution_bound_batch_n_text_consolidated_aux_solution,题图与解析图同属高级流水线/RAW 相关主题；解析图为五段流水线辅助图 原折叠文字串入多类指令和多处理器讲义,收敛详情卡折叠文字；不改正式关系网,继续后续已有解析图抽检；Tutor 范围 CO05-22
2026-07-03,DS_2019_001,question-01.png; solution-01.png; detail card QA note,solution_bound_batch_n_handwritten_solution,题图与解析图同属表达式 DAG 合并重复子表达式主题；解析图含手写图示且匹配本道,追加详情卡 QA 说明；不改正式关系网,继续后续已有解析图抽检；Tutor 范围 DS05-08
2026-07-03,DS_2020_003,question-01.png; solution-01.png; detail card QA note,solution_bound_batch_o_reviewed,题图与解析图同属 4 阶 B 树插入和根结点关键字判断主题；当前绑定正确,替换原答案提示为图片 QA 说明；不改正式关系网,继续后续已有解析图抽检；Tutor 范围 DS07-14/DS07-13
2026-07-03,DS_2021_001,question-01.png; solution-01.png; detail card QA note,solution_bound_batch_o_reviewed,题图与解析图同属 AVL 插入后最小不平衡子树定位和旋转调整主题；当前绑定正确,替换原答案提示为图片 QA 说明；不改正式关系网,继续后续已有解析图抽检；Tutor 范围 DS07-11
2026-07-03,DS_2021_002,question-01.png; solution-01.png; detail card QA note,solution_bound_batch_o_reviewed,题图与解析图同属 3 阶 B 树给定层关键字数条件下的结点数上界判断主题；当前绑定正确,替换原答案提示为图片 QA 说明；不改正式关系网,继续后续已有解析图抽检；Tutor 范围 DS07-13
2026-07-03,DS_2022_001,question-01.png; solution-01.png; detail card QA note,solution_bound_batch_o_handwritten_solution,题图与解析图同属 B 树删除后根结点关键字调整主题；解析图含手写推演且匹配本道,追加详情卡 QA 说明；不改正式关系网,继续后续已有解析图抽检；Tutor 范围 DS07-15/DS07-13
2026-07-03,OS_2009_001,question-01.png; solution-01.png; detail card QA note,solution_bound_batch_o_reviewed,题图与解析图同属单处理机系统中进程并发和设备并行工作对象辨析主题；当前绑定正确,替换原解析待补占位为图片 QA 说明；不改正式关系网,继续后续已有解析图抽检；Tutor 范围 OS01-01
2026-07-03,OS_UNK_020,question-01.png; solution-01.png; detail card QA note,solution_bound_batch_o_reviewed,题图与解析图同属就绪队列和阻塞队列数量上界及死锁边界辨析主题；当前绑定正确,追加详情卡 QA 说明；不改正式关系网,当前已有解析图绑定复核清零；Tutor 范围 OS02-44/OS02-05
2026-07-03,CO_2021_001,legacy candidates contact sheet; focused local search note,p0_hard_gap_rechecked_no_candidate,重新直接查看旧候选总览且未发现 FLOPS/PFLOPS 正确题图或解析图；Word 精确节点仍为 CO_2020_001 错绑资产,不回填图片；新增聚焦复核说明；不改正式关系网,继续从 MarginNote 右侧搜索或新导出源补正确题图解析；Tutor 范围 CO01-16/CO01-14/CO01-15/CO01-09
2026-07-03,CO_UNK_002,quarantine wrongbound question and solution images,p0_hard_gap_rechecked_wrong_binding,直接查看隔离题图和解析图均为 Flash 存储器材料；和 CPU 直接访问地址类型主题不一致,校正 manifest 和手动补图清单；不回填图片；不改正式关系网,继续从 MarginNote 右侧搜索或新导出源补正确题图解析；Tutor 范围 CO03-21/CO03-12/OS03-04
2026-07-03,CO_UNK_013,question-01.png; metadata-candidates-current-recheck2 contact sheet,metadata_candidate_rechecked_source_chain_pending,当前题图为 ISA/指令系统文字卡替代图且主题匹配；仍无独立解析图；与 CO_2013_002 来源链污染未解除,保留来源链待确认；不合并节点；不改正式关系网,后续补原题扫描图或等待用户确认来源链；Tutor 范围 CO04-01/CO04-02/CO04-08/CO04-22
2026-07-03,OS_UNK_121,question-01.png; metadata-candidates-current-recheck2 contact sheet,metadata_candidate_rechecked_possible_duplicate_pending,当前题图为死锁策略分类文字卡替代图；与 OS_2019_001 路径高度重合但来源 ID 和正式年份未确认,保留可能重复待确认；不合并节点；不改正式关系网,后续补原题扫描图/来源 ID/独立解析图；Tutor 范围 OS02-44/OS02-47/OS02-48/OS02-49
2026-07-03,CO_2022_003,question-01.png; solution-01.png; metadata-candidates-current-recheck2 contact sheet,metadata_candidate_rechecked_year_conflict,题图与解析图同属 CPU 执行时间主题且绑定正确；图面年份与当前正式 ID 年份冲突继续成立,只登记迁移待确认；不改正式 ID；不改正式关系网,等待用户确认是否迁移为未占用候选 ID；Tutor 范围 CO01-14/CO01-13
2026-07-03,OS_2016_004,question-01.png; metadata-candidates-current-recheck2 contact sheet,metadata_candidate_rechecked_year_conflict,题图主题与 C-SCAN 磁盘调度匹配；图面年份与当前正式 ID 年份冲突继续成立,只登记迁移待确认；不改正式 ID；不改正式关系网,等待用户确认是否迁移为未占用候选 ID；Tutor 范围 OS05-29/OS05-26
2026-07-03,OS_2023_003,question-01.png; metadata-candidates-current-recheck2 contact sheet,metadata_candidate_rechecked_year_conflict_solution_pending,题图主题与工作集/抖动治理匹配；图面年份与当前正式 ID 年份冲突继续成立；仍缺独立解析图,只登记迁移待确认；不改正式 ID；不改正式关系网,等待用户确认是否迁移为未占用候选 ID并继续补独立解析图；Tutor 范围 OS03-34
2026-07-03,CN_UNK_048,question-01.png; p1-solution-missing-batch7 contact sheet,p1_solution_missing_batch7_question_ok,题图清晰且主题与 MAC 确认机制安全卡一致；未见新作答痕迹,追加详情卡 QA 说明；不改正式关系网,继续补独立解析图；Tutor 范围 CN03-15
2026-07-03,CO_2016_002,question-01.png; p1-solution-missing-batch7 contact sheet,p1_solution_missing_batch7_question_ok,题图清晰且主题与 I/O 硬件机制识别安全卡一致；未见新作答痕迹,追加详情卡 QA 说明；不改正式关系网,继续补独立解析图；Tutor 范围 CO06-06
2026-07-03,CO_2015_001,question-01.png; p1-solution-missing-batch7 contact sheet,p1_solution_missing_batch7_question_ok,题图清晰且主题与硬件直接执行对象辨析安全卡一致,追加详情卡 QA 说明；不改正式关系网,继续补独立解析图；Tutor 范围 CO01-06
2026-07-03,CO_2016_003,question-01.png; p1-solution-missing-batch7 contact sheet,p1_solution_missing_batch7_question_ok,题图清晰且主题与翻译程序输入输出边界安全卡一致,追加详情卡 QA 说明；不改正式关系网,继续补独立解析图；Tutor 范围 CO01-06
2026-07-03,CO_2018_002,question-01.png; p1-solution-missing-batch7 contact sheet,p1_solution_missing_batch7_question_ok,题图清晰且 CF/OF 判断参数完整；主题与标志位安全卡一致,追加详情卡 QA 说明；不改正式关系网,继续补独立解析图；Tutor 范围 CO02-14
2026-07-03,OS_2010_001,question-01.png; solution-01.png; solution-bound-batch-p contact sheet,solution_bound_batch_p_reviewed,题图与解析图同属操作系统提供给应用程序接口辨析主题；原折叠文字串入 OS 特征和发展分类材料,清理错配文字；不改正式关系网,继续后续图像绑定抽检；Tutor 范围 OS01-17
2026-07-03,OS_2012_001,question-01.png; solution-01.png; solution-bound-batch-p contact sheet,solution_bound_batch_p_reviewed,题图与解析图同属进程和线程资源/调度分工辨析主题；原折叠文字串入进程状态转换材料,清理错配文字；不改正式关系网,继续后续图像绑定抽检；Tutor 范围 OS02-14
2026-07-03,OS_2014_001,question-01.png; solution-01.png; solution-bound-batch-p contact sheet,solution_bound_batch_p_reviewed,题图与解析图同属用户态可执行指令与特权指令边界主题；当前绑定正确,替换解析文字待补占位为 QA 说明；不改正式关系网,继续后续图像绑定抽检；Tutor 范围 OS01-15
2026-07-03,OS_2021_002,question-01.png; solution-01.png; solution-bound-batch-p contact sheet,solution_bound_batch_p_reviewed,题图与解析图同属内核态可执行指令和特权指令边界主题；当前绑定正确,替换解析文字待补占位为 QA 说明；不改正式关系网,继续后续图像绑定抽检；Tutor 范围 OS01-15
2026-07-03,OS_2021_003,question-01.png; solution-01.png; solution-bound-batch-p contact sheet,solution_bound_batch_p_reviewed,题图与解析图同属系统调用完成操作边界主题；当前绑定正确,替换解析文字待补占位为 QA 说明；不改正式关系网,继续后续图像绑定抽检；Tutor 范围 OS01-17
2026-07-03,OS_2022_003,question-01.png; solution-01.png; solution-bound-batch-p contact sheet,solution_bound_batch_p_reviewed,题图与解析图同属系统调用过程中硬件与操作系统分工主题；当前绑定正确,替换解析文字待补占位为 QA 说明；不改正式关系网,继续后续图像绑定抽检；Tutor 范围 OS01-17
2026-07-03,CO_2020_001,question-01.png; solution-01.png,solution_bound_batch_p_tail_reviewed,题图与解析图同属机器字长与相关部件宽度边界主题；当前绑定正确且已从 CO_2021_001 错绑资产转正,追加详情卡 QA 说明；不改正式关系网,已有独立解析图绑定复核尾项完成；Tutor 范围 CO01-17
2026-07-03,CO_UNK_068,question-01.png; original-scan-pending-batch-q contact sheet,original_scan_pending_batch_q_reviewed,当前为 Cache 编址关系文字卡替代题图；第一屏可阶段性复做且未见解析提前暴露；无独立解析图,追加详情卡 QA 说明；不改正式关系网,继续补原题扫描图和独立解析图；Tutor 范围 CO03-14
2026-07-03,CO_2013_002,question-01.png; solution-01.png; original-scan-pending-batch-q contact sheet,original_scan_pending_batch_q_reviewed,当前为 ISA/指令系统文字卡替代题图并有同主题解析截图；仍非原题扫描图且来源链待确认,追加详情卡 QA 说明；不改正式关系网,继续补原题扫描图并等待来源链确认；Tutor 范围 CO04-01
2026-07-03,CO_UNK_001,question-01.png; solution-01.png; original-scan-pending-batch-q contact sheet,original_scan_pending_batch_q_reviewed,当前文字卡题图与解析图同属 Cache 失效传送粒度主题；第一屏未提前展示解析,追加详情卡 QA 说明；不改正式关系网,继续补原题扫描图；Tutor 范围 CO03-19
2026-07-03,CO_UNK_003,question-01.png; solution-01.png; original-scan-pending-batch-q contact sheet,original_scan_pending_batch_q_reviewed,当前无答案文字复做卡与折叠解析图同属 DRAM/SDRAM 辨析主题；仍非原始扫描题图,追加详情卡 QA 说明；不改正式关系网,继续补原始扫描题图；Tutor 范围 CO03-03
2026-07-03,CO_UNK_020,question-01.png; solution-01.png; original-scan-pending-batch-q contact sheet,original_scan_pending_batch_q_reviewed,当前文字卡题图与解析图同属相对寻址转移指令主题；仍非原题扫描图,追加详情卡 QA 说明；不改正式关系网,继续补原题扫描图；Tutor 范围 CO04-16/CO04-08
2026-07-03,CO_UNK_019,question-01.png; solution-01.png; original-scan-pending-batch-q contact sheet,original_scan_pending_batch_q_reviewed,当前文字卡题图与解析图同属相对寻址偏移基准主题；第一屏可复做且解析保留在折叠区,追加详情卡 QA 说明；不改正式关系网,继续补原题扫描图；Tutor 范围 CO04-08
2026-07-03,OS_UNK_121,question-01.png; original-scan-pending-batch-q contact sheet,original_scan_pending_batch_q_reviewed,当前死锁处理策略分类文字替代题图第一屏不暴露答案结论；仍缺原题扫描图/来源 ID/正式年份/独立解析图,追加详情卡 QA 说明；不改正式关系网,继续来源链人工确认；Tutor 范围 OS02-47/OS02-44
2026-07-03,OS_UNK_122,question-01.png; original-scan-pending-batch-q contact sheet,original_scan_pending_batch_q_reviewed,当前分段地址结构文字替代题图第一屏不暴露答案结论；仍缺原题扫描图/来源 ID/正式年份/独立解析图,追加详情卡 QA 说明；不改正式关系网,继续来源链人工确认；Tutor 范围 OS03-20
2026-07-03,OS_2016_001,question-01.png; handwriting-overlay-batch-r contact sheets,handwriting_overlay_batch_r_retained,黄色标记位于代码区且不遮挡题面主体；未见答案提前暴露,未改图片；追加详情卡 QA 说明；不改正式关系网,Tutor 范围 OS02-32/OS02-33
2026-07-03,OS_UNK_021,question-01.png; handwriting-overlay-batch-r contact sheets,handwriting_overlay_batch_r_cleaned,左侧红叉作答痕迹已清理；题面主体仍完整可读,备份原图并替换当前题图；不改正式关系网,Tutor 范围 OS02-44/OS02-47
2026-07-03,OS_UNK_050,question-01.png; handwriting-overlay-batch-r contact sheets,handwriting_overlay_batch_r_cleaned,左侧红叉作答痕迹已清理；题面主体仍完整可读,备份原图并替换当前题图；不改正式关系网,Tutor 范围 OS03-20/OS03-22
2026-07-03,OS_UNK_060,question-01.png; handwriting-overlay-batch-r contact sheets,handwriting_overlay_batch_r_cleaned,左侧红叉作答痕迹已清理；题面主体仍完整可读,备份原图并替换当前题图；不改正式关系网,Tutor 范围 OS03-01/OS03-02
2026-07-03,OS_UNK_064,question-01.png; handwriting-overlay-batch-r contact sheets,handwriting_overlay_batch_r_cleaned,左侧红叉作答痕迹已清理；题面主体仍完整可读,备份原图并替换当前题图；不改正式关系网,Tutor 范围 OS03-20/OS03-22
2026-07-03,OS_UNK_110,question-01.png; handwriting-overlay-batch-r contact sheets,handwriting_overlay_batch_r_cleaned,左侧红叉作答痕迹已清理；题面主体仍完整可读,备份原图并替换当前题图；不改正式关系网,Tutor 范围 OS05-31/OS05-32
2026-07-03,OS_UNK_001,question-01.png; annotation-overlay-batch-s contact sheets,annotation_overlay_batch_s_retained,题图清晰且未见会提示答案的可疑标注,未改图片；追加详情卡 QA 说明；不改正式关系网,Tutor 范围 OS01-07/OS01-09
2026-07-03,OS_UNK_003,question-01.png; annotation-overlay-batch-s contact sheets,annotation_overlay_batch_s_retained,题图清晰且未见会提示答案的可疑标注,未改图片；追加详情卡 QA 说明；不改正式关系网,Tutor 范围 OS01-07/OS01-09
2026-07-03,OS_UNK_008,question-01.png; annotation-overlay-batch-s contact sheets,annotation_overlay_batch_s_retained,题图清晰且未见会提示答案的可疑标注,未改图片；追加详情卡 QA 说明；不改正式关系网,Tutor 范围 OS01-01/OS01-06
2026-07-03,OS_UNK_010,question-01.png; annotation-overlay-batch-s contact sheets,annotation_overlay_batch_s_retained,题图清晰且未见会提示答案的可疑标注,未改图片；追加详情卡 QA 说明；不改正式关系网,Tutor 范围 OS01-17/OS01-15
2026-07-03,OS_UNK_011,question-01.png; annotation-overlay-batch-s contact sheets,annotation_overlay_batch_s_retained,题图清晰且未见会提示答案的可疑标注,未改图片；追加详情卡 QA 说明；不改正式关系网,Tutor 范围 OS01-17/OS01-15
2026-07-03,OS_UNK_032,question-01.png; annotation-overlay-batch-s contact sheets,annotation_overlay_batch_s_retained,黄色高亮覆盖题设数值；清理会损伤题面文字；未见单独答案暴露,保留标注并登记；不改正式关系网,Tutor 范围 OS02-37/OS02-38/OS02-39
2026-07-03,OS_UNK_034,question-01.png; annotation-overlay-batch-s contact sheets,annotation_overlay_batch_s_cleaned,红点标注已清理；题面主体完整可读；空白区仅有极淡残影,备份原图并替换当前题图；不改正式关系网,Tutor 范围 OS02-11/OS02-12
2026-07-03,OS_UNK_049,question-01.png; annotation-overlay-batch-s contact sheets,annotation_overlay_batch_s_cleaned,左侧红叉和边缘标注已清理；题面主体完整可读,备份原图并替换当前题图；不改正式关系网,Tutor 范围 OS03-20/OS03-21
2026-07-03,OS_UNK_063,question-01.png; annotation-overlay-batch-s contact sheets,annotation_overlay_batch_s_cleaned,蓝紫虚线框和蓝色点状标注已清理；页表主体完整可读,备份原图并替换当前题图；不改正式关系网,Tutor 范围 OS03-17/OS03-19
2026-07-03,CO_UNK_013,question-01.png; folded solution text; hard-gap-batch-ab contact sheet,source_chain_pending_text_verified,当前为 MarginNote 文字卡替代图而非原扫描图；题图清晰可阶段性复做；无独立解析图；折叠解析文字与 ISA/指令系统/机器语言关系主题一致；来源链仍待确认,追加详情卡 QA 说明；不合并 CO_2013_002；不改正式关系网,Tutor 范围 CO04-01/CO04-02/CO04-08/CO04-22
2026-07-03,DS_2020_001,question-01.png; folded solution text; hard-gap-batch-ab contact sheet,locator_marker_pending_text_verified,题图清晰可复做；无独立解析图；折叠解析文字与对称矩阵上三角按列优先压缩下标主题一致；来源 ID 和段落号已有但定位标记仍未提取,追加详情卡 QA 说明；不改正式关系网,Tutor 范围 DS03-15
2026-07-03,DS_2023_001,question-01.png; folded solution text; hard-gap-batch-ab contact sheet,locator_marker_pending_text_cleanup,题图清晰可复做；无独立解析图；折叠解析文字与稀疏矩阵三元组表全局规模信息主题一致；已清理串入的字符串/KMP材料；定位标记仍未提取,清理详情卡串题尾巴并追加 QA；不改正式关系网,Tutor 范围 DS03-16
2026-07-03,DS_2024_002,question-01.png; folded solution text; hard-gap-batch-ab contact sheet,source_locator_pending_text_cleanup,题图清晰可复做；无独立解析图；折叠解析文字与折半查找适用条件和静态链表不能随机定位中点主题一致；已清理串入的 BST/AVL 材料；来源定位仍待补,清理详情卡串题尾巴并追加 QA；不改正式关系网,Tutor 范围 DS07-04/DS02-12/DS02-13
2026-07-03,OS_2010_002,question-01.png; folded solution text; hard-gap-batch-ab contact sheet,source_locator_pending_text_verified,题图清晰可复做；无独立解析图；折叠解析文字与创建新进程触发事件和设备分配/调度边界主题一致；来源定位仍待补,追加详情卡 QA 说明；不改正式关系网,Tutor 范围 OS02-07/OS02-06/OS05-22/OS02-20
2026-07-03,DS_2018_001,question-01.png; folded solution text; source-locator-pending-batch-aa contact sheet,source_locator_pending_text_verified,题图清晰可复做；无独立解析图；折叠解析文字与 B 树高度和最少关键字数下界主题一致,追加详情卡 QA 说明；不改正式关系网,Tutor 范围 DS07-13
2026-07-03,DS_2019_002,question-01.png; folded solution text; source-locator-pending-batch-aa contact sheet,source_locator_pending_text_verified,题图清晰可复做；无独立解析图；折叠解析文字与线性探测失败 ASL 入口范围主题一致,追加详情卡 QA 说明；不改正式关系网,Tutor 范围 DS07-22/DS07-20
2026-07-03,DS_2020_002,question-01.png; folded solution text; source-locator-pending-batch-aa contact sheet,source_locator_pending_text_verified,题图和图结构清晰可复做；无独立解析图；折叠解析文字与 Kruskal 全局选边和判环主题一致,追加详情卡 QA 说明；不改正式关系网,Tutor 范围 DS06-16/DS06-14
2026-07-03,DS_2023_003,question-01.png; folded solution text; source-locator-pending-batch-aa contact sheet,source_locator_pending_text_verified,题图主体清晰可复做；浅水印不遮挡题设且不提示答案；无独立解析图；折叠解析文字与等权图 BFS 最短路径主题一致,追加详情卡 QA 说明；不改正式关系网,Tutor 范围 DS06-17/DS06-11/DS06-14
2026-07-03,DS_2023_005,question-01.png; folded solution text; source-locator-pending-batch-aa contact sheet,source_locator_pending_text_verified,题图主体清晰可复做；左上角轻微裁切标记不遮挡题面且不提示答案；无独立解析图；折叠解析文字与开放定址删除标记和失败 ASL 主题一致,追加详情卡 QA 说明；不改正式关系网,Tutor 范围 DS07-20/DS07-22
2026-07-03,CN_UNK_041,question-01.png; folded solution text; pass-question-only-batch-z contact sheets,pass_question_only_batch_z_cleaned,题图主体完整可读；左侧红色作答痕迹已清理；折叠解析与数据链路层功能和拥塞控制边界主题一致,备份原图并替换当前题图；追加详情卡 QA 说明；不改正式关系网,Tutor 范围 CN03-01
2026-07-03,CN_UNK_042,question-01.png; folded solution text; pass-question-only-batch-z contact sheets,pass_question_only_batch_z_cleaned,题图主体完整可读；左侧红色作答痕迹已清理；折叠解析与数据链路层协议功能边界主题一致,备份原图并替换当前题图；追加详情卡 QA 说明；不改正式关系网,Tutor 范围 CN03-01
2026-07-03,CN_UNK_043,question-01.png; folded solution text; pass-question-only-batch-z contact sheets,pass_question_only_batch_z_cleaned,题图主体完整可读；左侧红色作答痕迹已清理；折叠解析与数据链路层可靠传输和帧丢失处理主题一致,备份原图并替换当前题图；追加详情卡 QA 说明；不改正式关系网,Tutor 范围 CN03-01
2026-07-03,CN_UNK_045,question-01.png; folded solution text; pass-question-only-batch-z contact sheets,pass_question_only_batch_z_cleaned,题图主体完整可读；左侧红色作答痕迹已清理；折叠解析与以太网交换机转发依据主题一致,备份原图并替换当前题图；追加详情卡 QA 说明；不改正式关系网,Tutor 范围 CN03-21
2026-07-03,CN_UNK_056,question-01.png; folded solution text; pass-question-only-batch-z contact sheets,pass_question_only_batch_z_cleaned,题图主体完整可读；左侧红色作答痕迹已清理；折叠解析与 CRC 补零和模 2 除法步骤一致,备份原图并替换当前题图；追加详情卡 QA 说明；不改正式关系网,Tutor 范围 CN03-07
2026-07-03,CO_2012_001,question-01.png; folded solution text; pass-question-only-batch-z contact sheets,pass_question_only_batch_z_reviewed,题图主体完整可读；未见外加红色作答痕迹；折叠解析与用户态进入内核态入口机制主题一致,追加详情卡 QA 说明；不改图片；不改正式关系网,Tutor 范围 CO05-19/CO05-18/OS01-17
2026-07-03,CO_2013_003,question-01.png; folded solution text; pass-question-only-batch-z contact sheets,pass_question_only_batch_z_text_enriched,题图主体完整可读；未见外加红色作答痕迹；原折叠解析过薄,补足平均 CPI 与 MIPS 的计算核对过程；追加详情卡 QA 说明；不改正式关系网,Tutor 范围 CO01-13/CO01-14/CO01-15
2026-07-03,CO_2016_001,question-01.png; folded solution text; pass-question-only-batch-z contact sheets,pass_question_only_batch_z_reviewed,题图主体完整可读；未见外加红色作答痕迹；折叠解析与 I/O 接口功能和主机-外设桥接主题一致,追加详情卡 QA 说明；不改图片；不改正式关系网,Tutor 范围 CO06-06
2026-07-03,CO_2018_001,question-01.png; folded solution text; pass-question-only-batch-aa-co contact sheet,pass_question_only_batch_aa_text_cleanup,题图主体完整可读；未见外加作答痕迹；折叠解析尾部串入 C 语言类型扩展材料,清理非本道尾部材料并追加详情卡 QA；不改正式关系网,Tutor 范围 CO01-03/CO02-02/CO02-15
2026-07-03,CO_2022_001,question-01.png; folded solution text; pass-question-only-batch-aa-co contact sheet,pass_question_only_batch_aa_reviewed,题图主体完整可读；未见外加作答痕迹；折叠解析与中断 I/O 和数据丢失边界主题一致,追加详情卡 QA；不改图片；不改正式关系网,Tutor 范围 CO06-11
2026-07-03,CO_2023_001,question-01.png; folded solution text; pass-question-only-batch-aa-co contact sheet,pass_question_only_batch_aa_text_cleanup,题图主体完整可读；未见外加作答痕迹；折叠解析尾部串入中断/异常泛化材料,清理非本道尾部材料并追加详情卡 QA；不改正式关系网,Tutor 范围 CO06-18/CO06-11
2026-07-03,CO_2023_002,question-01.png; folded solution text; pass-question-only-batch-aa-co contact sheet,pass_question_only_batch_aa_reviewed,题图主体完整可读；未见外加作答痕迹；折叠解析与异常/中断检测时机和 EOI 方向主题一致,追加详情卡 QA；不改图片；不改正式关系网,Tutor 范围 CO06-11/CO05-18/CO05-19/CO05-20
2026-07-03,CO_2023_005,question-01.png; folded solution text; pass-question-only-batch-aa-co contact sheet,pass_question_only_batch_aa_text_cleanup,题图主体完整可读；未见外加作答痕迹；折叠解析尾部串入 ALU/逻辑电路/移位泛化材料,清理非本道尾部材料并追加详情卡 QA；不改正式关系网,Tutor 范围 CO02-14/CO02-12/CO02-13
2026-07-03,DS_2010_001,question-01.png; folded solution text; source-locator-pending-batch-x contact sheet,source_locator_pending_text_mismatch_fixed,题图清晰可复做且无答案提示；折叠解析尾部串入错科材料,清理串题材料并追加详情卡 QA 记录；不改正式关系网,继续补正式来源定位；Tutor 范围 DS05-02
2026-07-03,DS_2010_002,question-01.png; folded solution text; source-locator-pending-batch-x contact sheet,source_locator_pending_text_verified,题图清晰可复做且无答案提示；折叠解析与无向图最坏保证连通边数主题一致,追加详情卡 QA 记录；不改正式关系网,继续补正式来源定位；Tutor 范围 DS06-04
2026-07-03,DS_2010_003,question-01.png; folded solution text; source-locator-pending-batch-x contact sheet,source_locator_pending_text_verified,题图清晰可复做且无答案提示；折叠解析直接题解与快速排序递归深度主题一致,追加详情卡 QA 记录；不改正式关系网,继续补正式来源定位；Tutor 范围 DS08-08
2026-07-03,DS_2011_002,question-01.png; folded solution text; source-locator-pending-batch-x contact sheet,source_locator_pending_text_verified,题图清晰可复做且无答案提示；折叠解析与先序后序约束判断中序序列主题一致,追加详情卡 QA 记录；不改正式关系网,继续补正式来源定位；Tutor 范围 DS05-13
2026-07-03,DS_2012_001,question-01.png; folded solution text; source-locator-pending-batch-x contact sheet,source_locator_pending_text_verified,题图清晰可复做且无答案提示；折叠解析与先序后序判断根孩子和祖先关系主题一致,追加详情卡 QA 记录；不改正式关系网,继续补正式来源定位；Tutor 范围 DS05-13
2026-07-03,DS_2012_002,question-01.png; folded solution text; source-locator-pending-batch-y contact sheet,source_locator_pending_text_cleanup,题图清晰可复做且无答案提示；折叠解析主题正确但含非直接复做类比材料,收敛跨领域类比并追加详情卡 QA 记录；不改正式关系网,继续补正式来源定位；Tutor 范围 DS06-14
2026-07-03,DS_2012_003,question-01.png; folded solution text; source-locator-pending-batch-y contact sheet,source_locator_pending_text_verified,题图清晰可复做且无答案提示；折叠解析与拓扑序存在性和唯一性主题一致,追加详情卡 QA 记录；不改正式关系网,继续补正式来源定位；Tutor 范围 DS06-20
2026-07-03,DS_2012_004,question-01.png; folded solution text; source-locator-pending-batch-y contact sheet,source_locator_pending_text_verified,题图清晰可复做且无答案提示；折叠解析与 AVL 高度和平衡因子递推主题一致,追加详情卡 QA 记录；不改正式关系网,继续补正式来源定位；Tutor 范围 DS07-10
2026-07-03,DS_2013_001,question-01.png; folded solution text; source-locator-pending-batch-y contact sheet,source_locator_pending_text_verified,题图清晰可复做且无答案提示；折叠解析与 AOE 网关键路径覆盖主题一致,追加详情卡 QA 记录；不改正式关系网,继续补正式来源定位；Tutor 范围 DS06-21/DS06-23
2026-07-03,DS_2014_004,question-01.png; folded solution text; source-locator-pending-batch-y contact sheet,source_locator_pending_text_verified,题图清晰可复做且无答案提示；折叠解析与 4 阶 B 树结点数极值主题一致,追加详情卡 QA 记录；不改正式关系网,继续补正式来源定位；Tutor 范围 DS07-13
2026-07-03,DS_2014_005,question-01.png; folded solution text; source-locator-pending-batch-z contact sheet,source_locator_pending_text_verified,题图清晰可复做且浅色水印不遮挡；折叠解析与散列表堆积影响平均查找长度主题一致,追加详情卡 QA 记录；不改正式关系网,继续补正式来源定位；Tutor 范围 DS07-22/DS07-20
2026-07-03,DS_2015_004,question-01.png; folded solution text; source-locator-pending-batch-z contact sheet,source_locator_pending_text_verified_formal_protection_cleaned,题图清晰可复做且浅色水印不遮挡；折叠解析与小根堆删除堆顶向下调整主题一致,追加详情卡 QA 记录并清理正式层答案/错选泄露,继续补正式来源定位；Tutor 范围 DS05-22
2026-07-03,DS_2015_005,question-01.png; folded solution text; source-locator-pending-batch-z contact sheet,source_locator_pending_text_verified_formal_protection_cleaned,题图清晰可复做且无答案提示；折叠解析与排序移动次数受初态影响主题一致,追加详情卡 QA 记录并清理正式层答案/错选泄露,继续补正式来源定位；Tutor 范围 DS08-17
2026-07-03,DS_2017_001,question-01.png; folded solution text; source-locator-pending-batch-z contact sheet,source_locator_pending_text_verified,题图清晰可复做且无答案提示；折叠解析与无向图握手定理和最少顶点数极值主题一致,追加详情卡 QA 记录；不改正式关系网,继续补正式来源定位；Tutor 范围 DS06-01/DS06-02
2026-07-03,DS_2017_002,question-01.png; folded solution text; source-locator-pending-batch-z contact sheet; direct original image view,source_locator_pending_text_verified,题图完整清晰可复做且无答案提示；折叠解析与折半查找判定树形态约束主题一致,追加详情卡 QA 记录；不改正式关系网,继续补正式来源定位；Tutor 范围 DS07-04
2026-07-03,CN_UNK_004,question-01.png; pass-question-only-batch-x contact sheets,pass_question_only_batch_x_cleaned,题图与 OSI 端到端功能层次定位主题一致；左侧红色作答痕迹已清理；折叠解析主题匹配,备份原图并替换当前题图；追加详情卡 QA；后续可补独立解析图；不改正式关系网,Tutor 范围 CN01-22
2026-07-03,CN_UNK_006,question-01.png; pass-question-only-batch-x contact sheets,pass_question_only_batch_x_cleaned,题图与表示层功能辨析主题一致；左侧红色作答痕迹已清理；折叠解析主题匹配,备份原图并替换当前题图；追加详情卡 QA；后续可补独立解析图；不改正式关系网,Tutor 范围 CN01-22
2026-07-03,CN_UNK_014,question-01.png; pass-question-only-batch-x contact sheets,pass_question_only_batch_x_cleaned,题图与互联网核心技术主题一致；左侧红色作答痕迹已清理；折叠解析主体匹配；OSI 分层补充材料保留,备份原图并替换当前题图；追加详情卡 QA；后续可补独立解析图；不改正式关系网,Tutor 范围 CN01-02/CN01-22
2026-07-03,CN_UNK_015,question-01.png; pass-question-only-batch-x contact sheets,pass_question_only_batch_x_text_cleanup,题图与计算机网络功能辨析主题一致；左侧红色作答痕迹已清理；折叠解析串入交换方式材料已删除,备份原图并替换当前题图；追加详情卡 QA；后续可补独立解析图；不改正式关系网,Tutor 范围 CN01-01
2026-07-03,CN_UNK_017,question-01.png; pass-question-only-batch-x contact sheets,pass_question_only_batch_x_cleaned,题图与发送时延/传播时延/单位换算主题一致；左侧红色作答痕迹已清理；折叠解析主题匹配,备份原图并替换当前题图；追加详情卡 QA；后续可补独立解析图；不改正式关系网,Tutor 范围 CN01-10
2026-07-03,CN_UNK_022,question-01.png; pass-question-only-batch-x contact sheets,pass_question_only_batch_x_cleaned,题图与网络中计算机自治和互联主题一致；左侧红色作答痕迹已清理；折叠解析主体匹配；网络功能补充材料保留,备份原图并替换当前题图；追加详情卡 QA；后续可补独立解析图；不改正式关系网,Tutor 范围 CN01-03/CN01-01
2026-07-03,CN_UNK_023,question-01.png; pass-question-only-batch-x contact sheets,pass_question_only_batch_x_cleaned,题图与同轴电缆以太网通信方式主题一致；左侧红色作答痕迹已清理；折叠解析主题匹配,备份原图并替换当前题图；追加详情卡 QA；后续可补独立解析图；不改正式关系网,Tutor 范围 CN02-27
2026-07-03,CN_UNK_024,question-01.png; pass-question-only-batch-x contact sheets,pass_question_only_batch_x_cleaned,题图与同轴电缆和双绞线对比主题一致；左侧红色作答痕迹已清理；折叠解析主题匹配,备份原图并替换当前题图；追加详情卡 QA；后续可补独立解析图；不改正式关系网,Tutor 范围 CN02-27
2026-07-03,CN_UNK_025,question-01.png; pass-question-only-batch-y contact sheets,pass_question_only_batch_y_cleaned,题图与单模光纤原理主题一致；左侧红色作答痕迹已清理；折叠解析主题匹配,备份原图并替换当前题图；追加详情卡 QA；后续可补独立解析图；不改正式关系网,Tutor 范围 CN02-03
2026-07-03,CN_UNK_026,question-01.png; pass-question-only-batch-y contact sheets,pass_question_only_batch_y_text_cleanup,题图与物理层接口过程特性主题一致；左侧红色作答痕迹已清理；折叠解析串入中继器/集线器材料已删除,备份原图并替换当前题图；追加详情卡 QA；后续可补独立解析图；不改正式关系网,Tutor 范围 CN02-01
2026-07-03,CN_UNK_027,question-01.png; pass-question-only-batch-y contact sheets,pass_question_only_batch_y_cleaned,题图与奈奎斯特定理速率计算主题一致；左侧红色作答痕迹已清理；折叠解析主题匹配,备份原图并替换当前题图；追加详情卡 QA；后续可补独立解析图；不改正式关系网,Tutor 范围 CN02-15
2026-07-03,CN_UNK_031,question-01.png; pass-question-only-batch-y contact sheets,pass_question_only_batch_y_cleaned,题图与波特率和比特率换算主题一致；左侧红色作答痕迹已清理；顶部上一题裁切残留不遮挡本题；折叠解析主题匹配,备份原图并替换当前题图；追加详情卡 QA；后续可补独立解析图；不改正式关系网,Tutor 范围 CN02-13
2026-07-03,CN_UNK_032,question-01.png; pass-question-only-batch-y contact sheets,pass_question_only_batch_y_cleaned,题图与中继器连接范围主题一致；左侧红色作答痕迹已清理；折叠解析主题匹配,备份原图并替换当前题图；追加详情卡 QA；后续可补独立解析图；不改正式关系网,Tutor 范围 CN02-30
2026-07-03,CN_UNK_033,question-01.png; pass-question-only-batch-y contact sheets,pass_question_only_batch_y_cleaned,题图与集线器平均带宽分配主题一致；左侧红色作答痕迹已清理；折叠解析主题匹配,备份原图并替换当前题图；追加详情卡 QA；后续可补独立解析图；不改正式关系网,Tutor 范围 CN02-30
2026-07-03,CN_UNK_034,question-01.png; pass-question-only-batch-y contact sheets,pass_question_only_batch_y_cleaned,题图与集线器信号转发方式主题一致；左侧红色作答痕迹已清理；折叠解析主题匹配,备份原图并替换当前题图；追加详情卡 QA；后续可补独立解析图；不改正式关系网,Tutor 范围 CN02-30
2026-07-03,CN_UNK_038,question-01.png; pass-question-only-batch-y contact sheets,pass_question_only_batch_y_text_cleanup,题图与波特率和比特率计算主题一致；左侧红色作答痕迹已清理；折叠解析计算过程与标注结论不一致已修正,备份原图并替换当前题图；追加详情卡 QA；后续可补独立解析图；不改正式关系网,Tutor 范围 CN02-13
2026-07-03,DUP_GROUP_01,duplicate-question-image-candidates.csv; duplicate-question-review.md,duplicate_resolved_closed,active 重复题图候选表已清空；该组已在 duplicate review 中登记处理,收敛历史 QA 状态；不删除正式节点；不改正式关系网,后续只在重新出现同哈希候选时复核
2026-07-03,DUP_GROUP_02,duplicate-question-image-candidates.csv; duplicate-question-review.md,duplicate_resolved_closed,active 重复题图候选表已清空；该组已在 duplicate review 中登记处理,收敛历史 QA 状态；不删除正式节点；不改正式关系网,后续只在重新出现同哈希候选时复核
2026-07-03,DUP_GROUP_03,duplicate-question-image-candidates.csv; duplicate-question-review.md,duplicate_resolved_closed,active 重复题图候选表已清空；该组已在 duplicate review 中登记处理,收敛历史 QA 状态；不删除正式节点；不改正式关系网,后续只在重新出现同哈希候选时复核
2026-07-03,DUP_GROUP_04,duplicate-question-image-candidates.csv; duplicate-question-review.md,duplicate_resolved_closed,active 重复题图候选表已清空；该组已在 duplicate review 中登记处理,收敛历史 QA 状态；不删除正式节点；不改正式关系网,后续只在重新出现同哈希候选时复核
2026-07-03,DUP_GROUP_05,duplicate-question-image-candidates.csv; duplicate-question-review.md,duplicate_resolved_closed,active 重复题图候选表已清空；该组已在 duplicate review 中登记处理,收敛历史 QA 状态；不删除正式节点；不改正式关系网,后续只在重新出现同哈希候选时复核
2026-07-03,DUP_GROUP_06,duplicate-question-image-candidates.csv; duplicate-question-review.md,duplicate_resolved_closed,active 重复题图候选表已清空；该组已在 duplicate review 中登记处理,收敛历史 QA 状态；不删除正式节点；不改正式关系网,后续只在重新出现同哈希候选时复核
2026-07-03,DUP_GROUP_07,duplicate-question-image-candidates.csv; duplicate-question-review.md,duplicate_resolved_closed,active 重复题图候选表已清空；该组已在 duplicate review 中登记处理,收敛历史 QA 状态；不删除正式节点；不改正式关系网,后续只在重新出现同哈希候选时复核
2026-07-03,DUP_GROUP_09,duplicate-question-image-candidates.csv; duplicate-question-review.md,duplicate_resolved_closed,active 重复题图候选表已清空；该组已在 duplicate review 中登记处理,收敛历史 QA 状态；不删除正式节点；不改正式关系网,后续只在重新出现同哈希候选时复核
2026-07-03,OS_UNK_026,question-01.png; watermark-duplicate-batch-t contact sheet,red_trace_cleaned_duplicate_resolved,旧 duplicate_candidate 为历史台账残留；本轮直接查看题图并清理题号左侧红叉；题面主体完整可读,备份原图并替换当前题图；追加详情卡 QA；不改正式关系网,Tutor 范围 OS02-37/OS02-38
2026-07-03,OS_UNK_041,question-01.png; watermark-duplicate-batch-t contact sheet,watermark_retained_readable,水印覆盖但题面文字仍可读；未见单独答案或作答方向提示；清理会损伤题面文字,保留水印并登记；追加详情卡 QA；不改正式关系网,Tutor 范围 OS02-06
2026-07-03,CO_2018_003,question-01.png; original-scan-pending-batch-u contact sheet,original_scan_pending_batch_u_reviewed,当前为文字重排卡而非原始扫描图；第一屏可复做且未见答案标注；折叠解析主题匹配,追加详情卡 QA；继续补原题扫描图和来源定位；不改正式关系网,Tutor 范围 CO02-20
2026-07-03,CO_2024_004,question-01.png; original-scan-pending-batch-u contact sheet,original_scan_pending_batch_u_reviewed,当前为 MarginNote 文字卡渲染图而非原始扫描图；第一屏可复做且未见答案标注；折叠解析主题匹配,追加详情卡 QA；继续补原题扫描图；不改正式关系网,Tutor 范围 CO02-17
2026-07-03,CO_UNK_010,question-01.png; original-scan-pending-batch-u contact sheet,original_scan_pending_batch_u_text_cleanup,当前为文字重排卡而非原始扫描图；第一屏可复做；折叠解析旧占位文字已清理,追加详情卡 QA；继续补原题扫描图和定位标记；不改正式关系网,Tutor 范围 CO04-08
2026-07-03,CO_UNK_011,question-01.png; original-scan-pending-batch-u contact sheet,original_scan_pending_batch_u_text_cleanup,当前为文字重排卡而非原始扫描图；第一屏可复做；折叠解析串入寄存器寻址材料已清理,追加详情卡 QA；继续补原题扫描图和定位标记；不改正式关系网,Tutor 范围 CO04-08/CO01-08
2026-07-03,CO_UNK_016,question-01.png; original-scan-pending-batch-u contact sheet,original_scan_pending_batch_u_text_cleanup,当前为文字重排卡而非原始扫描图；第一屏可复做；折叠解析串入普通变址寻址材料已清理,追加详情卡 QA；继续补原题扫描图和定位标记；不改正式关系网,Tutor 范围 CO04-08
2026-07-03,CO_UNK_070,question-01.png; original-scan-pending-batch-u contact sheet,original_scan_pending_batch_u_reviewed,当前为文字重排卡而非原始扫描图；第一屏可复做且未见答案标注；折叠解析主题匹配,追加详情卡 QA；继续补原题扫描图/来源 ID/正式定位；不改正式关系网,Tutor 范围 CO02-20
2026-07-03,CO_UNK_071,question-01.png; original-scan-pending-batch-u contact sheet,original_scan_pending_batch_u_reviewed,当前为文字重排卡而非原始扫描图；第一屏可复做且未见答案标注；折叠解析主题匹配,追加详情卡 QA；继续补原题扫描图/来源 ID/正式定位；不改正式关系网,Tutor 范围 CO02-20
2026-07-03,OS_2023_002,question-01.png; original-scan-pending-batch-u contact sheet,original_scan_pending_batch_u_reviewed,当前为 MarginNote 文字卡渲染替代图而非原题扫描；第一屏可复做且未见答案标注；折叠解析主题匹配,追加详情卡 QA；继续补原题扫描图和独立解析图；不改正式关系网,Tutor 范围 OS03-23/OS03-04
2026-07-03,CO_2023_003,question-01.png; folded solution text; partial-pass-batch-t contact sheet,question_only_solution_text_mismatch_fixed,题图主体可读且无作答痕迹；无独立解析图；折叠解析文字主题匹配但原混入 OS 分页材料,清理串题解析文字；追加详情卡 QA 说明；不改正式关系网,Tutor 范围 CO06-18/CO06-19
2026-07-03,CO_UNK_021,question-01.png; folded solution text; partial-pass-batch-t contact sheet,question_only_solution_text_verified,题图主体清晰可复做；无独立解析图；折叠解析文字与通用寄存器主题一致,追加详情卡 QA 说明；不改正式关系网,Tutor 范围 CO05-05
2026-07-03,CO_UNK_022,question-01.png; folded solution text; partial-pass-batch-t contact sheet,question_only_solution_text_verified,题图主体清晰可复做；无独立解析图；折叠解析文字与 n 位 CPU 主题一致,追加详情卡 QA 说明；不改正式关系网,Tutor 范围 CO05-02/CO01-17
2026-07-03,CO_UNK_023,question-01.png; folded solution text; partial-pass-batch-t contact sheet,question_only_solution_text_verified,题图主体清晰可复做；无独立解析图；折叠解析文字与取指地址来源主题一致,追加详情卡 QA 说明；不改正式关系网,Tutor 范围 CO05-05/CO01-08
2026-07-03,CO_UNK_024,question-01.png; folded solution text; partial-pass-batch-t contact sheet,question_only_solution_text_verified,题图主体清晰可复做；无独立解析图；折叠解析文字与 PC 更新规则主题一致,追加详情卡 QA 说明；不改正式关系网,Tutor 范围 CO05-05/CO01-08
2026-07-03,CO_UNK_026,question-01.png; folded solution text; partial-pass-batch-u contact sheet,question_only_solution_text_verified,题图主体清晰可复做；无独立解析图；折叠解析文字与通用寄存器位数和机器字长主题一致,追加详情卡 QA 说明；不改正式关系网,Tutor 范围 CO05-05/CO01-17
2026-07-03,CO_UNK_030,question-01.png; folded solution text; partial-pass-batch-u contact sheet,question_only_solution_text_verified,题图主体清晰可复做；无独立解析图；折叠解析文字与多核处理器和 MIMD 分类主题一致,追加详情卡 QA 说明；不改正式关系网,Tutor 范围 CO05-32
2026-07-03,CO_UNK_031,question-01.png; folded solution text; partial-pass-batch-u contact sheet,question_only_solution_text_mismatch_fixed,题图主体清晰可复做；无独立解析图；折叠解析文字主题匹配但原混入 MIMD 和 UMA/NUMA 泛化材料,清理串入泛化章节材料；追加详情卡 QA 说明；不改正式关系网,Tutor 范围 CO05-32
2026-07-03,CO_UNK_032,question-01.png; folded solution text; partial-pass-batch-u contact sheet,question_only_solution_text_verified,题图主体清晰可复做；无独立解析图；折叠解析文字与多核 CPU 和 Cache 组织边界主题一致,追加详情卡 QA 说明；不改正式关系网,Tutor 范围 CO05-32
2026-07-03,CO_UNK_033,question-01.png; folded solution text; partial-pass-batch-u contact sheet,question_only_solution_text_verified,题图主体清晰可复做；无独立解析图；折叠解析文字与无条件跳转中 PC 修改事件主题一致,追加详情卡 QA 说明；不改正式关系网,Tutor 范围 CO01-08/CO05-05
2026-07-03,CO_UNK_034,question-01.png; folded solution text; partial-pass-batch-v contact sheet,question_only_solution_text_verified,题图主体清晰可复做；无独立解析图；折叠解析文字与指令执行阶段顺序和控制器职责主题一致,追加详情卡 QA 说明；不改正式关系网,Tutor 范围 CO01-08
2026-07-03,CO_UNK_035,question-01.png; folded solution text; partial-pass-batch-v contact sheet,question_only_solution_text_verified,题图主体清晰可复做；轻微斜线不遮挡关键文字；无独立解析图；折叠解析文字与 CPU 时钟信号主题一致,追加详情卡 QA 说明；不改正式关系网,Tutor 范围 CO01-08/CO01-14
2026-07-03,CO_UNK_036,question-01.png; folded solution text; partial-pass-batch-v contact sheet,question_only_solution_text_verified,题图主体清晰可复做；淡水印不遮挡关键文字；无独立解析图；折叠解析文字与多周期 CPU 边界主题一致,追加详情卡 QA 说明；不改正式关系网,Tutor 范围 CO01-08
2026-07-03,CO_UNK_052,question-01.png; folded solution text; partial-pass-batch-v contact sheet,question_only_solution_text_verified,题图主体清晰可复做；右侧浅水印不遮挡关键文字；无独立解析图；折叠解析文字与 CPU 内部总线和三态门主题一致,追加详情卡 QA 说明；不改正式关系网,Tutor 范围 CO05-11
2026-07-03,CO_UNK_053,question-01.png; folded solution text; partial-pass-batch-v contact sheet,question_only_solution_text_verified,题图主体清晰可复做；右侧浅水印不遮挡关键文字；无独立解析图；折叠解析文字与 CPU 内部总线信号流动原则主题一致,追加详情卡 QA 说明；不改正式关系网,Tutor 范围 CO05-11
2026-07-03,CO_UNK_056,question-01.png; folded solution text; partial-pass-batch-v contact sheet,question_only_solution_text_enriched,题图主体清晰可复做；右侧浅水印不遮挡关键文字；无独立解析图；折叠解析原偏薄,补足总线速率计算过程；不改正式关系网,Tutor 范围 CO06-03
2026-07-03,CO_UNK_060,question-01.png; folded solution text; partial-pass-batch-w contact sheet,question_only_solution_text_verified,题图主体清晰可复做；右侧浅水印不遮挡关键文字；无独立解析图；折叠解析文字与系统总线地址线功能主题一致,追加详情卡 QA 说明；不改正式关系网,Tutor 范围 CO06-02
2026-07-03,CO_UNK_062,question-01.png; folded solution text; partial-pass-batch-w contact sheet,question_only_solution_text_verified,题图主体清晰可复做；无独立解析图；折叠解析文字与 I/O 接口和主机到外设连接路径主题一致,追加详情卡 QA 说明；不改正式关系网,Tutor 范围 CO06-06
2026-07-03,CO_UNK_063,question-01.png; folded solution text; partial-pass-batch-w contact sheet,question_only_solution_text_verified,题图主体清晰可复做；右侧浅水印不遮挡关键文字；无独立解析图；折叠解析文字与 DMA 过程阶段和 CPU 参与边界主题一致,追加详情卡 QA 说明；不改正式关系网,Tutor 范围 CO06-18/CO06-20
2026-07-03,CO_UNK_066,question-01.png; folded solution text; partial-pass-batch-w contact sheet,question_only_solution_text_verified,题图主体清晰可复做；顶部黑边不遮挡关键文字；无独立解析图；折叠解析文字与中断 I/O 请求和 CPU 响应条件主题一致,追加详情卡 QA 说明；不改正式关系网,Tutor 范围 CO06-11
2026-07-03,CO_UNK_067,question-01.png; folded solution text; partial-pass-batch-w contact sheet,question_only_solution_text_verified,题图主体清晰可复做；无独立解析图；折叠解析文字与中断响应周期中允许中断状态关闭归属主题一致,追加详情卡 QA 说明；不改正式关系网,Tutor 范围 CO06-11/CO05-20
2026-07-03,OS_2018_005,question-01.png; folded solution text; partial-pass-batch-w contact sheet,question_only_solution_text_cleanup,题图较薄但可读；无独立解析图；折叠解析文字与让权等待和忙等边界主题一致,清理外部对话式尾句；追加详情卡 QA 说明；不改正式关系网,Tutor 范围 OS02-37/OS02-32/OS02-40
2026-07-03,OS_UNK_001,question-01.png; annotation-overlay-batch-s contact sheets,annotation_overlay_batch_s_retained,题图清晰且未见会提示答案的可疑标注,未改图片；追加详情卡 QA 说明；不改正式关系网,Tutor 范围 OS01-07/OS01-09
2026-07-03,OS_UNK_003,question-01.png; annotation-overlay-batch-s contact sheets,annotation_overlay_batch_s_retained,题图清晰且未见会提示答案的可疑标注,未改图片；追加详情卡 QA 说明；不改正式关系网,Tutor 范围 OS01-07/OS01-09
2026-07-03,OS_UNK_008,question-01.png; annotation-overlay-batch-s contact sheets,annotation_overlay_batch_s_retained,题图清晰且未见会提示答案的可疑标注,未改图片；追加详情卡 QA 说明；不改正式关系网,Tutor 范围 OS01-01/OS01-06
2026-07-03,OS_UNK_010,question-01.png; annotation-overlay-batch-s contact sheets,annotation_overlay_batch_s_retained,题图清晰且未见会提示答案的可疑标注,未改图片；追加详情卡 QA 说明；不改正式关系网,Tutor 范围 OS01-17/OS01-15
2026-07-03,OS_UNK_011,question-01.png; annotation-overlay-batch-s contact sheets,annotation_overlay_batch_s_retained,题图清晰且未见会提示答案的可疑标注,未改图片；追加详情卡 QA 说明；不改正式关系网,Tutor 范围 OS01-17/OS01-15
2026-07-03,OS_UNK_032,question-01.png; annotation-overlay-batch-s contact sheets,annotation_overlay_batch_s_retained,黄色高亮覆盖题设数值；清理会损伤题面文字；未见单独答案暴露,保留标注并登记；不改正式关系网,Tutor 范围 OS02-37/OS02-38/OS02-39
2026-07-03,OS_UNK_034,question-01.png; annotation-overlay-batch-s contact sheets,annotation_overlay_batch_s_cleaned,红点标注已清理；题面主体完整可读；空白区仅有极淡残影,备份原图并替换当前题图；不改正式关系网,Tutor 范围 OS02-11/OS02-12
2026-07-03,OS_UNK_049,question-01.png; annotation-overlay-batch-s contact sheets,annotation_overlay_batch_s_cleaned,左侧红叉和边缘标注已清理；题面主体完整可读,备份原图并替换当前题图；不改正式关系网,Tutor 范围 OS03-20/OS03-21
2026-07-03,OS_UNK_063,question-01.png; annotation-overlay-batch-s contact sheets,annotation_overlay_batch_s_cleaned,蓝紫虚线框和蓝色点状标注已清理；页表主体完整可读,备份原图并替换当前题图；不改正式关系网,Tutor 范围 OS03-17/OS03-19
2026-07-03,DS_2016_001,question-01.png; folded solution text; pass-question-only-batch-ab contact sheets,pass_question_only_batch_ab_reviewed,题图清晰可复做；无独立解析图；折叠解析与单链表地址表还原和插入后 next 域判断主题一致,追加详情卡 QA 说明；不改正式关系网,Tutor 范围 DS02-06/DS02-08
2026-07-03,OS_2013_002,question-01.png; folded solution text; pass-question-only-batch-ab contact sheets; cropped question image; original backed up,pass_question_only_batch_ab_question_crop_cleaned,题图底部混入解析提示行，已裁掉；当前题图只保留题面主体；无独立解析图；折叠解析与进程优先级调度原则主题一致,备份原图并替换为裁剪后题图；追加详情卡 QA 说明；不改正式关系网,Tutor 范围 OS02-29
2026-07-03,OS_2015_001,question-01.png; folded solution text; pass-question-only-batch-ab contact sheets,pass_question_only_batch_ab_reviewed,题图清晰可复做；无独立解析图；折叠解析与死锁避免、死锁检测的信息需求和策略边界主题一致,追加详情卡 QA 说明；不改正式关系网,Tutor 范围 OS02-47/OS02-44
2026-07-03,OS_2016_003,question-01.png; folded solution text; pass-question-only-batch-ab contact sheets,pass_question_only_batch_ab_reviewed,题图清晰可复做；无独立解析图；折叠解析与资源分配图循环等待和最小死锁进程数主题一致,追加详情卡 QA 说明；不改正式关系网,Tutor 范围 OS02-44
2026-07-03,OS_2017_001,question-01.png; folded solution text; pass-question-only-batch-ab contact sheets,pass_question_only_batch_ab_reviewed,题图清晰可复做；浅水印不遮挡关键题面；无独立解析图；折叠解析与时间片轮转状态转换边界主题一致,追加详情卡 QA 说明；不改正式关系网,Tutor 范围 OS02-28/OS02-05
2026-07-03,OS_2021_001,question-01.png; folded solution text; pass-question-only-batch-ab contact sheets; individual original image opened,pass_question_only_batch_ab_reviewed,题图已单独打开复核，表格可读；无独立解析图；折叠解析与改进型 Clock 置换和请求分页地址转换主题一致,追加详情卡 QA 说明；不改正式关系网,Tutor 范围 OS03-32/OS03-24/OS03-04
2026-07-03,OS_UNK_005,question-01.png; folded solution text; pass-question-only-batch-ab contact sheets,pass_question_only_batch_ab_reviewed,题图清晰可复做；浅水印不遮挡关键题面；无独立解析图；折叠解析与微内核结构功能归属主题一致,追加详情卡 QA 说明；不改正式关系网,Tutor 范围 OS01-08
2026-07-03,OS_UNK_006,question-01.png; folded solution text; pass-question-only-batch-ac contact sheet,pass_question_only_batch_ac_reviewed,题图清晰可复做；底部极小红点不接触题面且不提示答案，保留登记；无独立解析图；折叠解析与大内核/微内核缺点对比主题一致,追加详情卡 QA 说明；不改图片；不改正式关系网,Tutor 范围 OS01-12
2026-07-03,OS_UNK_007,question-01.png; folded solution text; pass-question-only-batch-ac contact sheet,pass_question_only_batch_ac_reviewed,题图清晰可复做；无独立解析图；折叠解析与操作系统资源管理基本概念主题一致,追加详情卡 QA 说明；不改正式关系网,Tutor 范围 OS01-01
2026-07-03,OS_UNK_013,question-01.png; folded solution text; pass-question-only-batch-ac contact sheet,pass_question_only_batch_ac_reviewed,题图清晰可复做；浅水印不遮挡关键题面；无独立解析图；折叠解析与操作系统引导程序位置主题一致,追加详情卡 QA 说明；不改正式关系网,Tutor 范围 OS01-22
2026-07-03,OS_UNK_014,question-01.png; folded solution text; pass-question-only-batch-ac contact sheet,pass_question_only_batch_ac_text_cleanup,题图清晰可复做；浅水印不遮挡关键题面；无独立解析图；折叠解析与计算机启动/操作系统引导顺序主题一致，原尾部串入操作系统体系结构材料,删除非本道直接复做材料；追加详情卡 QA 说明；不改正式关系网,Tutor 范围 OS01-22
2026-07-03,OS_UNK_033,question-01.png; folded solution text; pass-question-only-batch-ac contact sheet,pass_question_only_batch_ac_reviewed,题图清晰可复做；浅水印不遮挡关键题面；无独立解析图；折叠解析与多线程模型并发性比较主题一致,追加详情卡 QA 说明；不改正式关系网,Tutor 范围 OS02-12
2026-07-03,OS_UNK_036,question-01.png; folded solution text; pass-question-only-batch-ac contact sheet,pass_question_only_batch_ac_reviewed,题图清晰可复做；无独立解析图；折叠解析与线程属性和线程并发执行边界主题一致,追加详情卡 QA 说明；不改正式关系网,Tutor 范围 OS02-11
2026-07-03,OS_UNK_039,question-01.png; folded solution text; pass-question-only-batch-ac contact sheet,pass_question_only_batch_ac_reviewed,题图较小但文字可读；无独立解析图；折叠解析与进程调度直接触发条件主题一致,追加详情卡 QA 说明；不改正式关系网,Tutor 范围 OS02-22/OS02-05
2026-07-03,CO_2021_001,question-01.png; solution-01.png; local 2021 question PDF page 2; local 2021 solution PDF page 3,p0_recovered_from_local_pdf,旧 MarginNote/Word 精确节点仍为 CO_2020_001 错绑；本轮直接查看本地 2021 真题 PDF 与解析 PDF 后裁出 FLOPS/PFLOPS 题图和解析图,写入详情库资产并更新详情卡；从 P0 硬缺题图队列移出；不改正式关系网,Tutor 范围 CO01-16/CO01-14/CO01-15/CO01-09
2026-07-03,CO_UNK_002,question-01.png; solution-01.png; MarginNote Word text-card rendered assets,p0_text_card_recovered,从 MarginNote Word 导出命中 CPU 直接访问地址类型文字卡；已直接查看新题图和解析图；当前为文字卡替代图不是原题扫描图,写入详情库题图/解析图并更新详情卡；不改正式关系网,后续如能从 MarginNote 找到原题扫描图，再替换当前文字卡替代图；Tutor 范围 CO03-21/CO03-12/OS03-04
2026-07-03,CO_UNK_003,question-01.png; solution-01.png; continuation direct-review contact sheet,original_scan_pending_continuation_reviewed,当前题图为无答案文字复做卡；解析图与 DRAM/SDRAM 辨析主题一致；仍非原题扫描图,生成本轮直接查看证据图；不改正式关系网,继续补原题扫描图；Tutor 范围 CO03-07/CO03-08/CO03-10
2026-07-03,CO_UNK_020,question-01.png; solution-01.png; continuation direct-review contact sheet,original_scan_pending_continuation_reviewed,当前题图和解析图同属相对寻址转移指令主题；第一屏未提前显示解析；仍非原题扫描图,生成本轮直接查看证据图；不改正式关系网,继续补原题扫描图；Tutor 范围 CO04-11/CO04-12
2026-07-03,CO_UNK_019,question-01.png; solution-01.png; continuation direct-review contact sheet,original_scan_pending_continuation_reviewed,当前题图与 CO_UNK_020 不重复；解析图对应相对寻址偏移基准主题且只在折叠区使用,生成本轮直接查看证据图；不改正式关系网,继续补原题扫描图；Tutor 范围 CO04-11/CO04-12
2026-07-03,OS_UNK_121,question-01.png; folded answer text; continuation direct-review contact sheet,original_scan_pending_continuation_reviewed,当前题图为死锁处理策略分类文字替代图；第一屏不暴露答案结论；仍缺原题扫描图 来源 ID 正式年份和独立解析图,生成本轮直接查看证据图；不改正式关系网,继续来源链人工确认；Tutor 范围 OS02-47/OS02-44/OS02-48/OS02-49
2026-07-03,OS_UNK_122,question-01.png; folded answer text; continuation direct-review contact sheet,original_scan_pending_continuation_reviewed,当前题图为分段地址结构与段内偏移文字替代图；第一屏不暴露答案结论；仍缺原题扫描图 来源 ID 正式年份和独立解析图,生成本轮直接查看证据图；不改正式关系网,继续补来源定位；Tutor 范围 OS03-20
2026-07-03,CN_UNK_048,question-01.png; folded answer text; p1 continuation batch A contact sheet,p1_solution_missing_continuation_reviewed,题图清晰但较窄；主题为 MAC 协议确认机制；折叠解析文字已收敛为同题协议边界；仍无独立解析图,生成本轮 P1 直接查看证据图；不改正式关系网,继续补 solution-01.png；Tutor 范围 CN03-15
2026-07-03,CO_2016_002,question-01.png; folded answer text; p1 continuation batch A contact sheet,p1_solution_missing_continuation_reviewed,题图清晰；主题为硬件 I/O 机制识别；折叠解析与通道技术边界一致；仍无独立解析图,生成本轮 P1 直接查看证据图；不改正式关系网,继续补 solution-01.png；Tutor 范围 CO06-06
2026-07-03,CO_2015_001,question-01.png; folded answer text; p1 continuation batch A contact sheet,p1_solution_missing_continuation_reviewed,题图清晰；主题为硬件直接执行对象辨析；折叠解析文字可兜底；仍无独立解析图,生成本轮 P1 直接查看证据图；不改正式关系网,继续补原解析卡或 solution-01.png；Tutor 范围 CO01-06
2026-07-03,CO_2016_003,question-01.png; folded answer text; p1 continuation batch A contact sheet,p1_solution_missing_continuation_reviewed,题图清晰；主题为编译 汇编 链接 解释程序功能边界；折叠解析文字可兜底；仍无独立解析图,生成本轮 P1 直接查看证据图；不改正式关系网,继续补原解析卡或 solution-01.png；Tutor 范围 CO01-06
2026-07-03,CO_2018_002,question-01.png; folded answer text; p1 continuation batch A contact sheet,p1_solution_missing_continuation_reviewed,题图清晰且关键参数完整；折叠解析围绕补码减法和 CF/OF 边界；仍无独立解析图,生成本轮 P1 直接查看证据图；不改正式关系网,继续补 solution-01.png；Tutor 范围 CO02-14
2026-07-03,CO_2018_004,question-01.png; folded answer text; p1 continuation batch B contact sheet,p1_solution_missing_continuation_reviewed,题图清晰；主题为机器码立即数字段与小端存放；折叠解析文字与主题一致；仍无独立解析图,生成本轮 P1 续跑 B 直接查看证据图；不改正式关系网,继续补 solution-01.png；Tutor 范围 CO04-22
2026-07-03,CO_2019_001,question-01.png; folded answer text; p1 continuation batch B contact sheet,p1_solution_missing_continuation_reviewed,题图清晰；浅色旧痕迹不遮挡阅读；主题为 DMA 控制器寄存器边界；折叠解析文字与主题一致；仍无独立解析图,生成本轮 P1 续跑 B 直接查看证据图；不改正式关系网,继续补 solution-01.png；Tutor 范围 CO06-19
2026-07-03,CO_UNK_009,question-01.png; folded answer text; p1 continuation batch B contact sheet,p1_solution_missing_continuation_reviewed,题图清晰；轻微界面残影不影响阅读；主题为调用指令返回地址和目标地址语义；折叠解析文字与主题一致；仍无独立解析图,生成本轮 P1 续跑 B 直接查看证据图；不改正式关系网,继续补 solution-01.png；Tutor 范围 CO04-25
2026-07-03,CO_UNK_044,question-01.png; folded answer text; p1 continuation batch B contact sheet,p1_solution_missing_continuation_reviewed,题图完整；浅水印不遮挡关键结构图；主题为微程序控制单元设计；折叠解析文字与主题一致；仍无独立解析图,生成本轮 P1 续跑 B 直接查看证据图；不改正式关系网,继续补 solution-01.png；Tutor 范围 CO05-04
2026-07-03,CO_UNK_061,question-01.png; folded answer text; p1 continuation batch B contact sheet,p1_solution_missing_continuation_reviewed,题图清晰；轻微界面残影不影响阅读；主题为总线定时与异步传输场景；折叠解析文字与主题一致；仍无独立解析图,生成本轮 P1 续跑 B 直接查看证据图；不改正式关系网,继续补 solution-01.png；Tutor 范围 CO06-05
2026-07-03,CO_UNK_065,question-01.png; folded answer text; p1 continuation batch C contact sheet,p1_solution_missing_continuation_reviewed,题图清晰；主题为 DMA 周期挪用与存取窗口粒度；折叠解析文字与主题一致；仍无独立解析图,生成本轮 P1 续跑 C 直接查看证据图；不改正式关系网,继续补 solution-01.png；Tutor 范围 CO06-18
2026-07-03,CO_UNK_068,question-01.png; folded answer text; p1 continuation batch C contact sheet,original_scan_and_solution_missing_continuation_reviewed,当前题图为 MarginNote 文字卡替代图；第一屏可阶段性复做但不是原题扫描图；折叠解析文字与 Cache 地址空间边界主题一致；仍缺原题扫描图和独立解析图,生成本轮 P1 续跑 C 直接查看证据图；不改正式关系网,继续补原题扫描图和 solution-01.png；Tutor 范围 CO03-14
2026-07-03,CO_UNK_069,question-01.png; folded answer text; p1 continuation batch C contact sheet,p1_solution_missing_continuation_reviewed,题图清晰；轻微残影不影响阅读；主题为指令流水线基本概念；折叠解析文字与主题一致；仍无独立解析图,生成本轮 P1 续跑 C 直接查看证据图；不改正式关系网,继续补 solution-01.png；Tutor 范围 CO05-22
2026-07-03,DS_2023_002,question-01.png; folded answer text; p1 continuation batch C contact sheet,p1_solution_missing_continuation_reviewed,题图清晰；主题为顺序存储有序表操作复杂度；折叠解析文字与主题一致；MarginNote 仍定位待补充；仍无独立解析图,生成本轮 P1 续跑 C 直接查看证据图；不改正式关系网,继续补 solution-01.png；Tutor 范围 DS01-11
2026-07-03,DS_2023_004,question-01.png; folded answer text; p1 continuation batch C contact sheet,p1_solution_missing_continuation_reviewed,题图清晰；主题为非空 B 树操作性质辨析；折叠解析文字与主题一致；仍无独立解析图,生成本轮 P1 续跑 C 直接查看证据图；不改正式关系网,继续补 solution-01.png；Tutor 范围 DS07-13
2026-07-03,CN_2009_002,question-01.png; folded answer text; CN stopwait nyquist batch contact sheet,cn_nyquist_question_only_text_verified,题图清晰且无答案标注；折叠解析文字与奈奎斯特定理 QAM 状态数和最大数据传输速率主题一致；仍无独立解析图,追加详情卡 QA 记录；生成本轮直接查看证据图；不改正式关系网,继续补 solution-01.png；Tutor 范围 CN02-15/CN02-13/CN02-18
2026-07-03,CN_UNK_047,question-01.png; folded answer text; CN stopwait nyquist batch contact sheet,cn_red_trace_cleaned_rechecked,红叉清理后题面主体干净可复做；折叠解析文字与 CSMA/CD 最小帧长 争用期和单向传播时延折半主题一致；仍无独立解析图,追加详情卡 QA 记录；生成本轮直接查看证据图；不改正式关系网,可继续补原始干净扫描图和 solution-01.png；Tutor 范围 CN03-17
2026-07-03,CN_UNK_050,question-01.png; folded answer text; CN stopwait nyquist batch contact sheet,cn_stopwait_question_only_text_verified,题图清晰且无作答痕迹；折叠解析文字与停止等待协议效率 传播距离 传输速率和等待确认占比主题一致；仍无独立解析图,追加详情卡 QA 记录；生成本轮直接查看证据图；不改正式关系网,继续补 solution-01.png；Tutor 范围 CN03-10
2026-07-03,CN_UNK_051,question-01.png; folded answer text cleaned; CN stopwait nyquist batch contact sheet,cn_stopwait_solution_text_cleanup,题图主体清晰可复做；顶部少量上一行残影不遮挡本道题干；折叠解析尾部串入 GBN 泛化长段已删除；仍无独立解析图,收敛详情卡折叠解析；追加 QA 记录；生成本轮直接查看证据图；不改正式关系网,继续补 solution-01.png；Tutor 范围 CN03-10
2026-07-03,CN_UNK_054,question-01.png; folded answer text cleaned; CN stopwait nyquist batch contact sheet,cn_stopwait_solution_text_cleanup,题图清晰且无答案提前标注；折叠解析尾部串入 SR 泛化长段已删除；仍无独立解析图,收敛详情卡折叠解析；追加 QA 记录；生成本轮直接查看证据图；不改正式关系网,继续补 solution-01.png；Tutor 范围 CN03-10/CN03-12
2026-07-03,CO_2015_004,question-01.png; solution-01.png; solution-bound original-scan-pending batch contact sheet,solution_bound_long_solution_rechecked,题图与长解析图均围绕 DRAM/SDRAM 周期性刷新机制；绑定正确；长解析图含扩展材料但未错绑,追加详情卡 QA 记录；生成本轮题图/解析图直接查看证据图；不改正式关系网,后续可将长解析图压缩为本道直接复做文字；Tutor 范围 CO03-04
2026-07-03,CO_UNK_020,question-01.png; solution-01.png; solution-bound original-scan-pending batch contact sheet,original_scan_pending_solution_bound_rechecked,题图第一屏未显示解析结论；解析图与相对寻址转移指令主题一致；仍为文字卡替代资产,追加详情卡 QA 记录；生成本轮题图/解析图直接查看证据图；不改正式关系网,继续补原题扫描图；Tutor 范围 CO04-11/CO04-12
2026-07-03,CO_UNK_001,question-01.png; solution-01.png; solution-bound original-scan-pending batch contact sheet,original_scan_pending_solution_bound_rechecked,题图是 Cache 失效传送粒度无答案文字复做卡；解析图与同主题一致；仍为文字卡替代资产,追加详情卡 QA 记录；生成本轮题图/解析图直接查看证据图；不改正式关系网,继续补原题扫描图；Tutor 范围 CO03-19
2026-07-03,DS_2022_002,question-01.png; solution-01.png; solution-bound original-scan-pending batch contact sheet,solution_bound_rechecked,题图与解析图均为直接插入排序和快速排序适用场景辨析；此前错配文字已清理；当前绑定正确,追加详情卡 QA 记录；生成本轮题图/解析图直接查看证据图；不改正式关系网,继续后续已有解析图抽检；Tutor 范围 DS08-18/DS08-04/DS08-08
2026-07-03,CO_UNK_003,question-01.png; solution-01.png; solution-bound original-scan-pending batch contact sheet,original_scan_pending_solution_bound_rechecked,题图用于先做 DRAM/SDRAM 判断；解析图保留在折叠区且与同主题一致；仍为文字卡替代资产,追加详情卡 QA 记录；生成本轮题图/解析图直接查看证据图；不改正式关系网,继续补原始扫描题图；Tutor 范围 CO03-03/CO03-07/CO03-08/CO03-10
2026-07-03,CO_UNK_019,question-01.png; solution-01.png; solution-bound metadata-pending batch contact sheet,original_scan_pending_solution_bound_rechecked,题图第一屏做复做保护；解析图与相对寻址偏移基准主题一致；仍为文字卡替代资产,追加详情卡 QA 记录；生成本轮题图/解析图直接查看证据图；不改正式关系网,继续补原题扫描图；Tutor 范围 CO04-08/CO04-11/CO04-12
2026-07-03,CO_2013_002,question-01.png; solution-01.png; solution-bound metadata-pending batch contact sheet,source_chain_pending_solution_bound_rechecked,题图底部仍标记来源 CO_UNK_013；解析截图同属 ISA/指令系统判断主题但带可见滚动条；来源链未闭合,追加详情卡 QA 记录；生成本轮题图/解析图直接查看证据图；不改正式关系网,继续补原题扫描图和完整解析来源；Tutor 范围 CO04-01
2026-07-03,CO_2021_001,question-01.png; solution-01.png; solution-bound metadata-pending batch contact sheet,pdf_recovered_solution_bound_rechecked,PDF 裁出的题图和解析图均为 FLOPS/PFLOPS 与每秒浮点运算次数换算；当前绑定正确；旧 MarginNote/Word 错绑证据继续保留,追加详情卡 QA 记录；生成本轮题图/解析图直接查看证据图；不改正式关系网,后续可从 MarginNote 恢复原卡时再替换；Tutor 范围 CO01-16/CO01-14/CO01-15/CO01-09
2026-07-03,CO_2022_003,question-01.png; solution-01.png; solution-bound metadata-pending batch contact sheet,metadata_year_conflict_solution_bound_rechecked,题图和解析图均为 CPU 执行时间和平均 CPI 计算；绑定正确；图面年份明确为 2023 与当前正式 ID 年份冲突,追加详情卡 QA 记录；生成本轮题图/解析图直接查看证据图；不改正式关系网,等待用户确认是否迁移 ID；Tutor 范围 CO01-14/CO01-13
2026-07-03,OS_2009_001,question-01.png; solution-01.png; solution-bound metadata-pending batch contact sheet,solution_bound_rechecked,题图和解析图同属单处理机系统中可并行工作对象辨析；当前绑定正确,追加详情卡 QA 记录；生成本轮题图/解析图直接查看证据图；不改正式关系网,继续后续已有解析图抽检；Tutor 范围 OS01-01
2026-07-03,OS_2016_004,question-01.png; folded solution text; high-risk-direct-recheck contact sheet,metadata_year_conflict_rechecked,题图清晰且折叠解析文字同属 C-SCAN 磁盘调度主题；图面年份与当前正式 ID 年份冲突继续成立,追加详情卡 QA 记录和证据图；不改正式 ID；不改正式关系网,等待用户确认是否迁移 ID；Tutor 范围 OS05-29/OS05-26
2026-07-03,OS_2023_003,question-01.png; folded solution text; high-risk-direct-recheck contact sheet,metadata_year_conflict_solution_text_rechecked,题图清晰且折叠解析文字同属工作集和抖动治理主题；图面年份与当前正式 ID 年份冲突继续成立；仍无独立解析图,追加详情卡 QA 记录和证据图；不改正式 ID；不改正式关系网,等待用户确认是否迁移 ID并继续补独立解析图；Tutor 范围 OS03-34/OS03-33/OS03-26
2026-07-03,CO_2023_003,question-01.png; folded solution text; high-risk-direct-recheck contact sheet,solution_text_rechecked_clean,题图清晰；折叠解析文字已复核为 DMA 请求条件同题解析；未发现 OS 分页/工作集残留；仍无独立解析图,追加详情卡 QA 记录并将错配风险降级；不改正式关系网,继续补 solution-01.png；Tutor 范围 CO06-18/CO06-19
2026-07-03,CO_UNK_031,question-01.png; folded solution text; high-risk-direct-recheck contact sheet,solution_text_rechecked_clean,题图清晰；折叠解析文字已复核为 SIMD/SISD 分类同题解析；未发现 MIMD/UMA/NUMA 残留；仍无独立解析图,追加详情卡 QA 记录并将错配风险降级；不改正式关系网,继续补 solution-01.png；Tutor 范围 CO05-32
2026-07-03,DS_2010_001,question-01.png; folded solution text; high-risk-direct-recheck contact sheet,source_locator_pending_solution_text_rechecked_clean,题图清晰；折叠解析文字已复核为树的度数总和/边数/叶结点关系同题解析；未发现错科尾巴残留；来源定位仍待补,追加详情卡 QA 记录并将错配风险降级；不改正式关系网,继续补正式来源定位和独立解析图；Tutor 范围 DS05-02
2026-07-03,CO_2013_002,question-01.png; solution-01.png; CO_UNK_013/question-01.png; unresolved metadata sourcechain contact sheet,source_chain_duplicate_hash_rechecked,题图与 CO_UNK_013 题图哈希完全相同；解析图同属 ISA/指令系统主题；但 HCO_0080 与 HCO_0013 来源链未闭合,追加详情卡 QA 记录和证据图；不自动合并正式节点,等待用户确认合并或补两条原扫描图；Tutor 范围 CO04-01/CO04-02/CO04-08/CO04-22
2026-07-03,CO_UNK_013,question-01.png; CO_2013_002/question-01.png; unresolved metadata sourcechain contact sheet,source_chain_duplicate_hash_rechecked,题图与 CO_2013_002 题图哈希完全相同；当前仍为 MarginNote 文字卡替代图且无独立解析图；来源链待确认,追加详情卡 QA 记录；不自动合并正式节点,等待用户确认合并或补原扫描图；Tutor 范围 CO04-01/CO04-02/CO04-08/CO04-22
2026-07-03,CO_2022_003,question-01.png; solution-01.png; unresolved metadata sourcechain contact sheet,metadata_year_conflict_candidate_free_exact,题图和解析图绑定正确；图面年份 2023 与当前正式 ID 年份 2022 冲突；候选 CO_2023_006 经精确首列检查未占用,追加详情卡 QA 记录和证据图；不迁移正式 ID,等待用户确认迁移；Tutor 范围 CO01-14/CO01-13/CO01-11/CO01-12
2026-07-03,OS_2016_004,question-01.png; unresolved metadata sourcechain contact sheet,metadata_year_conflict_candidate_free_exact,题图主题匹配 C-SCAN；图面年份 2024 与当前正式 ID 年份 2016 冲突；候选 OS_2024_002 经精确首列检查未占用,追加详情卡 QA 记录和证据图；不迁移正式 ID,等待用户确认迁移；Tutor 范围 OS05-29/OS05-26
2026-07-03,OS_2023_003,question-01.png; folded solution text; unresolved metadata sourcechain contact sheet,metadata_year_conflict_candidate_free_exact_solution_pending,题图主题匹配工作集/抖动治理；图面年份 2011 与当前正式 ID 年份 2023 冲突；候选 OS_2011_002 经精确首列检查未占用；仍缺独立解析图,追加详情卡 QA 记录和证据图；不迁移正式 ID,等待用户确认迁移并继续补解析图；Tutor 范围 OS03-34/OS03-33/OS03-26/OS03-36
2026-07-03,OS_UNK_024,question-01.png; rendered-question-pending-direct-review contact sheet,rendered_question_pending_rechecked,当前为 MarginNote 文字卡渲染题图而非原始扫描图；第一屏清晰可复做；未见答案标记或解析提前暴露；折叠解析文字与信号发送处理主题一致,追加详情卡 QA 记录和证据图；不改正式关系网；继续补原题扫描图和 solution-01.png,Tutor 范围 OS02-19
2026-07-03,OS_UNK_037,question-01.png; rendered-question-pending-direct-review contact sheet,rendered_question_pending_rechecked,当前为 MarginNote 文字卡渲染题图而非原始扫描图；第一屏清晰可复做；未见答案标记或解析提前暴露；折叠解析文字与线程属性主题一致,追加详情卡 QA 记录和证据图；不改正式关系网；继续补原题扫描图和 solution-01.png,Tutor 范围 OS02-11
2026-07-03,OS_UNK_042,question-01.png; rendered-question-pending-direct-review contact sheet,rendered_question_pending_rechecked,当前为 MarginNote 文字卡渲染题图而非原始扫描图；第一屏清晰可复做；未见答案标记或解析提前暴露；折叠解析文字与进程切换条件主题一致,追加详情卡 QA 记录和证据图；不改正式关系网；继续补原题扫描图和 solution-01.png,Tutor 范围 OS02-06/OS02-05
2026-07-03,OS_UNK_044,question-01.png; rendered-question-pending-direct-review contact sheet,rendered_question_pending_rechecked,当前为 MarginNote 文字卡渲染题图而非原始扫描图；第一屏清晰可复做；未见答案标记或解析提前暴露；折叠解析文字与 PCB 组成主题一致,追加详情卡 QA 记录和证据图；不改正式关系网；继续补原题扫描图和 solution-01.png,Tutor 范围 OS02-01/OS02-03
2026-07-03,CO_UNK_010,question-01.png; rendered-question-pending-direct-review contact sheet,rendered_question_pending_rechecked,当前为 MarginNote 文字重排题图而非原始扫描图；第一屏清晰可复做；未见答案标记或解析提前暴露；折叠解析文字与寻址方式目的主题一致,追加详情卡 QA 记录和证据图；不改正式关系网；继续补原题扫描图 定位标记和 solution-01.png,Tutor 范围 CO04-08
2026-07-03,CO_2013_002,question-01.png; solution-01.png; solution-bound-mixed-risk-batch contact sheet,source_chain_duplicate_hash_solution_bound_rechecked_again,题图仍为 CO_UNK_013 文字卡替代图；解析图同属 ISA 指令系统主题但不是完整原解析；来源链未闭合,追加详情卡 QA 记录和证据图；不自动合并正式节点；不改正式关系网,继续补原题扫描图和完整解析来源；等待用户确认来源链；Tutor 范围 CO04-01/CO04-02/CO04-08
2026-07-03,CO_2022_003,question-01.png; solution-01.png; solution-bound-mixed-risk-batch contact sheet,metadata_year_conflict_solution_bound_rechecked_again,题图和解析图绑定正确；图面年份与当前正式 ID 年份冲突继续保留,追加详情卡 QA 记录和证据图；不迁移正式 ID；不改正式关系网,等待用户确认是否迁移为候选新 ID；Tutor 范围 CO01-14/CO01-13/CO01-11/CO01-12
2026-07-03,CO_2017_001,question-01.png; solution-01.png; solution-02.png; solution-bound-mixed-risk-batch contact sheet,multi_solution_bound_rechecked,题图与两张解析图均同属四体交叉编址访问周期判断；第二张解析图为手写或图示证据,追加详情卡 QA 记录和证据图；不改正式关系网；手写图只留详情库折叠区,Tutor 范围 CO03-09
2026-07-03,DS_2011_003,question-01.png; solution-01.png; solution-bound-mixed-risk-batch contact sheet,handwritten_solution_bound_rechecked,题图与解析图同属树与二叉树转换后的孩子指针关系计数；解析图含手写推导痕迹,追加详情卡 QA 记录和证据图；不改正式关系网；手写图只留详情库折叠区,Tutor 范围 DS05-16
2026-07-03,OS_2022_002,question-01.png; solution-01.png; solution-bound-mixed-risk-batch contact sheet,solution_bound_text_mismatch_fix_rechecked,解析图与题图同属多道程序系统特点和资源竞争边界；此前错配文字已清理；当前图片绑定正确,追加详情卡 QA 记录和证据图；不改正式关系网；继续后续已有解析图抽检,Tutor 范围 OS01-05
2026-07-03,CO_UNK_068,question-01.png; p1-solution-missing-late-batch contact sheet,original_scan_and_solution_missing_late_rechecked,当前题图仍为 MarginNote 文字卡替代图；第一屏可阶段性复做且未提前展示解析；仍缺原题扫描图和独立解析图,追加详情卡 QA 记录和证据图；不改正式关系网,继续补原题扫描图和 solution-01.png；Tutor 范围 CO03-14
2026-07-03,CO_UNK_069,question-01.png; p1-solution-missing-late-batch contact sheet,p1_solution_missing_late_rechecked,题图主体清晰；右侧浅残影不影响复做；当前仍只有折叠解析文字而无独立解析图,追加详情卡 QA 记录和证据图；不改正式关系网,继续补 solution-01.png；Tutor 范围 CO05-22
2026-07-03,DS_2023_002,question-01.png; p1-solution-missing-late-batch contact sheet,p1_solution_missing_late_rechecked,题图清晰且无作答痕迹；当前仍无独立解析图；MarginNote 稳定定位仍待补,追加详情卡 QA 记录和证据图；不改正式关系网,继续补 solution-01.png 和定位；Tutor 范围 DS01-11
2026-07-03,DS_2023_004,question-01.png; p1-solution-missing-late-batch contact sheet,p1_solution_missing_late_rechecked,题图清晰且未见答案标注；当前仍无独立解析图,追加详情卡 QA 记录和证据图；不改正式关系网,继续补 solution-01.png；Tutor 范围 DS07-13
2026-07-03,CN_2024_002,question-01.png; p1-solution-missing-late-batch contact sheet,p1_solution_missing_late_rechecked,裁剪后题图完整可读且未见解析提前暴露；当前仍无独立解析图,追加详情卡 QA 记录和证据图；不改正式关系网,继续补 solution-01.png；Tutor 范围 CN02-18
2026-07-03,CO_2018_004,question-01.png; p1-solution-missing-middle-batch contact sheet,p1_solution_missing_middle_rechecked,题图清晰且未见解析提前暴露；折叠解析与机器码立即数字段和小端存放主题一致；当前仍无独立解析图,追加详情卡 QA 记录和证据图；不改正式关系网,继续补 solution-01.png；Tutor 范围 CO04-22
2026-07-03,CO_2019_001,question-01.png; p1-solution-missing-middle-batch contact sheet,p1_solution_missing_middle_rechecked,题图主体清楚；浅痕迹不影响阅读；折叠解析与 DMA 控制器寄存器边界主题一致；当前仍无独立解析图,追加详情卡 QA 记录和证据图；不改正式关系网,继续补 solution-01.png；Tutor 范围 CO06-19
2026-07-03,CO_UNK_009,question-01.png; p1-solution-missing-middle-batch contact sheet,p1_solution_missing_middle_rechecked,题图清晰；右侧浅界面残影不影响阅读；折叠解析与调用指令语义主题一致；当前仍无独立解析图,追加详情卡 QA 记录和证据图；不改正式关系网,继续补 solution-01.png；Tutor 范围 CO04-25
2026-07-03,CO_UNK_044,question-01.png; p1-solution-missing-middle-batch contact sheet,p1_solution_missing_middle_rechecked,题图结构图和题设可读；浅水印不遮挡关键内容；折叠解析与微程序控制单元设计主题一致；当前仍无独立解析图,追加详情卡 QA 记录和证据图；不改正式关系网,继续补 solution-01.png；Tutor 范围 CO05-04
2026-07-03,CO_UNK_061,question-01.png; p1-solution-missing-middle-batch contact sheet,p1_solution_missing_middle_rechecked,题图清晰；右侧浅残影不影响阅读；折叠解析与总线定时和异步传输场景一致；当前仍无独立解析图,追加详情卡 QA 记录和证据图；不改正式关系网,继续补 solution-01.png；Tutor 范围 CO06-05
2026-07-03,CO_2021_001,question-01.png; solution-01.png; metadata-active-gap contact sheet,metadata_gap_closed_pdf_solution_bound,题图与解析图绑定正确；旧 MarginNote Word 精确节点仍为错绑证据；当前只剩可选替换原卡图,从活跃正式层元数据缺口移出；不改正式关系网,可选从 MarginNote 恢复原卡图；Tutor 范围 CO01-16/CO01-14/CO01-15/CO01-09
2026-07-03,CO_2022_003,question-01.png; solution-01.png; metadata-active-gap contact sheet,metadata_year_conflict_rechecked_active,题图与解析图绑定正确；图面年份与当前正式 ID 年份冲突继续成立,保留迁移待确认；不改正式关系网,等待用户确认是否迁移 ID；Tutor 范围 CO01-14/CO01-13
2026-07-03,OS_2016_004,question-01.png; metadata-active-gap contact sheet,metadata_year_conflict_rechecked_active,题图可复做；图面年份与当前正式 ID 年份冲突继续成立；仍无独立解析图,保留迁移待确认；不改正式关系网,等待用户确认是否迁移 ID；Tutor 范围 OS05-29/OS05-26
2026-07-03,OS_2023_003,question-01.png; metadata-active-gap contact sheet,metadata_year_conflict_solution_pending_active,题图可复做；图面年份与当前正式 ID 年份冲突继续成立；仍缺独立解析图,保留迁移待确认和解析图待补；不改正式关系网,等待用户确认是否迁移 ID并继续补 solution-01.png；Tutor 范围 OS03-34/OS03-33/OS03-26
2026-07-03,CO_UNK_013,question-01.png; metadata-active-gap contact sheet,source_chain_pending_original_scan_needed_active,当前为文字卡替代题图且可阶段性复做；来源链/可能重复待确认；仍缺原题扫描图和独立解析图,保留来源链待确认；不自动合并正式节点,等待用户确认合并或补原扫描图；Tutor 范围 CO04-01/CO04-02/CO04-08/CO04-22
2026-07-03,OS_UNK_121,question-01.png; metadata-active-gap contact sheet,possible_duplicate_source_chain_pending_active,当前为文字卡替代题图且可阶段性复做；可能重复/来源链待确认；仍缺原题扫描图 来源 ID 正式年份和独立解析图,保留来源链待确认；不自动合并正式节点,等待用户确认合并或补原扫描图；Tutor 范围 OS02-47/OS02-44/OS02-48/OS02-49
2026-07-03,CO_UNK_001,question-01.png; solution-01.png; original-scan-co-text-card contact sheet,original_scan_text_card_rechecked,当前题图和解析图主题绑定正确，可阶段性复做；仍为文字卡替代资产,追加详情卡 QA 记录和证据图；不改正式关系网,继续补原题扫描图；Tutor 范围 CO03-19
2026-07-03,CO_UNK_003,question-01.png; solution-01.png; original-scan-co-text-card contact sheet,original_scan_text_card_rechecked,当前题图和解析图主题绑定正确，可阶段性复做；仍为文字卡拆分恢复资产,追加详情卡 QA 记录和证据图；不改正式关系网,继续补原题扫描图；Tutor 范围 CO03-03/CO03-07/CO03-08/CO03-10
2026-07-03,CO_UNK_019,question-01.png; solution-01.png; original-scan-co-text-card contact sheet,original_scan_text_card_rechecked,当前题图和解析图主题绑定正确，可阶段性复做；仍为文字卡替代资产,追加详情卡 QA 记录和证据图；不改正式关系网,继续补原题扫描图；Tutor 范围 CO04-08/CO04-11/CO04-12
2026-07-03,CO_UNK_020,question-01.png; solution-01.png; original-scan-co-text-card contact sheet,original_scan_text_card_rechecked,当前题图和解析图主题绑定正确，可阶段性复做；仍为文字卡替代资产,追加详情卡 QA 记录和证据图；不改正式关系网,继续补原题扫描图；Tutor 范围 CO04-11/CO04-12
2026-07-03,CO_2013_002,question-01.png; solution-01.png; original-scan-co-text-card contact sheet,original_scan_source_chain_rechecked,当前题图和解析图主题绑定可阶段性复做；题图仍复用 CO_UNK_013 文字卡且来源链未闭合,追加详情卡 QA 记录和证据图；不自动合并正式节点；不改正式关系网,继续补原题扫描图并等待来源链确认；Tutor 范围 CO04-01/CO04-02/CO04-08
2026-07-03,CO_2014_001,question-01.png; solution-01.png; long-solution-co contact sheet,long_solution_co_rechecked,题图与长解析图同属 DRAM 地址复用与引脚口径主题；长解析图未截断,追加详情卡 QA 记录和证据图；不改正式关系网,保持折叠解析并后续可补压缩文字解析；Tutor 范围 CO03-04
2026-07-03,CO_2015_004,question-01.png; solution-01.png; long-solution-co contact sheet,long_solution_co_rechecked,题图与长解析图同属 DRAM/SDRAM 周期性刷新边界主题；长解析图可读但扩展材料较多,追加详情卡 QA 记录和证据图；不改正式关系网,后续可压缩为本道直接文字解析；Tutor 范围 CO03-04
2026-07-03,CO_2015_005,question-01.png; solution-01.png; long-solution-co contact sheet,long_solution_co_rechecked,题图与长解析图同属低位交叉编址 存储体映射和访存冲突判断主题；长解析图未截断,追加详情卡 QA 记录和证据图；不改正式关系网,保持折叠解析；Tutor 范围 CO03-09
2026-07-03,CO_2017_001,question-01.png; solution-01.png; solution-02.png; long-solution-co contact sheet,long_solution_multi_image_rechecked,题图与两张解析图同属四体交叉编址访问周期判断主题；两张解析图互补且顺序合理,追加详情卡 QA 记录和证据图；不改正式关系网,手写/图示证据只留详情库折叠解析区；Tutor 范围 CO03-09
2026-07-03,CO_2018_005,question-01.png; solution-01.png; long-solution-co contact sheet,long_solution_co_rechecked,题图与长解析图同属 DRAM 行列组织 地址引脚最小化和刷新开销权衡主题；长解析图未截断,追加详情卡 QA 记录和证据图；不改正式关系网,保持折叠解析并后续可补文字解析；Tutor 范围 CO03-04
2026-07-03,CO_UNK_065,question-01.png; docx/quarantine candidate paths; p1 recovery blockers contact sheet,p1_solution_recovery_blocked_rechecked,当前题图可复做；DOCX 候选和隔离候选仍为相邻题图或错绑解析，不能回填,追加详情卡 QA 记录和证据图；不改正式关系网,继续补独立 solution-01.png；Tutor 范围 CO06-18
2026-07-03,CO_UNK_068,question-01.png; docx/quarantine candidate paths; p1 recovery blockers contact sheet,p1_original_and_solution_recovery_blocked_rechecked,当前为文字卡替代题图；DOCX 候选和隔离候选仍为相邻材料或错绑解析，不能回填,追加详情卡 QA 记录和证据图；不改正式关系网,继续补原题扫描图和独立 solution-01.png；Tutor 范围 CO03-14
2026-07-03,CO_UNK_069,question-01.png; docx/quarantine candidate paths; p1 recovery blockers contact sheet,p1_solution_recovery_blocked_rechecked,当前题图清晰可复做；DOCX 候选和旧题图备份未出现本道独立解析图,追加详情卡 QA 记录和证据图；不改正式关系网,继续补独立 solution-01.png；Tutor 范围 CO05-22
2026-07-03,DS_2023_002,question-01.png; docx/quarantine candidate paths; p1 recovery blockers contact sheet,p1_solution_recovery_blocked_locator_pending,当前题图清晰可复做；候选仍为当前题图 串讲/代码材料或其他顺序表题；MarginNote 稳定定位待补,追加详情卡 QA 记录和证据图；不改正式关系网,继续补独立 solution-01.png 和定位；Tutor 范围 DS01-11
2026-07-03,DS_2023_004,question-01.png; docx/quarantine candidate paths; p1 recovery blockers contact sheet,p1_solution_recovery_blocked_rechecked,当前题图清晰可复做；候选仍为当前题图 B+树示意或跨主题图示，不能回填,追加详情卡 QA 记录和证据图；不改正式关系网,继续补独立 solution-01.png；Tutor 范围 DS07-13
2026-07-03,CN_UNK_048,question-01.png; docx/quarantine candidate paths; p1 early contact sheet,p1_solution_early_recovery_blocked_rechecked,题图清晰可复做；无解析提前暴露；本地候选仍为当前题图 相邻网络题或通信示意图，不能回填为本道独立解析图,追加详情卡 QA 记录和证据图；不改正式关系网,继续补独立 solution-01.png；Tutor 范围 CN03-21
2026-07-03,CO_2016_002,question-01.png; docx/quarantine candidate paths; p1 early contact sheet,p1_solution_early_recovery_blocked_rechecked,题图清晰可复做；无解析提前暴露；本地候选仍为当前题图 I/O 相邻材料或跨主题示意图，不能回填为本道独立解析图,追加详情卡 QA 记录和证据图；不改正式关系网,继续补独立 solution-01.png；Tutor 范围 CO06-18
2026-07-03,CO_2015_001,question-01.png; docx candidate paths; p1 early contact sheet,p1_solution_early_recovery_blocked_rechecked,题图清晰可复做；无解析提前暴露；本地候选仍未出现本道独立解析图,追加详情卡 QA 记录和证据图；不改正式关系网,继续补原解析卡或独立 solution-01.png；Tutor 范围 CO01-06
2026-07-03,CO_2016_003,question-01.png; docx candidate paths; p1 early contact sheet,p1_solution_early_recovery_blocked_rechecked,题图清晰可复做；无解析提前暴露；本地候选仍未出现本道独立解析图,追加详情卡 QA 记录和证据图；不改正式关系网,继续补原解析卡或独立 solution-01.png；Tutor 范围 CO01-06
2026-07-03,CO_2018_002,question-01.png; docx/quarantine candidate paths; p1 early contact sheet,p1_solution_early_recovery_blocked_rechecked,题图清晰可复做；关键参数完整；隔离候选仍为跨主题运算电路材料，不能回填为本道独立解析图,追加详情卡 QA 记录和证据图；不改正式关系网,继续补独立 solution-01.png；Tutor 范围 CO02-12
2026-07-03,CO_UNK_013,question-01.png; CO_2013_002 question/solution; p2 metadata contact sheet,source_chain_duplicate_candidate_stronger,本节点题图与 CO_2013_002 题图视觉一致；CO_2013_002 有同题解析图；当前更接近强重复/来源链合并候选,追加详情卡 QA 记录和证据图；不改正式关系网 不自动合并 HCO_0013/HCO_0080,等待用户确认合并或补原题扫描图；Tutor 范围 CO04-01/CO04-02/CO04-08/CO04-22
2026-07-03,OS_UNK_121,question-01.png; OS_2019_001 question; p2 metadata contact sheet,source_chain_duplicate_candidate_stronger,本节点文字卡题图与 OS_2019_001 原扫描题图题设内容高度一致；来源链指向 HOS_0018/2.4.6（41）,追加详情卡 QA 记录和证据图；不改正式关系网 不自动合并节点,等待用户确认是否并入 OS_2019_001；Tutor 范围 OS02-44/OS02-47/OS02-48/OS02-49
2026-07-03,CO_2022_003,question-01.png; solution-01.png; p2 metadata contact sheet,metadata_year_conflict_target_available_rechecked,题图与解析图绑定正确；图面年份与当前正式 ID 年份冲突继续成立；候选目标 CO_2023_006 当前未占用,追加详情卡 QA 记录和证据图；不改正式 ID,等待用户确认是否迁移；Tutor 范围 CO01-14/CO01-13/CO01-11/CO01-12
2026-07-03,OS_2016_004,question-01.png; p2 metadata contact sheet,metadata_year_conflict_target_available_rechecked,题图可复做；图面年份与当前正式 ID 年份冲突继续成立；候选目标 OS_2024_002 当前未占用；仍缺独立解析图,追加详情卡 QA 记录和证据图；不改正式 ID,等待用户确认是否迁移；Tutor 范围 OS05-29/OS05-26
2026-07-03,OS_2023_003,question-01.png; p2 metadata contact sheet,metadata_year_conflict_solution_pending_target_available_rechecked,题图可复做；图面年份与当前正式 ID 年份冲突继续成立；候选目标 OS_2011_002 当前未占用；仍缺独立解析图,追加详情卡 QA 记录和证据图；不改正式 ID,等待用户确认是否迁移；Tutor 范围 OS03-34/OS03-33/OS03-26
2026-07-03,CO_2015_001,question-01.png; solution-01.png; p1 solution pdf recovery contact sheet,solution_pdf_recovered_verified,本地2015解析PDF按关键词裁出独立解析图并逐图确认同题,写入详情卡折叠解析区并从P1仅解析图待补移出,Tutor范围CO01-06
2026-07-03,CO_2016_002,question-01.png; solution-01.png; p1 solution pdf recovery contact sheet,solution_pdf_recovered_verified,本地2016解析PDF按SPOOLing和硬件机制关键词裁出独立解析图并逐图确认同题,写入详情卡折叠解析区并从P1仅解析图待补移出,Tutor范围CO06-18
2026-07-03,CO_2016_003,question-01.png; solution-01.png; p1 solution pdf recovery contact sheet,solution_pdf_recovered_verified,本地2016解析PDF按翻译程序和目标代码关键词裁出独立解析图并逐图确认同题,写入详情卡折叠解析区并从P1仅解析图待补移出,Tutor范围CO01-06
2026-07-03,CO_2018_002,question-01.png; solution-01.png; p1 solution pdf recovery contact sheet,solution_pdf_recovered_verified,本地2018解析PDF按CF OF和补码减法关键词裁出独立解析图并逐图确认同题,写入详情卡折叠解析区并从P1仅解析图待补移出,Tutor范围CO02-12/CO02-14
2026-07-03,CO_2018_004,question-01.png; solution-01.png; p1 solution pdf recovery contact sheet,solution_pdf_recovered_verified,本地2018解析PDF按小端存储和机器代码关键词裁出独立解析图并逐图确认同题,写入详情卡折叠解析区并从P1仅解析图待补移出,Tutor范围CO04-22
2026-07-03,OS_2023_003,question-01.png; solution-01.png; os-2023-003-solution-pdf-recovery contact sheet,solution_pdf_recovered_verified,本地2011解析PDF按抖动和对换区关键词裁出独立解析图并直接查看确认同题,写入详情卡折叠解析区并从P1仅解析图待补移出；正式年份ID迁移仍待确认,Tutor范围OS03-34/OS03-33/OS03-26
2026-07-03,CN_UNK_048,question-01.png; solution-01.png; cn-unk-048-pdf-solution-recovery contact sheet,solution_pdf_recovered_verified,本地2011解析PDF裁出独立解析图并直接查看确认同属MAC确认机制主题；PDF内部题号与当前题图题号不一致,写入详情卡折叠解析区并从P1仅解析图待补移出；不作为正式ID迁移依据,Tutor范围CN03-15
2026-07-03,CO_UNK_009,question-01.png; solution-01.png; co-unk-009-pdf-solution-recovery contact sheet,solution_pdf_recovered_verified,本地袁春风习题解答PDF第101页裁出独立解析图并直接查看确认同属调用指令语义辨析主题,写入详情卡折叠解析区并从P1仅解析图待补移出,Tutor范围CO04-25
2026-07-03,DS_2023_002,question-01.png; solution-01.png; p1-pdf-recovery-ds-cn-three-final contact sheet,solution_pdf_recovered_verified,本地2023解析PDF裁出独立解析图并直接查看确认同属顺序存储有序表操作复杂度主题,写入详情卡折叠解析区并从P1仅解析图待补移出；MarginNote稳定定位仍可后续优化,Tutor范围DS01-11
2026-07-03,DS_2023_004,question-01.png; solution-01.png; p1-pdf-recovery-ds-cn-three-final contact sheet,solution_pdf_recovered_verified,本地2023解析PDF裁出独立解析图并直接查看确认同属非空B树操作性质辨析主题,写入详情卡折叠解析区并从P1仅解析图待补移出,Tutor范围DS07-13
2026-07-03,CN_2024_002,question-01.png; solution-01.png; p1-pdf-recovery-ds-cn-three-final contact sheet,solution_pdf_recovered_verified,本地2024解析PDF裁出独立解析图并直接查看确认同属二进制数字调制方式辨析主题,写入详情卡折叠解析区并从P1仅解析图待补移出,Tutor范围CN02-18
2026-07-03,CO_UNK_065,question-01.png; solution-01.png; p1-pdf-recovery-CO_UNK_065-ycf-p255 contact sheet,solution_pdf_recovered_verified,本地袁春风习题解答PDF第255页裁出独立解析图并直接查看确认同属DMA周期挪用主题,写入详情卡折叠解析区并从P1仅解析图待补移出,Tutor范围CO06-18
2026-07-03,CO_UNK_061,question-01.png; solution-01.png; co-unk-061-wangdao-solution-recovery contact sheet,solution_pdf_recovered_verified,本地王道总线定时解析页裁出独立解析图并直接查看确认同属异步传输方式适用场景主题,写入详情卡折叠解析区并从P1仅解析图待补移出,Tutor范围CO06-05
2026-07-03,CO_UNK_044,question-01.png; solution-01.png; co-unk-044-wangdao-solution-recovery contact sheet,solution_pdf_recovered_verified,本地王道控制器答案解析页裁出独立解析图并直接查看确认同属微程序控制单元设计参数辨析主题,写入详情卡折叠解析区并从P1仅解析图待补移出,Tutor范围CO05-04
2026-07-03,CO_UNK_069,question-01.png; solution-01.png; co-unk-069-wangdao-solution-recovery contact sheet,solution_pdf_recovered_verified,本地王道流水线答案解析页裁出独立解析图并直接查看确认同属流水CPU基本概念辨析主题,写入详情卡折叠解析区并从P1仅解析图待补移出,Tutor范围CO05-22
2026-07-03,CO_UNK_068,question-01.png; dzt original book text search,no_solution_image_recovered,本地原书源命中原题和参考答案表但未发现详细解析图；答案表不回填为solution-01.png,保留P1独立解析图待补；等待MarginNote展开解析卡或用户提供解析图,Tutor范围CO03-14
2026-07-03,CO_2019_001,question-01.png; 2019解析PDF; 王道I/O页段,no_solution_image_recovered,当前题图可复做；2019真题解析PDF与王道I/O页段未发现同题独立解析图,保留P1独立解析图待补；等待MarginNote展开解析卡或用户提供解析图,Tutor范围CO06-19
2026-07-03,CO_UNK_068,question-01.png; safe card and QA status,status_corrected,原扫描题图已补回；旧“补原题扫描图”状态过期,只保留独立解析图待补；不改正式关系网内容,Tutor范围CO03-14
2026-07-03,CO_UNK_010; OS_UNK_024; OS_UNK_037; OS_UNK_042; OS_UNK_044,question-01.png; rendered-question-pending-safe-field-repair contact sheet,safe_field_repaired,5张文字卡/文字重排题图直接查看后确认均可阶段性复做但仍非原始扫描图；本轮不替换图片,补正式安全摘要、问法类型、模糊概念、错因和知识点命中索引；继续保留原题扫描图和独立解析图待补,Tutor范围CO04-08; OS02-19; OS02-11; OS02-06/OS02-05; OS02-01/OS02-03
2026-07-03,CO_UNK_001,question-01.png; solution-01.png; original-scan-co-text-card contact sheet,original_scan_pending_text_card_revalidated,题图与解析图主题匹配且可阶段性复做；当前仍为文字卡替代资产,不改正式关系网；继续补最终原题扫描图,Tutor范围CO03-19
2026-07-03,CO_UNK_003,question-01.png; solution-01.png; original-scan-co-text-card contact sheet,original_scan_pending_text_card_revalidated,题图为无答案文字复做卡且解析保留在折叠区；主题与安全卡一致,不改正式关系网；继续补最终原题扫描图,Tutor范围CO03-03
2026-07-03,CO_UNK_019,question-01.png; solution-01.png; original-scan-co-text-card contact sheet,original_scan_pending_text_card_revalidated,题图与解析图主题匹配且第一屏保持复做保护；当前仍为文字卡替代资产,不改正式关系网；继续补最终原题扫描图,Tutor范围CO04-08
2026-07-03,CO_UNK_020,question-01.png; solution-01.png; original-scan-co-text-card contact sheet,original_scan_pending_text_card_revalidated,题图与解析图主题匹配且第一屏未提前展示解析；当前仍为文字卡替代资产,不改正式关系网；继续补最终原题扫描图,Tutor范围CO04-16
2026-07-03,CO_2013_002,question-01.png; solution-01.png; original-scan-co-text-card contact sheet,source_chain_pending_revalidated,题图与解析截图主题匹配但题图仍复用CO_UNK_013文字卡替代资产；来源链未闭合,不自动合并正式节点；等待用户确认或补各自原扫描图,Tutor范围CO04-01
2026-07-03,CO_UNK_010,question-01.png; folded answer text,rendered_question_pending_second_pass,逐张直接查看题图并核对折叠解析；当前为MarginNote文字重排题图且可阶段性复做；仍无原题扫描图和独立解析图,不改正式关系网；继续补原题扫描图 定位标记和solution-01.png,Tutor范围CO04-08
2026-07-03,OS_UNK_024,question-01.png; folded answer text,rendered_question_pending_second_pass,逐张直接查看题图并核对折叠解析；当前为MarginNote文字卡渲染题图且可阶段性复做；仍无原题扫描图和独立解析图,不改正式关系网；继续补原题扫描图和solution-01.png,Tutor范围OS02-19
2026-07-03,OS_UNK_037,question-01.png; folded answer text,rendered_question_pending_second_pass,逐张直接查看题图并核对折叠解析；当前为MarginNote文字卡渲染题图且可阶段性复做；仍无原题扫描图和独立解析图,不改正式关系网；继续补原题扫描图和solution-01.png,Tutor范围OS02-11
2026-07-03,OS_UNK_042,question-01.png; folded answer text,rendered_question_pending_second_pass,逐张直接查看题图并核对折叠解析；当前为MarginNote文字卡渲染题图且可阶段性复做；仍无原题扫描图和独立解析图,不改正式关系网；继续补原题扫描图和solution-01.png,Tutor范围OS02-06/OS02-05
2026-07-03,OS_UNK_044,question-01.png; folded answer text,rendered_question_pending_second_pass,逐张直接查看题图并核对折叠解析；当前为MarginNote文字卡渲染题图且可阶段性复做；仍无原题扫描图和独立解析图,不改正式关系网；继续补原题扫描图和solution-01.png,Tutor范围OS02-01/OS02-03
2026-07-03,OS_UNK_121,question-01.png; OS_2019_001 question-01.png; os-unk-121-122-source-recheck contact sheet,source_chain_duplicate_candidate_final_recheck,直接查看原扫描参照和当前文字卡替代题图；来源链高度重合且当前题图可阶段性复做；仍需用户确认是否并入OS_2019_001,不改正式关系网；等待用户确认合并或保留独立节点并补原扫描图/来源ID/独立解析图,Tutor范围OS02-44/OS02-47/OS02-48/OS02-49/OS02-50
2026-07-03,OS_UNK_122,question-01.png; os-unk-121-122-source-recheck contact sheet,original_scan_source_still_pending_final_recheck,直接查看当前文字卡替代题图；第一屏可阶段性复做且未发现可直接绑定的历史来源ID或原扫描题图；仍无独立解析图,不改正式关系网；继续补来源定位/原题扫描图/独立解析图,Tutor范围OS03-20
2026-07-03,CO_2019_001,question-01.png; 2019 parse PDF overview; Wangdao I/O overview; co-2019-001-co-unk-068 solution candidate sheet,solution_candidate_final_recheck_no_recovery,直接查看当前题图和本地PDF候选总览；未发现同题独立解析图候选,不改正式关系网；继续等待MarginNote展开解析卡或用户提供solution-01.png,Tutor范围CO06-19
2026-07-03,CO_UNK_068,question-01.png; original scan recovery evidence; DOCX candidate overview; co-2019-001-co-unk-068 solution candidate sheet,solution_candidate_final_recheck_no_recovery,当前题图已是原扫描裁片；DOCX候选仍为相邻Cache题/映射示意图/历史错绑材料,不回填解析图且不改正式关系网；继续只追踪独立solution-01.png,Tutor范围CO03-14
2026-07-03,CO_UNK_002,question-01.png; solution-01.png; original-scan-pending-co-first5 contact sheet,original_scan_pending_co_first5_rechecked,当前为MarginNote Word文字卡替代题图和解析图；可阶段性复做但仍非原题扫描图,更新详情卡QA和工作队列统计；不改正式关系网,继续补原题扫描图；Tutor范围CO03-21
2026-07-03,CO_UNK_001,question-01.png; solution-01.png; original-scan-pending-co-first5 contact sheet,original_scan_pending_co_first5_rechecked,当前文字卡替代题图与解析图主题匹配；可阶段性复做但仍非原题扫描图,追加详情卡QA记录；不改正式关系网,继续补原题扫描图；Tutor范围CO03-19
2026-07-03,CO_2013_002,question-01.png; solution-01.png; original-scan-pending-co-first5 contact sheet,source_chain_pending_co_first5_rechecked,当前题图与解析截图主题匹配但题图仍复用CO_UNK_013文字卡替代资产；来源链未闭合,追加详情卡QA记录；不自动合并正式节点,等待用户确认或补各自原扫描图；Tutor范围CO04-01
2026-07-03,CO_UNK_003,question-01.png; solution-01.png; original-scan-pending-co-first5 contact sheet,original_scan_pending_co_first5_rechecked,当前为无答案文字复做卡且解析在折叠区；主题与安全卡一致但仍非原题扫描图,追加详情卡QA记录；不改正式关系网,继续补原题扫描图；Tutor范围CO03-03
2026-07-03,CO_UNK_020,question-01.png; solution-01.png; original-scan-pending-co-first5 contact sheet,original_scan_pending_co_first5_rechecked,当前文字卡替代题图与解析图主题匹配且第一屏未提前展示解析；仍非原题扫描图,追加详情卡QA记录；不改正式关系网,继续补原题扫描图；Tutor范围CO04-16
2026-07-03,CO_UNK_019,question-01.png; solution-01.png; original-scan-pending-mixed-next5 contact sheet,original_scan_pending_mixed_next5_rechecked,当前文字卡替代题图与解析图主题绑定一致；可阶段性复做但仍非原题扫描图,追加详情卡QA记录；不改正式关系网,继续补原题扫描图；Tutor范围CO04-08
2026-07-03,CO_UNK_010,question-01.png; folded answer text; original-scan-pending-mixed-next5 contact sheet,original_scan_pending_mixed_next5_rechecked,当前文字重排题图可阶段性复做；折叠解析文字可用但无独立solution-01.png,追加详情卡QA记录；不改正式关系网,继续补原题扫描图/定位标记/solution-01.png；Tutor范围CO04-08
2026-07-03,OS_UNK_024,question-01.png; folded answer text; original-scan-pending-mixed-next5 contact sheet,original_scan_pending_mixed_next5_rechecked,当前文字卡渲染题图可阶段性复做；折叠解析文字可用但无独立solution-01.png,追加详情卡QA记录；不改正式关系网,继续补原题扫描图和solution-01.png；Tutor范围OS02-19
2026-07-03,OS_UNK_037,question-01.png; folded answer text; original-scan-pending-mixed-next5 contact sheet,original_scan_pending_mixed_next5_rechecked,当前文字卡渲染题图可阶段性复做；折叠解析文字可用但无独立solution-01.png,追加详情卡QA记录；不改正式关系网,继续补原题扫描图和solution-01.png；Tutor范围OS02-11
2026-07-03,OS_UNK_042,question-01.png; folded answer text; original-scan-pending-mixed-next5 contact sheet,original_scan_pending_mixed_next5_rechecked,当前文字卡渲染题图可阶段性复做；折叠解析文字可用但无独立solution-01.png,追加详情卡QA记录；不改正式关系网,继续补原题扫描图和solution-01.png；Tutor范围OS02-06/OS02-05
2026-07-03,CO_UNK_013,question-01.png; CO_2013_002 question/solution; metadata-confirmation-five contact sheet,metadata_confirmation_duplicate_candidate_rechecked,题图与CO_2013_002一致且后者有同主题解析图；来源链未闭合,新增确认决策包；不自动合并正式节点,等待用户确认并入或补独立原扫描图；Tutor范围CO04-01/CO04-02/CO04-08/CO04-22
2026-07-03,OS_UNK_121,question-01.png; OS_2019_001 question; metadata-confirmation-five contact sheet,metadata_confirmation_duplicate_candidate_rechecked,当前文字卡题图与OS_2019_001原扫描题图和来源链高度重合,新增确认决策包；不自动合并正式节点,等待用户确认并入或保留独立节点并补来源/原扫描/解析图；Tutor范围OS02-44/OS02-47/OS02-48/OS02-49/OS02-50
2026-07-03,CO_2022_003,question-01.png; solution-01.png; metadata-confirmation-five contact sheet,metadata_confirmation_year_conflict_rechecked,题图与解析图绑定正确但图面年份与当前正式ID年份冲突；候选目标CO_2023_006当前未占用,新增确认决策包；不迁移正式ID等待用户确认,Tutor范围CO01-14/CO01-13/CO01-11/CO01-12
2026-07-03,OS_2016_004,question-01.png; metadata-confirmation-five contact sheet,metadata_confirmation_year_conflict_rechecked,题图可复做但图面年份与当前正式ID年份冲突；候选目标OS_2024_002当前未占用；仍缺独立解析图,新增确认决策包；不迁移正式ID等待用户确认,Tutor范围OS05-29/OS05-26/OS05-27
2026-07-03,OS_2023_003,question-01.png; solution-01.png; metadata-confirmation-five contact sheet,metadata_confirmation_year_conflict_rechecked,题图和独立解析图均已恢复但图面年份与当前正式ID年份冲突；候选目标OS_2011_002当前未占用,新增确认决策包；不迁移正式ID等待用户确认,Tutor范围OS03-34/OS03-33/OS03-26/OS03-36
2026-07-03,OS_UNK_122,question-01.png; solution-01.png; os-unk-122-pdf-recovery contact sheet,original_scan_and_solution_pdf_recovered,本地2009真题PDF恢复原扫描题图并从对应解析PDF恢复独立解析图；旧文字卡替代图已隔离；正式来源ID和正式年份ID仍待用户确认,更新详情库资产和安全卡附件状态；不改正式节点ID或关系网,Tutor范围OS03-20/OS03-02/OS03-21/OS03-22
2026-07-03,OS_UNK_044,question-01.png; local OS book page 64; os-unk-044-local-book-related-not-exact contact sheet,local_book_related_not_exact_no_recovery,本地操作系统学习指导与题解命中PCB同主题题页但题面选项结构与当前节点不一致；不回填题图或解析图；继续保留原扫描图和独立解析图待补,只登记排除证据；不改正式关系网,Tutor范围OS02-01/OS02-03
2026-07-03,OS_UNK_024,question-01.png; DOCX exact node; os-rendered-batch-docx-nearby-images-rejected contact sheet,docx_exact_node_images_rejected,Word导出精确命中定位号和note link；附近候选图均为相邻题或相邻概念材料；无可回填原扫描题图或独立解析图,补MarginNote note link并登记排除证据；不替换图片；不改正式关系网,继续补原题扫描图和solution-01.png；Tutor范围OS02-19
2026-07-03,OS_UNK_037,question-01.png; DOCX exact node; os-rendered-batch-docx-nearby-images-rejected contact sheet,docx_exact_node_images_rejected,Word导出精确命中定位号和note link；附近候选图均为相邻题或相邻概念材料；无可回填原扫描题图或独立解析图,补MarginNote note link并登记排除证据；不替换图片；不改正式关系网,继续补原题扫描图和solution-01.png；Tutor范围OS02-11
2026-07-03,OS_UNK_042,question-01.png; DOCX exact node; local OS book related page; os-rendered-batch-docx-nearby-images-rejected contact sheet,docx_exact_node_images_rejected,Word导出精确命中定位号和note link；附近候选图均为相邻题或相邻概念材料；本地书源命中同章相关练习但非同题；无可回填原扫描题图或独立解析图,补MarginNote note link并登记排除证据；不替换图片；不改正式关系网,继续补原题扫描图和solution-01.png；Tutor范围OS02-06/OS02-05
2026-07-03,CO_UNK_010,question-01.png; DOCX exact node; local CO PDF text search; co-unk-010-os-unk-044 docx rejected sheet,docx_exact_node_images_rejected,Word导出精确命中HCO_0010和note link；附近候选图为ALU相邻材料或相邻题；本地组成原理PDF未命中可回填同题页,补MarginNote note link并登记排除证据；不替换图片；不改正式关系网,继续补原题扫描图/定位标记/solution-01.png；Tutor范围CO04-08
2026-07-03,OS_UNK_044,question-01.png; DOCX exact node; local OS book pages; co-unk-010-os-unk-044 PDF rejected sheet,docx_pdf_exact_node_images_rejected,Word导出精确命中2.1.8（24）和note link；附近候选图为相邻进程题；本地OS书源命中PCB概念页和同主题习题但非同题,补MarginNote note link并登记排除证据；不替换图片；不改正式关系网,继续补原题扫描图和solution-01.png；Tutor范围OS02-01/OS02-03
2026-07-03,OS_UNK_044,question-01.png; solution-01.png; os-unk-044-original-scan-and-solution-recovery contact sheet,original_scan_and_solution_recovered,已直接查看本地王道OS选择题本PDF第16页和2026王道《操作系统》PDF第70页；确认第24题题图与解析图均为本节点同题材料,替换原MarginNote文字卡题图并隔离旧图；新增solution-01.png到折叠解析区；不改正式关系网,Tutor范围OS02-01/OS02-03
2026-07-03,CO_2019_001,question-01.png; solution-01.png; docx exact candidate sheet,rendered_solution_fallback_created,Word导出精确命中定位卡和解析文字卡；附近候选图未发现原始独立解析截图；由折叠解析文字生成非原始截图兜底解析图,写入details vault的solution-01.png；不改正式关系网；后续可用MarginNote原始解析截图替换,Tutor范围CO06-19
2026-07-03,CO_UNK_068,question-01.png; solution-01.png; docx exact candidate sheet,rendered_solution_fallback_created,当前题图已是原扫描裁片；Word导出精确命中解析文字卡；附近候选图仍非原始解析截图；由折叠解析文字生成非原始截图兜底解析图,写入details vault的solution-01.png；不改正式关系网；后续可用MarginNote原始解析截图替换,Tutor范围CO03-14
2026-07-03,CO_UNK_020,question-01.png; solution-01.png; DOCX targeted p2972 candidate; replacement contact sheet,original_scan_recovered_from_docx,Word导出4.2.22附近候选中直接查看到同题原扫描/标注题图；当前文字卡题图可被更高质量原扫描替换,旧文字卡题图备份到隔离目录并用DOCX候选替换question-01.png；不改正式关系网,解析图仍为文字卡兜底；后续可用MarginNote原始解析截图替换；Tutor范围CO04-16/CO04-08
2026-07-03,CO_2013_002;CO_UNK_001;CO_UNK_003;CO_UNK_019,DOCX targeted nearby candidates; detail card QA notes,docx_nearby_candidates_rejected,Word导出按标题段落或主题词命中后直接查看附近候选；候选为来源链污染材料、相邻题、文字解析段落或无可替换图片,只在详情卡登记排除证据；不替换图片；不改正式关系网,继续补各自原题扫描图；Tutor范围CO04-01/CO03-19/CO03-03/CO04-08
2026-07-03,CO_UNK_010,question-01.png; solution-01.png; co-unk-010-original-scan-and-solution-recovery contact sheet,original_scan_and_solution_recovered_verified,直接查看本地王道选择题本第41页并确认4.2指令寻址方式第1题为本道同题原扫描；替换question-01.png并隔离旧文字卡题图；直接查看2026计算机组成原理PDF第189页/印刷页177并确认4.2.4答案与解析第1题为本道同题解析,写入solution-01.png；不改正式关系网,Tutor范围CO04-08
2026-07-03,OS_UNK_024,question-01.png; solution-01.png; os-unk-024-037-042-original-scan-and-solution-recovery contact sheet,original_scan_and_solution_recovered_verified,直接查看本地王道OS选择题本PDF第17页并确认2.1进程与线程第32题为本道同题原扫描；替换question-01.png并隔离旧文字卡题图；直接查看2026王道《操作系统》PDF第71页/印刷页60并确认第32题为本道同题解析,写入solution-01.png；不改正式关系网,Tutor范围OS02-19
2026-07-03,OS_UNK_037,question-01.png; solution-01.png; os-unk-024-037-042-original-scan-and-solution-recovery contact sheet,original_scan_and_solution_recovered_verified,直接查看本地王道OS选择题本PDF第18页并确认2.1进程与线程第40题为本道同题原扫描；替换question-01.png并隔离旧文字卡题图；直接查看2026王道《操作系统》PDF第71页/印刷页60并确认第40题为本道同题解析,写入solution-01.png；不改正式关系网,Tutor范围OS02-11
2026-07-03,OS_UNK_042,question-01.png; solution-01.png; os-unk-024-037-042-original-scan-and-solution-recovery contact sheet,original_scan_and_solution_recovered_verified,直接查看本地王道OS选择题本PDF第18页并确认2.1进程与线程第45题为本道同题原扫描；替换question-01.png并隔离旧文字卡题图；直接查看2026王道《操作系统》PDF第72页/印刷页61并确认第45题为本道同题解析,写入solution-01.png；不改正式关系网,Tutor范围OS02-06/OS02-05
2026-07-04,CO_UNK_001,question-01.png; solution-01.png; co-unk-001-co03-q089-original-scan-and-solution-recovery contact sheet,original_scan_and_solution_recovered_from_co03_corpus,直接查看本地CO03存储系统语料CO03-Q089 / 3.5.6 (02) 并确认其为本道同题原扫描和对应解析,替换question-01.png与solution-01.png并隔离旧文字卡题图和解析图；不改正式关系网,Tutor范围CO03-12/CO03-19
2026-07-04,CO_UNK_003,question-01.png; solution-01.png; co-unk-003-co03-q032-original-scan-and-solution-recovery contact sheet,original_scan_and_solution_recovered_from_co03_corpus,直接查看本地CO03存储系统语料CO03-Q032 / 3.2.5 (18) 并确认其为本道同题原扫描和对应解析,替换question-01.png与solution-01.png并隔离旧文字卡题图和解析图；正式主知识点从CO03-03校准为CO03-04但不写入完整题干/解析/答案/选项字母/图片到正式关系网,Tutor范围CO03-04/CO03-03
2026-07-04,CO_UNK_019,question-01.png; solution-01.png; 105 DOCX nearby candidate images split into 6 contact sheets,docx_nearby_candidates_rechecked_no_replacement,直接查看当前文字卡题图和折叠解析图；逐批查看DOCX近邻候选105张图；候选为相邻题或相邻概念材料且未发现同题原扫描题图,只登记排除证据；不替换图片；不改正式关系网,继续补原题扫描图；Tutor范围CO04-08/CO04-16
2026-07-04,CO_2013_002,question-01.png; solution-01.png; 2013 true exam PDF 8 page contact sheet,pdf_source_rechecked_no_recovery,直接查看本地2013年408真题PDF8页总览；未发现与当前ISA指令系统判断文字卡同题的原扫描题图；HCO_0080来源链污染继续成立,只登记排除证据；不替换图片；不改正式关系网；继续等待用户确认与CO_UNK_013合并或补正确原扫描图,Tutor范围CO04-01/CO04-02/CO04-08/CO04-22
2026-07-04,OS_2016_004,question-01.png; solution-01.png; 2024 solution PDF page 6 crop,solution_pdf_recovered_verified,直接查看当前题图和本地2024年408真题解析PDF12页总览；第6页含本道C-SCAN磁盘调度解析并已裁出solution-01.png写入详情库折叠解析区；图面年份与正式ID年份冲突仍保留,不迁移正式ID；不改正式关系网,Tutor范围OS05-29/OS05-26/OS05-27
2026-07-04,OS_UNK_121,question-01.png; solution-01.png; OS_2019_001 original scan; 2019 solution PDF page 7 crop,source_chain_duplicate_detail_assets_recovered,直接查看OS_UNK_121文字卡题图和OS_2019_001原扫描题图确认同题；用OS_2019_001同题原扫描替换OS_UNK_121题图并隔离旧文字卡；直接查看本地2019真题解析PDF第7页并裁出第30题独立解析图,只更新详情库资产/详情卡/质量清单；不合并正式节点 不改来源ID 不改关系网,等待用户确认是否并入OS_2019_001；Tutor范围OS02-44/OS02-47/OS02-48/OS02-49/OS02-50
2026-07-04,CO_2013_002,question-01.png; solution-01.png; CO_UNK_013 source-marked question; local CO/408 PDF text search,source_chain_rechecked_no_image_recovery,再次直接查看当前题图和解析图；题图底部仍显示CO_UNK_013来源标记且解析图为同主题文字解析截图；扩展检索本地王道/组成原理/习题解析PDF文字层后仍未发现可回填的同题原扫描来源,将本节点从单纯原扫描补图任务转为CO_2013_002与CO_UNK_013来源链/是否合并待确认；不替换图片；不合并节点；不改正式关系网,Tutor范围CO04-01/CO04-02/CO04-08/CO04-22
2026-07-04,CO_2013_002;CO_UNK_013,CO_2013_002 question; CO_UNK_013 question; CO_2013_002 solution; merge-decision contact sheet,source_chain_merge_decision_ready,两题图文件哈希完全相同且CO_2013_002题图带CO_UNK_013文字卡标记；HCO_0013来源链更干净；CO_2013_002仍无独立原扫描,生成merge decision证据图并更新确认决策包；不合并节点；不改正式关系网,等待用户确认并入CO_UNK_013或补HCO_0080独立原扫描；Tutor范围CO04-01/CO04-02/CO04-08/CO04-22
2026-07-04,OS_UNK_121;OS_2019_001,OS_UNK_121 question; OS_2019_001 question; OS_UNK_121 solution; merge-decision contact sheet,source_chain_merge_decision_ready,两题图文件哈希完全相同且均指向HOS_0018/2.4.6（41）/2019真题；OS_UNK_121有更完整个人错因和回滚记录；OS_2019_001有稳定正式年份和来源ID；已把同题解析图同步到OS_2019_001,生成merge decision证据图并更新确认决策包；不合并节点；不改正式关系网,等待用户确认保留OS_2019_001并迁入OS_UNK_121个人学习记录；Tutor范围OS02-44/OS02-47/OS02-48/OS02-49/OS02-50
2026-07-04,CO_2022_003,question-01.png; solution-01.png; co-2022-003-year-conflict-decision contact sheet,metadata_year_conflict_decision_ready,直接查看题图与解析图确认同题绑定且图面年份仍与当前正式ID年份冲突；候选CO_2023_006未发现占用,生成证据拼图并更新确认包；不迁移正式ID；不改正式关系网,等待用户确认迁移为CO_2023_006或保留当前ID并登记年份冲突；Tutor范围CO01-14/CO01-13/CO01-11/CO01-12
2026-07-04,OS_2016_004,question-01.png; solution-01.png; os-2016-004-year-conflict-decision contact sheet,metadata_year_conflict_decision_ready,直接查看题图与解析图确认同题绑定且图面年份仍与当前正式ID年份冲突；候选OS_2024_002未发现占用,生成证据拼图并更新确认包；不迁移正式ID；不改正式关系网,等待用户确认迁移为OS_2024_002或保留当前ID并登记年份冲突；Tutor范围OS05-29/OS05-26/OS05-27
2026-07-04,OS_2023_003,question-01.png; solution-01.png; os-2023-003-year-conflict-decision contact sheet,metadata_year_conflict_decision_ready,直接查看题图与解析图确认同题绑定且图面年份仍与当前正式ID年份冲突；候选OS_2011_002未发现占用,生成证据拼图并更新确认包；不迁移正式ID；不改正式关系网,等待用户确认迁移为OS_2011_002或保留当前ID并登记年份冲突；Tutor范围OS03-34/OS03-33/OS03-26/OS03-36
2026-07-04,OS_UNK_122,question-01.png; solution-01.png; os-unk-122-year-source-decision contact sheet,metadata_year_source_decision_ready,直接查看题图与解析图确认同题绑定且来自本地2009真题PDF恢复；图片质量缺口已闭合；候选OS_2009_003未发现占用；正式来源ID和迁移仍待用户确认,生成证据拼图并更新确认包；不迁移正式ID；不改正式关系网,等待用户确认迁移为OS_2009_003或保留当前UNK ID并登记2009来源链；Tutor范围OS03-20/OS03-02/OS03-21/OS03-22
2026-07-04,CN_2009_002,question-01.png; cn-qonly-year-conflict-review contact sheet,cn_nyquist_question_only_text_verified,直接查看题图清晰且图面年份与正式ID匹配 当前无独立解析图 折叠解析文字可阶段性复做,追加详情卡QA记录和证据拼图 不改正式关系网,Tutor范围CN02-15/CN02-13/CN02-18
2026-07-04,CN_2010_001,question-01.png; cn-qonly-year-conflict-review contact sheet,cn_packet_switch_question_only_text_verified,直接查看题图清晰且图面年份与正式ID匹配 当前无独立解析图 折叠解析文字可阶段性复做,追加详情卡QA记录和证据拼图 不改正式关系网,Tutor范围CN01-08/CN01-14
2026-07-04,CN_2013_001,question-01.png; cn-qonly-year-conflict-review contact sheet,metadata_year_conflict_target_available_solution_pending_rechecked,直接查看题图清晰但图面年份为2023 与当前正式ID和HCN_0065来源链冲突 候选CN_2023_002未发现占用 当前无独立解析图,新增详情卡QA记录 确认包和活跃缺口记录 不迁移正式ID 不改正式关系网,等待用户确认迁移为CN_2023_002或保留当前ID并登记年份冲突；Tutor范围CN03-07
2026-07-04,CN_2014_001,question-01.png; cn-qonly-batch2-direct-review contact sheet,question_only_batch2_direct_reviewed,直接查看题图清晰 图面年份与正式ID匹配 左侧清理痕迹不影响复做 当前无独立解析图 折叠解析文字可阶段性复做,追加详情卡QA记录和证据拼图 不改正式关系网,Tutor范围CN01-11/CN01-14/CN02-16/CN02-15
2026-07-04,CN_2023_001,question-01.png; cn-qonly-batch2-direct-review contact sheet,question_only_batch2_direct_reviewed,直接查看题图清晰 图面年份与正式ID匹配 拓扑和参数可读 当前无独立解析图 折叠解析文字可阶段性复做,追加详情卡QA记录和证据拼图 不改正式关系网,Tutor范围CN01-08/CN01-14/CN01-10
2026-07-04,CN_UNK_001,question-01.png; cn-qonly-batch2-direct-review contact sheet,question_only_batch2_trace_residual_reviewed,直接查看题图主体清晰 左侧清理残留和题号边缘缺损不遮挡复做 当前无独立解析图 折叠解析文字可阶段性复做,追加详情卡QA记录和证据拼图 不改正式关系网,Tutor范围CN01-22/CN01-18
2026-07-04,CN_UNK_002,question-01.png; cn-qonly-batch2-direct-review contact sheet,question_only_batch2_trace_residual_reviewed,直接查看题图主体清晰 左侧清理残留和题号边缘缺损不遮挡复做 当前无独立解析图 折叠解析文字可阶段性复做,追加详情卡QA记录和证据拼图 不改正式关系网,Tutor范围CN01-22/CN01-18
2026-07-04,CN_UNK_003,question-01.png; cn-qonly-batch2-direct-review contact sheet,question_only_batch2_trace_residual_reviewed,直接查看题图主体清晰 左侧清理残留和题号边缘缺损不遮挡复做 当前无独立解析图 折叠解析文字可阶段性复做,追加详情卡QA记录和证据拼图 不改正式关系网,Tutor范围CN03-01/CN03-08
2026-07-04,CN_UNK_004,question-01.png; cn-qonly-batch3-direct-review contact sheet,question_only_batch3_trace_residual_reviewed,直接查看题图主体清晰 左侧旧痕迹不遮挡复做 当前无独立解析图 折叠解析文字可阶段性复做,追加详情卡QA记录和证据拼图 不改正式关系网,Tutor范围CN01-22/CN01-18
2026-07-04,CN_UNK_005,question-01.png; cn-qonly-batch3-direct-review contact sheet,question_only_batch3_trace_residual_reviewed,直接查看题图主体清晰 左侧旧清理痕迹不影响复做 当前无独立解析图 折叠解析文字可阶段性复做,追加详情卡QA记录和证据拼图 不改正式关系网,Tutor范围CN04-03/CN04-02/CN04-01/CN05-07/CN05-04/CN01-22
2026-07-04,CN_UNK_006,question-01.png; cn-qonly-batch3-direct-review contact sheet,question_only_batch3_trace_residual_reviewed,直接查看题图主体清晰 左侧旧痕迹不遮挡复做 当前无独立解析图 折叠解析文字可阶段性复做,追加详情卡QA记录和证据拼图 不改正式关系网,Tutor范围CN01-22/CN01-18
2026-07-04,CN_UNK_007,question-01.png; cn-qonly-batch3-direct-review contact sheet,question_only_batch3_trace_residual_reviewed,直接查看题图主体清晰 题号边缘轻微残留不影响复做 当前无独立解析图 折叠解析文字可阶段性复做,追加详情卡QA记录和证据拼图 不改正式关系网,Tutor范围CN01-27/CN01-22/CN03-01/CN04-01/CN05-01
2026-07-04,CN_UNK_008,question-01.png; cn-qonly-batch3-direct-review contact sheet,question_only_batch3_direct_reviewed,直接查看题图主体清晰 编号和各小问区域可读 当前无独立解析图 折叠解析文字可阶段性复做,追加详情卡QA记录和证据拼图 不改正式关系网,Tutor范围CN01-22/CN05-01/CN04-01/CN03-01/CN03-08
2026-07-04,CN_UNK_009,question-01.png; cn-qonly-batch4-direct-review contact sheet,question_only_batch4_direct_reviewed,直接查看题图主体清晰 题号和三组小问区域可读 当前无独立解析图 折叠解析前段主题匹配,追加详情卡QA记录和证据拼图 不改正式关系网,Tutor范围CN01-22/CN03-01/CN05-01
2026-07-04,CN_UNK_010,question-01.png; cn-qonly-batch4-direct-review contact sheet,question_only_batch4_direct_reviewed,直接查看题图和首部格式图主体清晰 当前无独立解析图 折叠解析主题匹配,追加详情卡QA记录和证据拼图 不改正式关系网,Tutor范围CN01-19/CN05-07
2026-07-04,CN_UNK_011,question-01.png; cn-qonly-batch4-direct-review contact sheet,question_only_batch4_analysis_mixed_reviewed,直接查看题图主体清晰 左侧题号边缘轻微残留不影响复做 当前无独立解析图 折叠解析开头主题匹配但后半段混入物理层通信基础资料,追加详情卡QA记录和证据拼图 不改正式关系网 后续清理或拆分折叠解析区,Tutor范围CN01-20/CN01-18
2026-07-04,CN_UNK_012,question-01.png; cn-qonly-batch4-direct-review contact sheet,question_only_batch4_analysis_mixed_reviewed,直接查看题图主体清晰 右侧留白不影响复做 当前无独立解析图 折叠解析开头主题匹配但后半段混入网络分类和性能指标资料,追加详情卡QA记录和证据拼图 不改正式关系网 后续清理或拆分折叠解析区,Tutor范围CN01-08/CN04-02/CN04-03
2026-07-04,CN_UNK_013,question-01.png; cn-qonly-batch4-direct-review contact sheet,question_only_batch4_direct_reviewed,直接查看题图主体清晰 分层模型辨析题面可读 当前无独立解析图 折叠解析主题匹配,追加详情卡QA记录和证据拼图 不改正式关系网,Tutor范围CN01-18/CN01-22
2026-07-04,CN_UNK_014,question-01.png; cn-qonly-batch5-direct-review contact sheet,question_only_batch5_analysis_mixed_reviewed,直接查看题图主体清晰 左侧淡红痕不遮挡复做 当前无独立解析图 折叠解析主体匹配但后半段含相邻OSI分层补充材料,追加详情卡QA记录和证据拼图 不改正式关系网 后续可拆分或收敛折叠解析区,Tutor范围CN01-02/CN01-22
2026-07-04,CN_UNK_015,question-01.png; cn-qonly-batch5-direct-review contact sheet,question_only_batch5_direct_reviewed,直接查看题图主体清晰 左侧淡红痕不遮挡复做 当前无独立解析图 折叠解析与计算机网络功能辨析主题一致,追加详情卡QA记录和证据拼图 不改正式关系网,Tutor范围CN01-01
2026-07-04,CN_UNK_016,question-01.png; cn-qonly-batch5-direct-review contact sheet,question_only_batch5_trace_residual_reviewed,直接查看题图主体清晰 题号附近残痕不遮挡关键参数 当前无独立解析图 折叠解析与瓶颈速率主题一致,追加详情卡QA记录和证据拼图 不改正式关系网,Tutor范围CN01-10
2026-07-04,CN_UNK_017,question-01.png; cn-qonly-batch5-direct-review contact sheet,question_only_batch5_trace_residual_reviewed,直接查看题图主体清晰 左侧淡红痕不遮挡题设和单位 当前无独立解析图 折叠解析与发送时延/传播时延主题一致,追加详情卡QA记录和证据拼图 不改正式关系网,Tutor范围CN01-10
2026-07-04,CN_UNK_018,question-01.png; cn-qonly-batch5-direct-review contact sheet,question_only_batch5_direct_reviewed,直接查看题图主体和结构图清晰 当前无独立解析图 折叠解析与存储转发分组交换时延计算主题一致,追加详情卡QA记录和证据拼图 不改正式关系网,Tutor范围CN01-10
2026-07-04,CN_UNK_019,question-01.png; cn-qonly-batch6-direct-review contact sheet,question_only_batch6_watermark_reviewed,直接查看题图主体和交换方式示意图清晰 中部来源水印不遮挡关键题设或选项主体 当前无独立解析图 折叠解析与三种交换方式时延比较主题一致,追加详情卡QA记录和证据拼图 不改正式关系网,Tutor范围CN01-10
2026-07-04,CN_UNK_022,question-01.png; cn-qonly-batch6-direct-review contact sheet,question_only_batch6_analysis_mixed_reviewed,直接查看题图主体清晰 左侧淡红痕不遮挡复做 当前无独立解析图 折叠解析主体匹配但后半段含相邻网络功能补充材料,追加详情卡QA记录和证据拼图 不改正式关系网 后续可拆分或收敛折叠解析区,Tutor范围CN01-03/CN01-01
2026-07-04,CN_UNK_023,question-01.png; cn-qonly-batch6-direct-review contact sheet,question_only_batch6_trace_residual_reviewed,直接查看题图主体清晰 左侧淡红痕不影响复做 当前无独立解析图 折叠解析与同轴电缆以太网通信方式主题一致,追加详情卡QA记录和证据拼图 不改正式关系网,Tutor范围CN02-27
2026-07-04,CN_UNK_024,question-01.png; cn-qonly-batch6-direct-review contact sheet,question_only_batch6_trace_residual_reviewed,直接查看题图主体清晰 左侧淡红痕相对明显但不遮挡复做 当前无独立解析图 折叠解析与同轴电缆和双绞线对比主题一致,追加详情卡QA记录和证据拼图 不改正式关系网,Tutor范围CN02-27
2026-07-04,CN_UNK_025,question-01.png; cn-qonly-batch6-direct-review contact sheet,question_only_batch6_trace_residual_reviewed,直接查看题图主体清晰 左侧淡红痕相对明显但不遮挡复做 当前无独立解析图 折叠解析与单模光纤原理主题一致,追加详情卡QA记录和证据拼图 不改正式关系网,Tutor范围CN02-03
2026-07-04,CN_2013_001,question-01.png; open-gap-batch-a contact sheet,metadata_year_conflict_solution_pending_rechecked_again,再次直接查看题图清晰可复做 但图面年份与当前正式ID和来源链冲突仍在 当前无独立解析图,追加详情卡QA记录 不迁移正式ID 不改正式关系网,等待用户确认迁移为CN_2023_002或保留当前ID并登记年份冲突；Tutor范围CN03-07
2026-07-04,CO_2018_003,question-01.png; open-gap-batch-a contact sheet,original_scan_pending_batch_v_direct_reviewed,再次直接查看当前为文字重排卡而非原始扫描图 第一屏清晰可阶段性复做 未发现错绑或解析提前暴露 当前无独立解析图,追加详情卡QA记录 不改正式关系网,继续补原题扫描图和来源定位；Tutor范围CO02-20
2026-07-04,CO_2024_004,question-01.png; open-gap-batch-a contact sheet,original_scan_pending_batch_v_direct_reviewed,再次直接查看当前为MarginNote文字卡渲染图而非原始扫描图 题图清晰可阶段性复做 未发现错绑或解析提前暴露 当前无独立解析图,追加详情卡QA记录 不改正式关系网,继续补原题扫描图；Tutor范围CO02-17
2026-07-04,CO_UNK_002,question-01.png; solution-01.png; open-gap-batch-a contact sheet,original_scan_pending_batch_v_solution_rechecked,再次直接查看题图与解析图均为MarginNote Word文字卡替代资产 主题匹配 解析位于折叠区 旧Flash错绑图不回用,追加详情卡QA记录 不改正式关系网,继续补原题扫描图；Tutor范围CO03-21
2026-07-04,CO_UNK_011,question-01.png; open-gap-batch-a contact sheet,original_scan_pending_batch_v_direct_reviewed,再次直接查看当前为MarginNote文字重排卡而非原始扫描图 题图清晰可阶段性复做 未发现错绑或解析提前暴露 当前无独立解析图,追加详情卡QA记录 不改正式关系网,继续补原题扫描图和定位标记；Tutor范围CO04-08
2026-07-04,CO_UNK_016,question-01.png; open-gap-batch-b contact sheet,original_scan_pending_batch_w_direct_reviewed,再次直接查看当前为MarginNote文字重排卡而非原始扫描图 题面清晰可阶段性复做 未发现错绑作答痕迹或解析提前暴露 当前无独立解析图,追加详情卡QA记录 不改正式关系网,继续补原题扫描图和定位标记；Tutor范围CO04-08
2026-07-04,CO_UNK_070,question-01.png; open-gap-batch-b contact sheet,original_scan_pending_batch_w_direct_reviewed,再次直接查看当前为MarginNote文字重排卡而非原始扫描图 题面清晰可阶段性复做 未发现错绑作答痕迹或解析提前暴露 当前无独立解析图,追加详情卡QA记录 不改正式关系网,继续补原题扫描图来源ID和正式定位；Tutor范围CO02-20
2026-07-04,CO_UNK_071,question-01.png; open-gap-batch-b contact sheet,original_scan_pending_batch_w_direct_reviewed,再次直接查看当前为MarginNote文字重排卡而非原始扫描图 题面清晰可阶段性复做 未发现错绑作答痕迹或解析提前暴露 当前无独立解析图,追加详情卡QA记录 不改正式关系网,继续补原题扫描图来源ID和正式定位；Tutor范围CO02-20
2026-07-04,DS_2010_001,question-01.png; open-gap-batch-b contact sheet,source_locator_pending_batch_w_direct_reviewed,再次直接查看当前扫描题图清晰可复做 未见作答痕迹或答案提示 当前无独立解析图 折叠解析文字仍为同主题兜底,追加详情卡QA记录 不改正式关系网,继续补正式来源定位；Tutor范围DS05-02
2026-07-04,DS_2010_002,question-01.png; open-gap-batch-b contact sheet,source_locator_pending_batch_w_direct_reviewed,再次直接查看当前扫描题图清晰可复做 未见作答痕迹或答案提示 当前无独立解析图 折叠解析文字仍为同主题兜底,追加详情卡QA记录 不改正式关系网,继续补正式来源定位；Tutor范围DS06-04
2026-07-04,CN_UNK_026,question-01.png; cn-qonly-batch7-direct-review contact sheet,question_only_batch7_trace_residual_reviewed,再次直接查看题图主体清晰 左侧淡红痕不遮挡复做 当前无独立解析图 折叠解析与物理层接口特性主题一致,追加详情卡QA记录和证据拼图 不改正式关系网,Tutor范围CN02-01
2026-07-04,CN_UNK_027,question-01.png; cn-qonly-batch7-direct-review contact sheet,question_only_batch7_trace_residual_reviewed,再次直接查看题图主体清晰 左侧淡红痕不遮挡复做 当前无独立解析图 折叠解析与奈奎斯特定理速率计算主题一致,追加详情卡QA记录和证据拼图 不改正式关系网,Tutor范围CN02-15
2026-07-04,CN_UNK_028,question-01.png; cn-qonly-batch7-direct-review contact sheet,question_only_batch7_direct_reviewed,直接查看题图主体清晰 未见遮挡复做的作答痕迹 当前无独立解析图 折叠解析与香农定理和奈奎斯特定理约束对比主题一致,追加详情卡QA记录和证据拼图 不改正式关系网,Tutor范围CN02-15/CN02-16
2026-07-04,CN_UNK_029,question-01.png; cn-qonly-batch7-direct-review contact sheet,question_only_batch7_direct_reviewed,直接查看题图主体清晰 关键参数可读 当前无独立解析图 折叠解析与香农定理信噪比计算主题一致,追加详情卡QA记录和证据拼图 不改正式关系网,Tutor范围CN02-16
2026-07-04,CN_UNK_031,question-01.png; cn-qonly-batch7-direct-review contact sheet,question_only_batch7_trace_residual_reviewed,再次直接查看题图主体清晰 顶部上一题裁切残留和左侧淡红痕不遮挡复做 当前无独立解析图 折叠解析与波特率和比特率换算主题一致,追加详情卡QA记录和证据拼图 不改正式关系网,Tutor范围CN02-13
2026-07-04,CN_UNK_032,question-01.png; cn-qonly-batch8-direct-review contact sheet,question_only_batch8_trace_residual_reviewed,再次直接查看题图主体清晰 左侧淡红痕不遮挡复做 当前无独立解析图 折叠解析与中继器连接范围主题一致,追加详情卡QA记录和证据拼图 不改正式关系网,Tutor范围CN02-30
2026-07-04,CN_UNK_033,question-01.png; cn-qonly-batch8-direct-review contact sheet,question_only_batch8_trace_residual_reviewed,再次直接查看题图主体清晰 左侧淡红痕不遮挡复做 当前无独立解析图 折叠解析与集线器共享带宽主题一致,追加详情卡QA记录和证据拼图 不改正式关系网,Tutor范围CN02-30
2026-07-04,CN_UNK_034,question-01.png; cn-qonly-batch8-direct-review contact sheet,question_only_batch8_trace_residual_reviewed,再次直接查看题图主体清晰 左侧淡红痕不遮挡复做 当前无独立解析图 折叠解析与集线器信号转发方式主题一致,追加详情卡QA记录和证据拼图 不改正式关系网,Tutor范围CN02-30
2026-07-04,CN_UNK_035,question-01.png; cn-qonly-batch8-direct-review contact sheet,question_only_batch8_analysis_mixed_reviewed,直接查看题图主体清晰 左侧淡红痕不遮挡复做 当前无独立解析图 折叠解析开头主题匹配但后半段混入数据链路层资料,追加详情卡QA记录和证据拼图 不改正式关系网 后续清理或拆分折叠解析区,Tutor范围CN02-30
2026-07-04,CN_UNK_036,question-01.png; cn-qonly-batch8-direct-review contact sheet,question_only_batch8_crop_residual_reviewed,直接查看题图主体清晰 顶部上一题裁切残留不遮挡复做 当前无独立解析图 折叠解析与信道调制比特率波特率概念辨析主题一致,追加详情卡QA记录和证据拼图 不改正式关系网,Tutor范围CN02-13
2026-07-04,CN_UNK_037,question-01.png; cn-qonly-batch9-direct-review contact sheet,question_only_batch9_watermark_cleaned_reviewed,直接查看题图主体清晰 轻微源水印不遮挡复做 已清理极少量边缘淡红像素 当前无独立解析图 折叠解析与波特率比特率换算主题一致,追加详情卡QA记录和证据拼图 不改正式关系网,Tutor范围CN02-13
2026-07-04,CN_UNK_038,question-01.png; cn-qonly-batch9-direct-review contact sheet,question_only_batch9_trace_cleaned_reviewed,再次直接查看题图主体清晰 左侧淡红残痕已清理 当前无独立解析图 折叠解析与波特率比特率换算主题一致,追加详情卡QA记录和证据拼图 不改正式关系网,Tutor范围CN02-13
2026-07-04,CN_UNK_039,question-01.png; cn-qonly-batch9-direct-review contact sheet,question_only_batch9_direct_reviewed,直接查看题图主体清晰 关键参数与问法可读 底部页码残留不遮挡复做 当前无独立解析图 折叠解析与奈奎斯特定理和码元电平主题一致,追加详情卡QA记录和证据拼图 不改正式关系网,Tutor范围CN02-15/CN02-13
2026-07-04,CN_UNK_041,question-01.png; cn-qonly-batch9-direct-review contact sheet,question_only_batch9_trace_cleaned_reviewed,再次直接查看题图主体清晰 边缘淡红残痕已进一步清理 当前无独立解析图 折叠解析与数据链路层功能边界主题一致,追加详情卡QA记录和证据拼图 不改正式关系网,Tutor范围CN03-01
2026-07-04,CN_UNK_042,question-01.png; cn-qonly-batch9-direct-review contact sheet,question_only_batch9_trace_cleaned_reviewed,再次直接查看题图主体清晰 边缘淡红残痕已进一步清理 当前无独立解析图 折叠解析与数据链路层协议功能边界主题一致,追加详情卡QA记录和证据拼图 不改正式关系网,Tutor范围CN03-01
2026-07-04,CN_UNK_043,question-01.png; cn-qonly-batch10-direct-review contact sheet,question_only_batch10_trace_cleaned_kp_review_needed,再次直接查看题图主体清晰 左侧少量淡红残痕已清理 当前无独立解析图 折叠解析与数据链路层可靠传输和超时重传主题一致；详情卡主知识点与主题不完全一致需后续正式校准,追加详情卡QA记录和证据拼图 不改正式关系网,Tutor范围CN03-01/CN03可靠传输机制
2026-07-04,CN_UNK_044,question-01.png; cn-qonly-batch10-direct-review contact sheet,question_only_batch10_analysis_mixed_reviewed,直接查看题图主体清晰 未见遮挡复做的作答痕迹 当前无独立解析图 折叠解析开头匹配流量控制主题但后半段混入组帧CRC海明码相邻资料,追加详情卡QA记录和证据拼图 不改正式关系网 后续拆分或收敛折叠解析区,Tutor范围CN03-08
2026-07-04,CN_UNK_045,question-01.png; cn-qonly-batch10-direct-review contact sheet,question_only_batch10_trace_cleaned_reviewed,再次直接查看题图主体清晰 少量边缘淡红残痕已清理 当前无独立解析图 折叠解析与以太网交换机转发依据主题一致,追加详情卡QA记录和证据拼图 不改正式关系网,Tutor范围CN03-21
2026-07-04,CN_UNK_046,question-01.png; cn-qonly-batch10-direct-review contact sheet,question_only_batch10_crop_watermark_trace_cleaned_reviewed,直接查看题图主体清晰 顶部上一题裁切残留和中部淡水印不遮挡复做 左侧淡红残痕已清理 当前无独立解析图 折叠解析与CSMA/CD最短帧长和传播距离主题一致,追加详情卡QA记录和证据拼图 不改正式关系网,Tutor范围CN03-17
2026-07-04,CN_UNK_047,question-01.png; cn-qonly-batch10-direct-review contact sheet,question_only_batch10_trace_cleaned_reviewed,再次直接查看题图主体清晰 单个边缘淡红像素已清理 当前无独立解析图 折叠解析与CSMA/CD最小帧长争用期和单向传播时延折半主题一致,追加详情卡QA记录和证据拼图 不改正式关系网,Tutor范围CN03-17
2026-07-04,CN_UNK_049,question-01.png; cn-qonly-batch11-direct-review contact sheet,question_only_batch11_analysis_mixed_reviewed,直接查看题图主体清晰 未见遮挡复做的作答痕迹 当前无独立解析图 折叠解析开头匹配以太网MAC服务类型主题但后半段混入VLAN无线局域网服务类型对比和交换机材料,追加详情卡QA记录和证据拼图 不改正式关系网 后续拆分或收敛折叠解析区,Tutor范围CN03-21
2026-07-04,CN_UNK_050,question-01.png; cn-qonly-batch11-direct-review contact sheet,question_only_batch11_direct_reviewed,再次直接查看题图主体清晰 未见作答痕迹答案提示或影响复做的裁切 当前无独立解析图 折叠解析与停止等待协议信道利用率主题一致,追加详情卡QA记录和证据拼图 不改正式关系网,Tutor范围CN03-10
2026-07-04,CN_UNK_051,question-01.png; cn-qonly-batch11-direct-review contact sheet,question_only_batch11_crop_residual_reviewed,再次直接查看题图主体清晰 顶部上一题裁切残留不遮挡本道题干或问法 当前无独立解析图 折叠解析已保持收敛并与停止等待超时机制主题一致,追加详情卡QA记录和证据拼图 不改正式关系网,Tutor范围CN03-10
2026-07-04,CN_UNK_052,question-01.png; cn-qonly-batch11-direct-review contact sheet,question_only_batch11_direct_reviewed,直接查看题图主体清晰 未见遮挡复做的作答痕迹或答案提示 当前无独立解析图 折叠解析与连续ARQ和GBN/SR接收窗口差异主题一致,追加详情卡QA记录和证据拼图 不改正式关系网,Tutor范围CN03-12
2026-07-04,CN_UNK_053,question-01.png; cn-qonly-batch11-direct-review contact sheet,question_only_batch11_watermark_reviewed,直接查看题图主体清晰 底部淡蓝水印较明显但不遮挡关键题设和选项主体 当前无独立解析图 折叠解析与GBN发送窗口和编号位数关系主题一致,追加详情卡QA记录和证据拼图 不改正式关系网,Tutor范围CN03-12
2026-07-04,CN_UNK_054,question-01.png; cn-qonly-batch12-direct-review contact sheet,question_only_batch12_direct_reviewed,再次直接查看题图清晰 未检出外加红色作答痕迹 当前无独立解析图 折叠解析与停止等待利用率主题匹配,追加详情卡QA记录和证据拼图 不改复盘输出,Tutor范围CN03-10
2026-07-04,CN_UNK_055,question-01.png; cn-qonly-batch12-direct-review contact sheet,question_only_batch12_edge_pixel_reviewed,直接查看题图清晰 仅检测到图像边缘单个淡红像素 未见外加作答痕迹 当前无独立解析图 折叠解析与CRC性质辨析主题匹配,追加详情卡QA记录和证据拼图 不改复盘输出,Tutor范围CN03-07
2026-07-04,CN_UNK_056,question-01.png; cn-qonly-batch12-direct-review contact sheet,question_only_batch12_crc_metadata_corrected,直接查看题图清晰 题图和折叠解析均为CRC计算流程 主知识点从CN02-02校准到CN03-07 当前无独立解析图,更新详情卡QA 安全卡 节点表 知识点索引 关系边 wiki概念页 Tutor入口 不改复盘输出,Tutor范围CN03-07
2026-07-04,CN_UNK_057,question-01.png; cn-qonly-batch12-direct-review contact sheet,question_only_batch12_sr_metadata_corrected,直接查看题图清晰 SR窗口编号边界主题明确 主知识点从CN05-26校准到CN03-13 当前无独立解析图,更新详情卡QA 安全卡 节点表 知识点索引 关系边 wiki概念页 Tutor入口 不改复盘输出,Tutor范围CN03-13/CN03-11
2026-07-04,CN_UNK_058,question-01.png; cn-qonly-batch12-direct-review contact sheet,question_only_batch12_sr_metadata_corrected,直接查看题图清晰 SR选择性确认与逐帧超时重传主题明确 主知识点从CN05-26校准到CN03-13 当前无独立解析图,更新详情卡QA 安全卡 节点表 知识点索引 关系边 wiki概念页 Tutor入口 不改复盘输出,Tutor范围CN03-13/CN03-12
2026-07-04,CN_UNK_059,question-01.png; cn-qonly-batch12-direct-review contact sheet,question_only_batch12_dependency_sr_metadata_corrected,依赖复核题图清晰 图中红色变量属于题源强调非作答痕迹 主知识点从CN05-26校准到CN03-13 当前无独立解析图,更新详情卡QA 安全卡 节点表 知识点索引 关系边 wiki概念页 Tutor入口 不改复盘输出,Tutor范围CN03-13/CN03-11
2026-07-04,CN_UNK_060,question-01.png; cn-qonly-batch13-direct-review contact sheet,question_only_batch13_direct_reviewed,直接查看题图清晰 无外加红色作答痕迹 当前无独立解析图 折叠解析与TCP/IP网络层数据报服务主题匹配,追加详情卡QA记录和证据拼图 不改复盘输出,Tutor范围CN04-02
2026-07-04,CN_UNK_061,question-01.png; cn-qonly-batch13-direct-review contact sheet,question_only_batch13_date_index_corrected,直接查看题图清晰 无外加红色作答痕迹 当前无独立解析图 折叠解析与虚电路网络特性主题匹配 日期索引旧知识点已修正,追加详情卡QA记录 修正错题日期索引 不改复盘输出,Tutor范围CN04-03
2026-07-04,CN_UNK_062,question-01.png; cn-qonly-batch13-direct-review contact sheet,question_only_batch13_date_index_corrected,直接查看题图清晰 无外加红色作答痕迹 当前无独立解析图 折叠解析与SDN接口方向主题匹配 日期索引旧知识点已修正,追加详情卡QA记录 修正错题日期索引 不改复盘输出,Tutor范围CN04-33
2026-07-04,CN_UNK_063,question-01.png; cn-qonly-batch13-direct-review contact sheet,question_only_batch13_forwarding_metadata_corrected,直接查看题图清晰 拓扑IP与MAC标注可读 无外加红色作答痕迹 当前无独立解析图 主知识点从CN02-02校准到CN04-05,更新详情卡QA 安全卡 节点表 知识点索引 关系边 wiki概念页 Tutor入口 不改复盘输出,Tutor范围CN04-05/CN04-24/CN03-22
2026-07-04,CN_UNK_064,question-01.png; cn-qonly-batch13-direct-review contact sheet,question_only_batch13_analysis_trimmed,直接查看题图清晰 掩码与地址字段可读 无外加红色作答痕迹 当前无独立解析图 折叠解析主体匹配网络地址判断 尾部混入路由转发补充段已删除,追加详情卡QA记录和证据拼图 不改复盘输出,Tutor范围CN04-18
2026-07-04,CN_UNK_043,question-01.png; direct image review; formal metadata,cn_unk_043_metadata_corrected,再次直接查看题图并核对折叠解析 确认主题为数据链路层可靠传输中的帧丢失恢复机制 主知识点从CN02-02校准到CN03-10 并同步CN03-09/CN03-05命中,更新详情卡QA 安全卡 节点表 知识点索引 关系边 wiki概念页 Tutor入口 不改复盘输出,Tutor范围CN03-10/CN03-09/CN03-05
2026-07-04,CN_UNK_044,question-01.png; folded solution text,solution_text_consolidated,直接查看题图确认流量控制概念边界题可复做 原折叠解析后半段混入组帧CRC海明码相邻资料 已收敛为本道流量控制直接解析,更新详情卡折叠解析和QA记录 不改正式关系网 不改复盘输出,Tutor范围CN03-08
2026-07-04,CN_UNK_049,question-01.png; folded solution text,solution_text_consolidated,直接查看题图确认以太网MAC服务类型题可复做 原折叠解析后半段混入VLAN无线局域网服务类型对比和交换机材料 已收敛为本道MAC服务类型直接解析,更新详情卡折叠解析和QA记录 不改正式关系网 不改复盘输出,Tutor范围CN03-21
2026-07-04,CN_UNK_014,question-01.png; folded solution text,solution_text_consolidated,直接查看题图确认互联网核心技术题可复做 原折叠解析后半段混入OSI分层相邻材料 已收敛为本道直接解析,更新详情卡折叠解析和QA记录 不改正式关系网 不改复盘输出,Tutor范围CN01-02/CN01-22
2026-07-04,CN_UNK_022,question-01.png; folded solution text,solution_text_consolidated,直接查看题图确认网络中计算机自治与互联题可复做 原折叠解析后半段混入计算机网络功能相邻材料 已收敛为本道直接解析,更新详情卡折叠解析和QA记录 不改正式关系网 不改复盘输出,Tutor范围CN01-03/CN01-01
2026-07-04,CN_UNK_011,question-01.png; folded solution text,solution_text_consolidated,直接查看题图确认服务访问点SAP题可复做 原折叠解析后半段混入物理层和通信基础相邻资料 已收敛为本道直接解析,更新详情卡折叠解析和QA记录 不改正式关系网 不改复盘输出,Tutor范围CN01-20/CN01-18
2026-07-04,CN_UNK_012,question-01.png; folded solution text,solution_text_consolidated,直接查看题图确认数据报方式特征题可复做 原折叠解析后半段混入网络分类和性能指标相邻材料 已收敛为本道直接解析,更新详情卡折叠解析和QA记录 不改正式关系网 不改复盘输出,Tutor范围CN01-08/CN04-02/CN04-03
2026-07-04,CN_UNK_035,question-01.png; folded solution text,solution_text_consolidated,直接查看题图确认中继器与集线器特点题可复做 原折叠解析后半段混入数据链路层总览材料 已收敛为本道直接解析,更新详情卡折叠解析和QA记录 不改正式关系网 不改复盘输出,Tutor范围CN02-30
2026-07-04,OS_2012_002,question-01.png; os-source-locator-batch-direct-review contact sheet,source_locator_pending_text_verified,直接查看题图清晰完整可复做 未见作答痕迹答案提示或解析提前暴露 当前无独立解析图 折叠解析与处理机调度时机主题匹配,追加详情卡QA记录和证据拼图 不改正式关系网 不改复盘输出,Tutor范围OS02-22
2026-07-04,OS_2014_002,question-01.png; os-source-locator-batch-direct-review contact sheet,source_locator_pending_text_verified,直接查看题图清晰完整可复做 未见作答痕迹答案提示或解析提前暴露 当前无独立解析图 折叠解析与I-O完成后的进程状态转换主题匹配,追加详情卡QA记录和证据拼图 不改正式关系网 不改复盘输出,Tutor范围OS02-05
2026-07-04,OS_2014_003,question-01.png; os-source-locator-batch-direct-review contact sheet,source_locator_pending_text_cleanup,直接查看题图清晰完整可复做 未见作答痕迹答案提示或解析提前暴露 当前无独立解析图 已删除折叠解析尾部串入的信号机制材料,收敛详情卡折叠解析并追加QA记录 不改正式关系网 不改复盘输出,Tutor范围OS02-18
2026-07-04,OS_2017_002,question-01.png; os-source-locator-batch-direct-review contact sheet,source_locator_pending_text_verified,直接查看题图清晰完整可复做 表格和关键参数可读 未见作答痕迹答案提示或解析提前暴露 当前无独立解析图 折叠解析与动态分区回收合并排序主题匹配,追加详情卡QA记录和证据拼图 不改正式关系网 不改复盘输出,Tutor范围OS03-10
2026-07-04,OS_2019_003,question-01.png; os-source-locator-batch-direct-review contact sheet,source_locator_pending_text_verified,直接查看题图清晰完整可复做 未见作答痕迹答案提示或解析提前暴露 当前无独立解析图 折叠解析与进程唤醒事件和时间片抢占边界主题匹配,追加详情卡QA记录和证据拼图 不改正式关系网 不改复盘输出,Tutor范围OS02-05
2026-07-04,CN_2015_001,question-01.png; solution-01.png; cn-solution-bound-formal-batch-direct-review contact sheet,solution_bound_formal_qa_section_added,直接查看题图和解析图 题图清晰 编码波形主题一致 未发现串题,追加详情卡标准QA记录和证据拼图 不改正式关系网,Tutor范围CN02-19
2026-07-04,CN_2016_001,question-01.png; solution-01.png; cn-solution-bound-formal-batch-direct-review contact sheet,solution_bound_formal_qa_section_added,直接查看题图和解析图 题图清晰 香农定理速率计算主题一致 未发现串题,追加详情卡标准QA记录和证据拼图 不改正式关系网,Tutor范围CN02-16
2026-07-04,CN_2020_001,question-01.png; solution-01.png; cn-solution-bound-formal-batch-direct-review contact sheet,solution_bound_formal_qa_section_added,直接查看题图和解析图 题图清晰 协议三要素时序主题一致 未发现串题,追加详情卡标准QA记录和证据拼图 不改正式关系网,Tutor范围CN01-19
2026-07-04,CN_2024_001,question-01.png; solution-01.png; cn-solution-bound-formal-batch-direct-review contact sheet,solution_bound_formal_qa_section_added,直接查看题图和解析图 题图清晰 端到端吞吐量主题一致 未发现串题,追加详情卡标准QA记录和证据拼图 不改正式关系网,Tutor范围CN01-13
2026-07-04,CO_2010_002,question-01.png; solution-01.png; co-solution-bound-formal-batch-a-direct-review contact sheet,solution_bound_formal_qa_section_added,直接查看题图和解析图 题图清晰 RAM_ROM存储器分类主题一致 未发现串题,追加详情卡标准QA记录和证据拼图 不改正式关系网,Tutor范围CO03-01
2026-07-04,CO_2012_003,question-01.png; solution-01.png; co-solution-bound-formal-batch-a-direct-review contact sheet,solution_bound_formal_qa_section_added,直接查看题图和解析图 题图清晰 中断现场保护主题一致 未发现串题,追加详情卡标准QA记录和证据拼图 不改正式关系网,Tutor范围CO05-21
2026-07-04,CO_2012_005,question-01.png; solution-01.png; co-solution-bound-formal-batch-a-direct-review contact sheet,solution_bound_formal_qa_section_added,直接查看题图和解析图 题图清晰 数据对齐与小端存放主题一致 未发现串题 详情库保留完整解析但正式库不搬运,追加详情卡标准QA记录和证据拼图 不改正式关系网,Tutor范围CO04-17
2026-07-04,CO_2013_002,question-01.png; solution-01.png; co-solution-bound-formal-batch-a-direct-review contact sheet,solution_bound_source_chain_pending_qa_section_added,直接查看题图和解析图 当前为文字卡替代题图和同主题解析截图 可阶段性复做但来源链仍待确认,追加详情卡标准QA记录和证据拼图 不合并CO_UNK_013 不改正式关系网,Tutor范围CO04-01
2026-07-04,CO_2013_004,question-01.png; solution-01.png; co-solution-bound-formal-batch-a-direct-review contact sheet,solution_bound_formal_qa_section_added,直接查看题图和解析图 题图清晰 开机装入和存储介质边界主题一致 未发现串题,追加详情卡标准QA记录和证据拼图 不改正式关系网,Tutor范围CO03-01
2026-07-04,CO_2015_002,question-01.png; solution-01.png; co-solution-bound-formal-batch-b-direct-review contact sheet,solution_bound_formal_qa_section_added,直接查看题图和解析图 题图清晰 外部中断现场保存分工主题一致 未发现串题,追加详情卡标准QA记录和证据拼图 不改正式关系网,Tutor范围CO05-20/CO05-21
2026-07-04,CO_2021_001,question-01.png; solution-01.png; co-solution-bound-formal-batch-b-direct-review contact sheet,solution_bound_pdf_recovery_qa_section_added,直接查看题图和解析图 PDF裁图绑定正确 FLOPS_PFLOPS数量级换算主题一致 未发现串题,追加详情卡标准QA记录和证据拼图 不改正式关系网,Tutor范围CO01-16
2026-07-04,CO_2022_003,question-01.png; solution-01.png; co-solution-bound-formal-batch-b-direct-review contact sheet,solution_bound_year_conflict_qa_section_added,直接查看题图和解析图 CPU执行时间主题一致 图面年份与当前正式ID年份冲突仍待用户确认,追加详情卡标准QA记录和证据拼图 不迁移正式ID 不改正式关系网,Tutor范围CO01-14/CO01-13/CO01-12/CO01-11
2026-07-04,CO_UNK_001,question-01.png; solution-01.png; co-solution-bound-formal-batch-b-direct-review contact sheet,solution_bound_original_scan_recovered_qa_section_added,直接查看题图和解析图 原扫描题图和独立解析图已恢复 Cache失效传送粒度主题一致 未发现串题,追加详情卡标准QA记录和证据拼图 不改正式关系网 后续可校准主知识点,Tutor范围CO03-12/CO03-19
2026-07-04,CO_UNK_002,question-01.png; solution-01.png; co-solution-bound-formal-batch-b-direct-review contact sheet,text_card_replacement_qa_section_added,直接查看题图和解析图 当前为MarginNote文字卡替代资产 主题一致 可阶段性复做 仍缺原扫描题图,追加详情卡标准QA记录和证据拼图 不改正式关系网 后续可校准主知识点,Tutor范围CO03-21/CO03-12
2026-07-04,CO_UNK_003,question-01.png; solution-01.png; co-solution-bound-formal-batch-c-direct-review contact sheet,solution_bound_original_scan_verified_qa_section_added,直接查看题图和解析图 原扫描题图和解析图同属DRAM_SDRAM辨析主题 未发现串题,追加详情卡标准QA记录和证据拼图 不改正式关系网,Tutor范围CO03-04/CO03-03
2026-07-04,CO_UNK_004,question-01.png; solution-01.png; co-solution-bound-formal-batch-c-direct-review contact sheet,solution_bound_verified_qa_section_added,直接查看题图和解析图 原扫描题图和解析图同属虚拟存储器管理方式与交换单位主题 未发现串题,追加详情卡标准QA记录和证据拼图 不改正式关系网,Tutor范围CO03-22
2026-07-04,CO_UNK_005,question-01.png; solution-01.png; co-solution-bound-formal-batch-c-direct-review contact sheet,solution_bound_verified_qa_section_added,直接查看题图和解析图 原扫描题图和解析图同属虚拟存储透明性判断主题 未发现串题,追加详情卡标准QA记录和证据拼图 不改正式关系网,Tutor范围CO03-22
2026-07-04,CO_UNK_010,question-01.png; solution-01.png; co-solution-bound-formal-batch-c-direct-review contact sheet,solution_bound_original_scan_verified_qa_section_added,直接查看题图和解析图 原扫描题图与原书解析图同属寻址方式目的主题 未发现串题,追加详情卡标准QA记录和证据拼图 不改正式关系网,Tutor范围CO04-08
2026-07-04,CO_UNK_018,question-01.png; solution-01.png; co-solution-bound-formal-batch-c-direct-review contact sheet,solution_bound_long_solution_verified_qa_section_added,直接查看题图和长解析图 二者同属变址寻址访问数组主题 解析默认折叠 未发现串题,追加详情卡标准QA记录和证据拼图 不改正式关系网,Tutor范围CO04-08
2026-07-04,CO_UNK_019,question-01.png; solution-01.png; co-ds-solution-bound-mixed-batch-d-direct-review contact sheet,solution_bound_original_scan_verified_qa_section_added,直接查看题图和解析图 当前已恢复为原扫描题图与原书解析图 二者同属相对寻址地址基准主题 未发现串题,追加详情卡标准QA记录和证据拼图 不改正式关系网,Tutor范围CO04-08/CO04-16
2026-07-04,CO_UNK_020,question-01.png; solution-01.png; co-ds-solution-bound-mixed-batch-d-direct-review contact sheet,solution_bound_question_scan_text_solution_verified_qa_section_added,直接查看题图和解析图 题图为同题原扫描或标注图 解析仍为MarginNote文字卡兜底 二者同属相对寻址转移指令主题,追加详情卡标准QA记录和证据拼图 不改正式关系网 后续补原书解析截图,Tutor范围CO04-16/CO04-08
2026-07-04,CO_UNK_055,question-01.png; solution-01.png; co-ds-solution-bound-mixed-batch-d-direct-review contact sheet,solution_bound_auxiliary_diagram_verified_qa_section_added,直接查看题图和解析图 题图为高级流水线技术判断题 解析图为五段流水线辅助图 二者同属流水线与RAW相关主题但不是完整逐步解析,追加详情卡标准QA记录和证据拼图 不改正式关系网 后续补直接解析截图,Tutor范围CO05-22/CO05-23/CO05-25
2026-07-04,DS_2009_001,question-01.png; solution-01.png; co-ds-solution-bound-mixed-batch-d-direct-review contact sheet,solution_bound_auxiliary_diagram_verified_qa_section_added,直接查看题图和解析图 题图清晰 解析图为完全二叉树概念辅助图 折叠文字解析与主题一致但仍缺完整逐步解析截图,追加详情卡标准QA记录和证据拼图 不改正式关系网,Tutor范围DS05-06/DS05-04/DS05-05
2026-07-04,DS_2009_002,question-01.png; solution-01.png; co-ds-solution-bound-mixed-batch-d-direct-review contact sheet,solution_bound_verified_qa_section_added,直接查看题图和解析图 二者同属小根堆插入后的上滤调整主题 未发现串题,追加详情卡标准QA记录和证据拼图 不改正式关系网,Tutor范围DS05-22/DS05-21/DS05-06
2026-07-04,DS_2009_003,question-01.png; solution-01.png; ds-solution-bound-batch-e-direct-review contact sheet,solution_bound_ds_batch_e_qa_section_added,直接查看题图和解析图 二者同属排序中间状态与趟不变量辨析主题 未发现串题,追加详情卡标准QA记录和证据拼图 不改正式关系网,Tutor范围DS08-04/DS08-11
2026-07-04,DS_2011_003,question-01.png; solution-01.png; ds-solution-bound-batch-e-direct-review contact sheet,solution_bound_ds_batch_e_handwritten_qa_section_added,直接查看题图和解析图 二者同属树转二叉树后的孩子指针关系计数主题 解析图含手写图示推导,追加详情卡标准QA记录和证据拼图 不改正式关系网,Tutor范围DS05-16/DS05-02/DS05-15
2026-07-04,DS_2012_005,question-01.png; solution-01.png; ds-solution-bound-batch-e-direct-review contact sheet,solution_bound_ds_batch_e_qa_section_added,直接查看题图和解析图 二者同属B树删除后的下溢调整主题 未发现串题,追加详情卡标准QA记录和证据拼图 不改正式关系网,Tutor范围DS07-15/DS07-13
2026-07-04,DS_2013_002,question-01.png; solution-01.png; ds-solution-bound-batch-e-direct-review contact sheet,solution_bound_ds_batch_e_handwritten_qa_section_added,直接查看题图和解析图 二者同属B树高度阶数与关键字下界主题 解析图含手写图示推导,追加详情卡标准QA记录和证据拼图 不改正式关系网,Tutor范围DS07-13
2026-07-04,DS_2014_003,question-01.png; solution-01.png; ds-solution-bound-batch-e-direct-review contact sheet,solution_bound_ds_batch_e_qa_section_added,直接查看题图和解析图 二者同属中序线索化前驱后继判断主题 未发现串题,追加详情卡标准QA记录和证据拼图 不改正式关系网,Tutor范围DS05-14/DS05-10
2026-07-04,DS_2015_001,question-01.png; solution-01.png; ds-solution-bound-batch-f-direct-review contact sheet,solution_bound_ds_batch_f_aux_formula_qa_section_added,直接查看题图和解析图 题图为先序固定下二叉树形态计数 解析图为组合计数公式辅助图 折叠文字解析补足主题,追加详情卡标准QA记录和证据拼图 不改正式关系网,Tutor范围DS05-13/DS05-09/DS03-04
2026-07-04,DS_2015_002,question-01.png; solution-01.png; ds-solution-bound-batch-f-direct-review contact sheet,solution_bound_ds_batch_f_handwritten_qa_section_added,直接查看题图和解析图 二者同属有向图DFS可能遍历序列枚举主题 解析图含手写图示推导,追加详情卡标准QA记录和证据拼图 不改正式关系网,Tutor范围DS06-10/DS06-02/DS06-01
2026-07-04,DS_2015_003,question-01.png; solution-01.png; ds-solution-bound-batch-f-direct-review contact sheet,solution_bound_ds_batch_f_handwritten_qa_section_added,直接查看题图和解析图 二者同属AVL中序降序性质和结点位置判断主题 解析图含手写图示例证,追加详情卡标准QA记录和证据拼图 不改正式关系网,Tutor范围DS07-10/DS07-06/DS05-10
2026-07-04,DS_2017_004,question-01.png; solution-01.png; ds-solution-bound-batch-f-direct-review contact sheet,solution_bound_ds_batch_f_qa_section_added,直接查看题图和解析图 二者同属顺序存储改链式存储后排序效率影响主题 未发现串题,追加详情卡标准QA记录和证据拼图 不改正式关系网,Tutor范围DS08-18/DS08-04/DS08-06/DS08-07/DS08-09/DS08-10
2026-07-04,DS_2018_002,question-01.png; solution-01.png; ds-solution-bound-batch-f-direct-review contact sheet,solution_bound_ds_batch_f_qa_section_added,直接查看题图和解析图 二者同属建大根堆下滤过程主题 未发现串题,追加详情卡标准QA记录和证据拼图 不改正式关系网,Tutor范围DS08-10/DS05-22/DS05-21/DS05-06
2026-07-04,CO_2009_001,question-01.png; co-question-text-batch-g-direct-review contact sheet,question_text_batch_g_detail_qa_added,题图清晰 与浮点数加法流程主题一致 当前无独立解析图 折叠解析文字可用但含延展材料,追加详情卡QA记录和证据拼图 不改正式关系网,Tutor范围CO02-22/CO02-07/CO02-13/CO02-21
2026-07-04,CO_2010_001,question-01.png; co-question-text-batch-g-direct-review contact sheet,question_text_batch_g_solution_insufficient,题图清晰 与CPU执行时间影响因素主题一致 当前无独立解析图 折叠解析仅结论提示 解析质量不足,追加详情卡QA记录和证据拼图 不改正式关系网,需补同题解析图或可复做解析文字 Tutor范围CO01-14/CO01-11/CO01-12/CO01-13
2026-07-04,CO_2011_001,question-01.png; co-question-text-batch-g-direct-review contact sheet,question_text_batch_g_detail_qa_added,题图清晰 与IEEE754单精度字段拼接主题一致 当前无独立解析图 折叠解析文字可用,追加详情卡QA记录和证据拼图 不改正式关系网,Tutor范围CO02-20/CO02-19/CO02-21/CO02-24/CO02-25
2026-07-04,CO_2012_002,question-01.png; co-question-text-batch-g-direct-review contact sheet,question_text_batch_g_solution_insufficient,题图清晰 与CPU局部提速后的总运行时间重算主题一致 当前无独立解析图 折叠解析仅结论提示 解析质量不足,追加详情卡QA记录和证据拼图 不改正式关系网,需补同题解析图或可复做解析文字 Tutor范围CO01-14/CO01-10/CO01-11/CO01-12/CO01-13
2026-07-04,CO_2012_004,question-01.png; co-question-text-batch-g-direct-review contact sheet,question_text_batch_g_detail_qa_added,题图清晰 与IEEE754单精度最大有限正数边界主题一致 当前无独立解析图 折叠解析文字可用,追加详情卡QA记录和证据拼图 不改正式关系网,Tutor范围CO02-20/CO02-19/CO02-21/CO02-24/CO02-25
2026-07-04,CO_2013_001,question-01.png; co-question-text-batch-h-direct-review contact sheet,question_text_batch_h_os_mapping_ok,题图清晰 与磁盘调度算法和页面置换算法类别边界主题一致 当前无独立解析图 折叠解析文字可用,追加详情卡QA记录和证据拼图 不改正式关系网,Tutor范围OS05-26/OS03-27
2026-07-04,CO_2015_003,question-01.png; co-question-text-batch-h-direct-review contact sheet,question_text_batch_h_detail_qa_added,题图主体清晰 与浮点加减运算阶段和溢出边界主题一致 当前无独立解析图 折叠解析文字可用但含延展材料,追加详情卡QA记录和证据拼图 不改正式关系网,Tutor范围CO02-22/CO02-21/CO02-23/CO02-13
2026-07-04,CO_2019_002,question-01.png; co-question-text-batch-h-direct-review contact sheet,question_text_batch_h_solution_insufficient,题图清晰 与冯诺依曼结构指令数据和按地址访问关系主题一致 当前无独立解析图 折叠解析仅结论提示 解析质量不足,追加详情卡QA记录和证据拼图 不改正式关系网,需补同题解析图或可复做解析文字 Tutor范围CO01-03/CO01-04/CO01-08/CO04-02/CO04-08
2026-07-04,CO_2022_002,question-01.png; co-question-text-batch-h-direct-review contact sheet,question_text_batch_h_detail_qa_added,题图清晰 与高级语言源程序转换为可执行目标文件阶段顺序主题一致 当前无独立解析图 折叠解析文字可用但含层次结构延展,追加详情卡QA记录和证据拼图 不改正式关系网,Tutor范围CO01-06/CO01-07/CO04-22
2026-07-04,CO_2024_001,question-01.png; co-question-text-batch-h-direct-review contact sheet,question_text_batch_h_direct_solution_pending,题图清晰 与DMA控制方式下数据传输通路主题一致 当前无独立解析图 折叠解析偏向DMA计算和中断DMA对比延展 不是当前题直接解析,追加详情卡QA记录和证据拼图 不改正式关系网,需补同题解析图或可复做解析文字 Tutor范围CO06-18/CO06-19/CO06-20/CO06-06
2026-07-04,CO_2024_002,question-01.png; co-question-text-batch-i-direct-review contact sheet,question_text_batch_i_mismatch_solution_text,题图清晰 但折叠解析文字疑似串入另一道IO速率和中断耗时计算题 当前无独立解析图,追加详情卡QA记录和证据拼图 不改正式关系网,需补同题解析图或可复做解析文字 Tutor范围CO06-11/CO05-20/CO05-21
2026-07-04,CO_2024_003,question-01.png; co-question-text-batch-i-direct-review contact sheet,question_text_batch_i_detail_qa_added,题图清晰 与DMA预处理和后处理边界主题一致 当前无独立解析图 折叠解析文字可用,追加详情卡QA记录和证据拼图 不改正式关系网,后续可补同题原始解析图 Tutor范围CO06-20/CO06-18/CO06-19
2026-07-04,CO_UNK_006,question-01.png; co-question-text-batch-i-direct-review contact sheet,question_text_batch_i_detail_qa_added,题图清晰 与条件转移 比较指令和偏移量计算主题一致 当前无独立解析图 折叠解析文字可用,追加详情卡QA记录和证据拼图 不改正式关系网,后续可补同题原始解析图 Tutor范围CO04-16/CO04-22/CO04-08
2026-07-04,CO_UNK_008,question-01.png; co-question-text-batch-i-direct-review contact sheet,question_text_batch_i_detail_qa_added,题图清晰 与三操作数乘法指令 基址变址寻址和内存取数边界主题一致 当前无独立解析图 折叠解析文字可用,追加详情卡QA记录和证据拼图 不改正式关系网,后续可补同题原始解析图 Tutor范围CO04-08/CO04-22
2026-07-04,CO_UNK_015,question-01.png; co-question-text-batch-i-direct-review contact sheet,question_text_batch_i_visual_caveat,题图主体可读但中部仍有局部红色残痕 折叠解析文字与寄存器寻址和寄存器间接寻址边界主题一致 当前无独立解析图,追加详情卡QA记录和证据拼图 不改正式关系网,后续如有原始干净题图可替换 Tutor范围CO04-13/CO04-08
2026-07-04,CO_UNK_017,question-01.png; co-question-text-batch-j-direct-review contact sheet,question_text_batch_j_detail_qa_added,题图清晰 与基址寻址 补码形式地址和大端存放主题一致 当前无独立解析图 折叠解析文字可用,追加详情卡QA记录和证据拼图 不改正式关系网,后续可补同题原始解析图 Tutor范围CO04-14/CO04-18/CO04-19
2026-07-04,CO_UNK_025,question-01.png; co-question-text-batch-j-direct-review contact sheet,question_text_batch_j_detail_qa_added,题图清晰 与程序计数器位数 存储容量和指令字长边界主题一致 当前无独立解析图 折叠解析文字可用但偏口诀化,追加详情卡QA记录和证据拼图 不改正式关系网,后续可补同题原始解析图或更严谨文字 Tutor范围CO04-05/CO05-05
2026-07-04,CO_UNK_027,question-01.png; co-question-text-batch-j-direct-review contact sheet,question_text_batch_j_minimal_solution_text,题图清晰 与控制器完整功能边界主题一致 当前无独立解析图 折叠解析文字较短但可用,追加详情卡QA记录和证据拼图 不改正式关系网,后续可补同题原始解析图或机制型解析 Tutor范围CO05-04/CO05-06/CO05-07/CO05-11
2026-07-04,CO_UNK_028,question-01.png; co-question-text-batch-j-direct-review contact sheet,question_text_batch_j_detail_qa_added,题图清晰 与CPU基本结构 PC内容语义和状态寄存器可见性边界主题一致 当前无独立解析图 折叠解析文字可用,追加详情卡QA记录和证据拼图 不改正式关系网,后续可补同题原始解析图 Tutor范围CO05-02/CO05-04/CO05-05/CO05-07
2026-07-04,CO_UNK_029,question-01.png; co-question-text-batch-j-direct-review contact sheet,question_text_batch_j_extension_caveat,题图主体清晰 与PC位数 字节编址和指令按字边界对齐主题一致 当前无独立解析图 折叠解析主体可用但后半含指令执行过程延展材料,追加详情卡QA记录和证据拼图 不改正式关系网,后续可补同题原始解析图或拆分延展内容 Tutor范围CO05-05/CO04-05/CO01-08/CO05-07
2026-07-04,CO_UNK_037,question-01.png; co-question-text-batch-k-direct-review contact sheet,question_text_batch_k_extension_caveat,题图清晰 与间址周期 存储器间接寻址和寄存器间接寻址边界主题一致 当前无独立解析图 折叠解析主体可用但后半含数据通路延展材料,追加详情卡QA记录和证据拼图 不改正式关系网,后续可补同题原始解析图或拆分延展内容 Tutor范围CO05-08/CO05-06/CO04-11/CO04-13/CO05-11
2026-07-04,CO_UNK_039,question-01.png; co-question-text-batch-k-direct-review contact sheet,question_text_batch_k_extension_caveat,题图清晰 与控制冒险 分支处理和转发旁路边界主题一致 当前无独立解析图 折叠解析主体可用但后半含流水线分类和多发射延展材料,追加详情卡QA记录和证据拼图 不改正式关系网,后续可补同题原始解析图或拆分延展内容 Tutor范围CO05-22/CO05-26/CO05-29
2026-07-04,CO_UNK_040,question-01.png; co-question-text-batch-k-direct-review contact sheet,question_text_batch_k_detail_qa_added,题图清晰 与微指令结构设计目标和控制存储器容量边界主题一致 当前无独立解析图 折叠解析文字可用,追加详情卡QA记录和证据拼图 不改正式关系网,后续可补同题原始解析图 Tutor范围CO05-04/CO05-15/CO05-16
2026-07-04,CO_UNK_041,question-01.png; co-question-text-batch-k-direct-review contact sheet,question_text_batch_k_visual_caveat,题图主体清晰但存在蓝色高亮和右侧蓝色边框残留 折叠解析文字与微指令格式 直接编码和字段编码边界主题一致 当前无独立解析图,追加详情卡QA记录和证据拼图 不改正式关系网,后续如有原始干净题图可替换 Tutor范围CO05-16/CO05-15/CO05-04
2026-07-04,CO_UNK_042,question-01.png; co-question-text-batch-k-direct-review contact sheet,question_text_batch_k_visual_caveat,题图主体清晰但右侧有轻微背景文字残影 折叠解析文字与微程序控制器 控制存储器和硬布线对比主题一致 当前无独立解析图,追加详情卡QA记录和证据拼图 不改正式关系网,后续可补同题原始解析图 Tutor范围CO05-15/CO05-16/CO05-14
2026-07-04,CO_UNK_043,question-01.png; co-question-text-batch-l-direct-review contact sheet,question_text_batch_l_detail_qa_added,题图清晰 与垂直型微指令 微操作码和水平垂直格式对比主题一致 当前无独立解析图 折叠解析文字可用,追加详情卡QA记录和证据拼图 不改正式关系网,后续可补同题原始解析图 Tutor范围CO05-04/CO05-16/CO05-15
2026-07-04,CO_UNK_045,question-01.png; co-question-text-batch-l-direct-review contact sheet,question_text_batch_l_detail_qa_added,题图清晰 与取机器指令操作 控制器固有功能和操作码控制边界主题一致 当前无独立解析图 折叠解析文字可用,追加详情卡QA记录和证据拼图 不改正式关系网,后续可补同题原始解析图 Tutor范围CO05-15/CO05-07/CO05-05
2026-07-04,CO_UNK_046,question-01.png; co-question-text-batch-l-direct-review contact sheet,question_text_batch_l_visual_caveat,题图清晰并含微程序控制器结构示意图 轻微水印背景不遮挡主体 折叠解析文字与微程序入口地址形成和操作码微地址边界主题一致 当前无独立解析图,追加详情卡QA记录和证据拼图 不改正式关系网,后续可补同题原始解析图 Tutor范围CO05-15/CO05-04/CO04-03
2026-07-04,CO_UNK_047,question-01.png; co-question-text-batch-l-direct-review contact sheet,question_text_batch_l_detail_qa_added,题图清晰 与微程序控制器相对硬布线控制器速度较慢原因和控制存储器访问开销主题一致 当前无独立解析图 折叠解析文字可用,追加详情卡QA记录和证据拼图 不改正式关系网,后续可补同题原始解析图 Tutor范围CO05-15/CO05-14/CO05-16
2026-07-04,CO_UNK_048,question-01.png; co-question-text-batch-l-direct-review contact sheet,question_text_batch_l_detail_qa_added,题图清晰 与微命令相容互斥 总线冲突和硬件资源冲突边界主题一致 当前无独立解析图 折叠解析文字可用,追加详情卡QA记录和证据拼图 不改正式关系网,后续可补同题原始解析图 Tutor范围CO05-15/CO05-16/CO05-11
2026-07-04,CO_UNK_049,question-01.png; folded solution text,question_text_batch_m_pass,题图清晰；折叠解析与微程序控制器概念边界一致；无独立解析图,未修改；追加 QA 记录,Tutor 检测范围：CO05-15 微程序控制器 / CO05-14 硬布线控制器 / CO05-05 寄存器 / CO05-06 指令周期
2026-07-04,CO_UNK_051,question-01.png; folded solution text,question_text_batch_m_p1_formal_mapping_mismatch,题图与折叠解析主体一致且指向控制部件组成归属；详情页头部和正式安全卡当前归到硬布线控制器；疑似正式知识点和关系错绑,未改正式表；登记 P1 待修；追加 QA 记录,确认后修正安全卡 / 节点总表 / 知识点命中索引 / 关系边；Tutor 检测范围：CO05-04 控制器
2026-07-04,CO_UNK_054,question-01.png; folded solution text,question_text_batch_m_partial_pass,题图清晰；同题主体解析可用；折叠解析后半追加硬布线控制器延展材料,未修改；追加 QA 记录,后续可拆分或收敛延展材料；Tutor 检测范围：CO05-11 数据通路 / CO05-04 控制器
2026-07-04,CO_UNK_057,question-01.png; folded solution text,question_text_batch_m_pass,题图清晰；折叠解析与总线性能指标和单位换算链条一致；无独立解析图,未修改；追加 QA 记录,Tutor 检测范围：CO06-03 总线性能指标 / CO06-01 总线基本概念
2026-07-04,CO_UNK_058,question-01.png; folded solution text,question_text_batch_m_partial_pass,题图主体可读且主题匹配；底部有轻微下一行残影/裁切；折叠解析后半追加系统总线结构延展材料,未修改；追加 QA 记录,后续可替换更干净题图并拆分延展材料；Tutor 检测范围：CO06-01 总线基本概念 / CO06-05 总线定时
2026-07-04,CO_UNK_059,question-01.png; folded solution text,question_text_batch_n_pass,题图清晰且含单总线结构示意图；折叠解析与系统总线结构和共享总线并行性边界一致；无独立解析图,未修改；追加 QA 记录,Tutor 检测范围：CO06-02 总线组成 / CO06-01 总线基本概念
2026-07-04,CO_UNK_064,question-01.png; folded solution text,question_text_batch_n_pass,题图清晰；折叠解析与流水线场景下 DMA 请求响应时机一致；无独立解析图,未修改；追加 QA 记录,Tutor 检测范围：CO06-18 DMA 方式 / CO05-22 指令流水线 / CO06-11 程序中断方式
2026-07-04,DS_2017_003,question-01.png; folded solution text,question_text_batch_n_partial_pass,题图清晰；同题主体解析可用；折叠解析后半串入散列表/哈希页表/组相联 Cache 延展材料,未修改；追加 QA 记录,后续拆分或收敛延展材料；Tutor 检测范围：DS07-16 B+ 树 / DS07-13 B 树
2026-07-04,OS_2009_002,question-01.png; folded solution text,question_text_batch_n_small_pass,题图尺寸较窄但主体可读；折叠解析与分区分配内存保护和界地址检查主题一致；无独立解析图,未修改；追加 QA 记录,Tutor 检测范围：OS03-05 内存保护 / OS03-07 连续分配管理 / OS03-04 地址变换
2026-07-04,OS_2010_003,question-01.png; folded solution text,question_text_batch_n_visual_source_retained,题图清晰；题源年份标注和边框/轻微水印保留；折叠解析与二级页表页目录项数计算主题一致；无独立解析图,未修改；追加 QA 记录,Tutor 检测范围：OS03-17 页表 / OS03-14 页式管理 / OS03-19 基本地址变换机构
2026-07-04,OS_2013_001,question-01.png; folded solution text,question_text_batch_o_pass_recovered_binding_verified,题图清晰；银行家算法和安全状态边界主题一致；此前错绑图已隔离；无独立解析图,未修改；追加 QA 记录,Tutor 检测范围：OS02-48 银行家算法 / OS02-47 死锁避免 / OS02-44 死锁基本概念
2026-07-04,OS_2016_002,question-01.png; folded solution text,question_text_batch_o_pass_source_color_retained,题图清晰；管程性质与互斥同步主题一致；题源颜色标记保留；无独立解析图,未修改；追加 QA 记录,Tutor 检测范围：OS02-32 同步与互斥 / OS02-40 条件变量
2026-07-04,OS_2018_001,question-01.png; folded solution text,question_text_batch_o_pass_cleaned_trace_verified,题图可读；条件变量等待队列主题一致；此前红色痕迹已清理；无独立解析图,未修改；追加 QA 记录,Tutor 检测范围：OS02-39 V 操作 / OS02-40 条件变量 / OS02-32 同步与互斥
2026-07-04,OS_2018_003,question-01.png; folded solution text,question_text_batch_o_pass_source_color_retained,题图清晰；非抢占式优先级调度和周转时间主题一致；题源颜色标记保留；无独立解析图,未修改；追加 QA 记录,Tutor 检测范围：OS02-29 优先级调度 / OS02-24 非抢占式调度 / OS02-21 调度目标 / OS02-31 上下文切换
2026-07-04,OS_2019_002,question-01.png; folded solution text,question_text_batch_o_pass_source_color_retained,题图清晰；动态分区分配算法与外部碎片主题一致；题源红色年份标记保留；无独立解析图,未修改；追加 QA 记录,Tutor 检测范围：OS03-12 最佳适应算法 / OS03-10 动态分区分配 / OS03-13 最坏适应算法 / OS03-07 连续分配管理
2026-07-04,OS_2019_004,question-01.png; folded solution text,question_text_batch_p_extension_caveat,题图清晰；用户级线程和内核级线程辨析主题一致；折叠解析后半含多线程模型延展材料；无独立解析图,未修改；追加 QA 记录,后续可收敛或拆分延展材料；Tutor 检测范围：OS02-12 用户级线程 / OS02-13 内核级线程 / OS02-14 进程与线程比较
2026-07-04,OS_2019_005,question-01.png; folded solution text,question_text_batch_p_pass,题图清晰；LRU 页面置换和缺页/置换次数区分主题一致；无独立解析图,未修改；追加 QA 记录,Tutor 检测范围：OS03-30 最近最久未使用 LRU / OS03-27 页面置换
2026-07-04,OS_2019_006,question-01.png; folded solution text,question_text_batch_p_source_path_caveat,题图清晰；共享段表和共享段回收条件主题一致；OO3 上层路径含相邻分页路径和年份线索但题图与正式 ID 已校准；无独立解析图,未修改；追加 QA 记录,Tutor 检测范围：OS03-21 段表
2026-07-04,OS_2021_004,question-01.png; folded solution text,question_text_batch_p_pass,题图清晰；二级页表地址变换入口和页表基址寄存器主题一致；无独立解析图,未修改；追加 QA 记录,Tutor 检测范围：OS03-19 基本地址变换机构 / OS03-17 页表 / OS03-14 页式管理
2026-07-04,OS_2022_001,question-01.png; folded solution text,question_text_batch_p_visual_caveat,题图清晰；优先权抢占式调度和调度时机主题一致；题图保留红色强调文字；无独立解析图,未修改；追加 QA 记录,后续如有原始干净图可替换；Tutor 检测范围：OS02-22 调度时机 / OS02-29 优先级调度 / OS02-24 非抢占式调度
2026-07-04,OS_2023_001,question-01.png; folded solution text,question_text_batch_q_visual_caveat,题图清晰；抢占式优先级调度和平均周转时间主题一致；题图保留红色强调文字；无独立解析图,未修改；追加 QA 记录,后续如有原始干净图可替换；Tutor 检测范围：OS02-21 调度目标 / OS02-29 优先级调度 / OS02-22 调度时机
2026-07-04,OS_2024_001,question-01.png; folded solution text,question_text_batch_q_source_path_caveat,题图清晰；页面置换缺页次数下界主题一致；OO3 路径混入数据结构排序路径；无独立解析图,未修改；追加 QA 记录,后续可复核 MarginNote 路径映射；Tutor 检测范围：OS03-27 页面置换 / OS03-30 最近最久未使用 LRU
2026-07-04,OS_UNK_002,question-01.png; folded solution text,question_text_batch_q_pass,题图清晰；分时系统特征和批处理系统对比主题一致；无独立解析图,未修改；追加 QA 记录,Tutor 检测范围：OS01-06 分时系统
2026-07-04,OS_UNK_004,question-01.png; question-01-original-answer-marked.png; folded solution text,question_text_batch_q_cleaned_answer_emphasis,原题图存在答案倾向加粗提示；已保留原图备份并生成干净默认题图；操作系统结构和微内核特征主题一致；无独立解析图,生成清理版题图并追加 QA 记录,后续如找到原始干净图可替换；Tutor 检测范围：OS01-08 操作系统结构
2026-07-04,OS_UNK_009,question-01.png; folded solution text,question_text_batch_q_extension_caveat,题图清晰；内核态执行对象和操作系统运行机制主题一致；右侧轻微水印不遮挡；折叠解析后半含中断异常延展材料；无独立解析图,未修改；追加 QA 记录,后续可收敛或拆分延展材料；Tutor 检测范围：OS01-15 CPU 核心态 / OS01-16 中断与异常
2026-07-04,OS_UNK_012,question-01.png; folded solution text,question_text_batch_r_pass_source_emphasis,题图清晰；计算机系统引导和按需加载边界主题一致；题干红色强调为源图提示；无独立解析图,未修改；追加 QA 记录,Tutor 检测范围：OS01-22 操作系统引导
2026-07-04,OS_UNK_015,question-01.png; folded solution text,question_text_batch_r_small_pass,题图较小但放大后主体清晰；临界区代码段和临界资源区分主题一致；无独立解析图,未修改；追加 QA 记录,Tutor 检测范围：OS02-33 临界区 / OS02-32 同步与互斥
2026-07-04,OS_UNK_016,question-01.png; question-01-original-marked.png; folded solution text,question_text_batch_r_cleaned_red_mark,原题图有红色作答痕迹；已保留原图备份并生成较干净默认题图；临界资源和互斥访问主题一致；无独立解析图,生成清理版题图并追加 QA 记录,后续如找到原始干净图可替换；Tutor 检测范围：OS02-32 同步与互斥 / OS02-33 临界区
2026-07-04,OS_UNK_017,question-01.png; question-01-original-marked.png; folded solution text,question_text_batch_r_cleaned_red_mark_and_crop,原题图有红色作答痕迹且上下带相邻题残留；已保留原图备份并生成裁切清理后的默认题图；并发异步性和同步机制主题一致；无独立解析图,生成清理裁切版题图并追加 QA 记录,后续如找到原始干净图可替换；Tutor 检测范围：OS02-32 同步与互斥
2026-07-04,OS_UNK_018,question-01.png; question-01-original-marked.png; folded solution text,question_text_batch_r_cleaned_red_mark,原题图有红色作答痕迹；已保留原图备份并生成较干净默认题图；互斥锁加锁顺序和循环等待主题一致；无独立解析图,生成清理版题图并追加 QA 记录,后续如找到原始干净图可替换；Tutor 检测范围：OS02-36 锁 / OS02-44 死锁基本概念
2026-07-04,OS_UNK_019,question-01.png; folded solution text,question_text_batch_s_pass_watermark,题图清晰；管程 signal 和信号量 V 操作差异主题一致；浅色水印不遮挡；无独立解析图,未修改；追加 QA 记录,Tutor 检测范围：OS02-40 条件变量 / OS02-37 信号量 / OS02-32 同步与互斥
2026-07-04,OS_UNK_022,question-01.png; folded solution text,question_text_batch_s_pass_edge_artifact,题图清晰；信号量控制临界区和死锁饥饿区分主题一致；左侧边缘灰色残留不遮挡；无独立解析图,未修改；追加 QA 记录,Tutor 检测范围：OS02-33 临界区 / OS02-37 信号量 / OS02-44 死锁基本概念
2026-07-04,OS_UNK_023,question-01.png; folded solution text,question_text_batch_s_pass_watermark,题图清晰；多类资源申请顺序和死锁条件判断主题一致；浅色水印不遮挡；无独立解析图,未修改；追加 QA 记录,Tutor 检测范围：OS02-44 死锁基本概念 / OS02-36 锁
2026-07-04,OS_UNK_025,question-01.png; question-01-original-marked.png; folded solution text,question_text_batch_s_cleaned_red_mark,原题图有红色作答痕迹；已保留原图备份并生成较干净默认题图；P/V 操作和信号量原语主题一致；无独立解析图,生成清理版题图并追加 QA 记录,后续如找到原始干净图可替换；Tutor 检测范围：OS02-37 信号量 / OS02-32 同步与互斥
2026-07-04,OS_UNK_027,question-01.png; folded solution text,question_text_batch_s_small_pass,题图较小但放大后主体清晰；中级调度目的和挂起恢复进程主题一致；无独立解析图,未修改；追加 QA 记录,Tutor 检测范围：OS02-20 CPU 调度基本概念 / OS02-21 调度目标
2026-07-04,CO_UNK_037,question-01.png; folded solution text,solution_text_extension_labeled,直接查看题图清晰且主题与间址周期边界一致；折叠解析主体可用；后半数据通路材料已标记为相邻延展材料,更新详情卡解析区标记；不改正式关系网；不改复盘输出,Tutor范围CO05-08/CO04-11/CO04-13/CO05-11
2026-07-04,CO_UNK_039,question-01.png; folded solution text,solution_text_extension_labeled,直接查看题图清晰且主题与控制冒险边界一致；折叠解析主体可用；后半流水线分类和多发射材料已标记为相邻延展材料,更新详情卡解析区标记；不改正式关系网；不改复盘输出,Tutor范围CO05-22/CO05-26/CO05-29
2026-07-04,CO_UNK_054,question-01.png; folded solution text,solution_text_extension_labeled,直接查看题图清晰且主题与CPU内部总线和专用数据通路对比一致；后半硬布线控制器材料已标记为相邻延展材料,更新详情卡解析区标记；不改正式关系网；不改复盘输出,Tutor范围CO05-11/CO05-04/CO05-14
2026-07-04,CO_UNK_058,question-01.png; folded solution text,solution_text_extension_labeled,直接查看题图主体可读且主题与计算机内部数据传输方式一致；后半系统总线结构材料已标记为相邻延展材料,更新详情卡解析区标记；不改正式关系网；不改复盘输出,Tutor范围CO06-01/CO06-05
2026-07-04,DS_2017_003,question-01.png; folded solution text,solution_text_extension_labeled,直接查看题图清晰且主题与B+树应用场景一致；后半散列表哈希页表和Cache映射材料已标记为相邻延展材料,更新详情卡解析区标记；不改正式关系网；不改复盘输出,Tutor范围DS07-16/DS07-13
2026-07-04,OS_2019_004,question-01.png; folded solution text,solution_text_extension_labeled,直接查看题图清晰且主题与用户级线程和内核级线程辨析一致；后半多线程模型材料已标记为相邻延展材料,更新详情卡解析区标记；不改正式关系网；不改复盘输出,Tutor范围OS02-12/OS02-13/OS02-14
2026-07-04,OS_UNK_009,question-01.png; folded solution text,solution_text_extension_labeled,直接查看题图清晰且主题与内核态执行对象一致；后半中断异常材料已标记为相邻延展材料,更新详情卡解析区标记；不改正式关系网；不改复盘输出,Tutor范围OS01-15/OS01-16
2026-07-04,CO_2024_001,question-01.png; folded solution text,solution_text_extension_labeled,题图清晰且前段为本道直接解析文字；后段DMA计算与中断DMA对比已标记为相邻延展材料,只更新详情卡解析区标签；不改正式关系网,Tutor范围CO06-18/CO06-19/CO06-20/CO06-06
2026-07-04,CO_2024_002,question-01.png; folded solution text,solution_text_extension_labeled,题图清晰且前段为本道直接解析文字；后段IO速率与中断耗时计算已标记为相邻延展材料,只更新详情卡解析区标签；不改正式关系网,Tutor范围CO06-11/CO05-20/CO05-21
2026-07-04,CO_UNK_051,question-01.png; folded solution text; formal safe card and indexes,formal_mapping_corrected,直接看图确认主题为控制部件组成归属；已从硬布线控制器设计链路校正到CO05-04控制器并标记微程序后段为相邻延展材料,更新安全卡/节点表/知识点索引/关系边/coverage；不写入题图完整题面答案或选项字母,Tutor范围CO05-04/CO05-05/CO05-02
2026-07-04,CO_2023_004,question-01.png; folded solution text,question_text_batch_t_pass,题图清晰；折叠解析与中断源和异常分类边界一致；此前无关导入段落已剔除,追加 QA 记录；不改正式关系网,Tutor范围CO05-18/CO05-19/CO06-11
2026-07-04,CO_UNK_007,question-01.png; folded solution text,question_text_batch_t_pass,题图清晰；折叠解析与机器级代码中立即数字段/小端/补码位宽/标志位链条一致,追加 QA 记录；不改正式关系网,Tutor范围CO04-22/CO04-19/CO02-07/CO02-14
2026-07-04,OS_UNK_028,question-01.png; folded solution text; formal safe card and indexes,formal_mapping_corrected,直接看图确认主题为处理机调度时机与临界区可调度边界；已从上下文切换主知识点校正到OS02-22调度时机,更新安全卡/节点表/知识点索引/关系边/coverage；不写入完整题面答案或选项字母,Tutor范围OS02-22/OS02-31
2026-07-04,OS_UNK_029,question-01.png; question-01-original-marked.png; folded solution text,question_text_batch_t_cleaned_red_mark_and_error_tagged,原题图左侧红色标记已保留备份并生成清理版默认题图；主题为死锁预防静态策略与必要条件破坏边界；错因从暂无明确错因校正为E01/E07,更新安全卡/节点表/知识点索引/coverage；不写入完整题面答案或选项字母,Tutor范围OS02-46/OS02-45/OS02-47
2026-07-04,OS_UNK_030,question-01.png; question-01-original-marked.png; folded solution text,question_text_batch_t_cleaned_red_mark_and_error_tagged,原题图左侧红色标记已保留备份并生成清理版默认题图；主题为一次性资源申请策略与死锁必要条件对应关系；错因从暂无明确错因校正为E01/E07,更新安全卡/节点表/知识点索引/coverage；不写入完整题面答案或选项字母,Tutor范围OS02-46/OS02-45
2026-07-04,OS_UNK_031,question-01.png; question-01-original-marked.png; folded solution text,question_text_batch_u_cleaned_and_formal_mapping_corrected,原题图左侧红色作答痕迹已保留备份并生成清理版默认题图；主题从死锁检测收敛为死锁解除策略对象边界,更新安全卡/节点表/知识点索引/关系边/coverage；新增OS02-50 wiki概念页；不写入完整题面答案或选项字母,Tutor范围OS02-50/OS02-49/OS02-47
2026-07-04,OS_UNK_035,question-01.png; question-01-original-marked.png; folded solution text,question_text_batch_u_cleaned_and_formal_mapping_corrected,原题图红色作答点已保留备份并生成清理版默认题图；主题从线程基本概念收敛为用户级线程切换触发机制,更新安全卡/节点表/知识点索引/关系边/coverage；不写入完整题面答案或选项字母,Tutor范围OS02-12/OS02-11/OS02-13
2026-07-04,OS_UNK_038,question-01.png; question-01-original-with-next-residue.png; folded solution text,question_text_batch_u_cropped_and_error_tagged,题图下方相邻题残边已保留备份并裁除；主题为调度算法设计指标；错因从历史宽标签收敛为调度评价指标与同步互斥属性边界混淆,更新安全卡/节点表/知识点索引/coverage；不写入完整题面答案或选项字母,Tutor范围OS02-21/OS02-32
2026-07-04,OS_UNK_043,question-01.png; question-01-original-marked.png; folded solution text,question_text_batch_u_cleaned_and_error_tagged,原题图疑似作答痕迹已保留备份并生成清理版默认题图；主题为进程映像组成与PCB边界；补入OS02-03 PCB命中知识点,更新安全卡/节点表/知识点索引/coverage；不写入完整题面答案或选项字母,Tutor范围OS02-01/OS02-03
2026-07-04,OS_UNK_045,question-01.png; folded solution text,question_text_batch_u_text_rendered_pass,当前题图为MarginNote文字卡渲染替代图；题图和折叠解析与进程创建原语职责边界一致；日期索引旧路径已修正为OS02-07,只更新详情卡QA/日期索引/工作清单；不写入完整题面答案或选项字母,Tutor范围OS02-07/OS02-06/OS02-03
